timestamp,market,asset,price,change_24h,volume_24h,best_bid,best_ask,mid,spread_pct,bid_volume,ask_volume,pressure,hunter_score
2026-08-14T23:44:46.498218,UNI_IRT,UNI,600321.0,-0.0835,24056184799941.0,600002.0,601393.0,600697.5,0.23156414002055942,17443.6852,18450.4393,48.59760599537677,61.67
2026-08-14T23:44:46.498218,INJ_IRT,INJ,806945.0,-0.0621,17834977936104.0,802467.0,807249.0,804858.0,0.5941420722661638,2509.8332,2454.1285,50.56109115426898,61.242
2026-08-14T23:44:46.498218,CRV_IRT,CRV,45153.0,-0.0483,7876642198488.0,44895.0,45364.0,45129.5,1.0392315447766982,44214.3992,44313.4398,49.9440624547494,60.966
2026-08-14T23:44:46.498218,SHIB_IRT,SHIB,0.8585,0.0326,20412819032340.0,0.858,0.859,0.8585,0.1164822364589401,41121268578.7023,18881843888.2637,68.53189257697444,60.652
2026-08-14T23:44:46.498218,BONK_IRT,BONK,0.4412,0.0318,6882837739134.0,0.4077,0.4403,0.42400000000000004,7.688679245283023,193838463.7966,1572036104.7829,10.976910095745191,60.636
2026-08-14T23:44:46.498218,POL_IRT,POL,13981.0,0.0269,56083556102301.0,13948.0,13988.0,13968.0,0.286368843069874,128185.891,231184.5469,35.66957030440817,60.538
2026-08-14T23:44:46.498218,ATOM_IRT,ATOM,277262.0,-0.0227,17547712835541.0,275948.0,278303.0,277125.5,0.8497954897690757,7622.7318,7451.210599999999,50.56893278297255,60.454
2026-08-14T23:44:46.498218,LUNC_IRT,LUNC,8.917,-0.0224,6359317176471.0,20.0,5.0,12.5,-120.0,27221977.873,4780048.4013,85.0632945541366,60.448
2026-08-14T23:44:46.498218,S_IRT,S,4119.0,-0.0223,10485115841298.0,4116.0,4123.0,4119.5,0.16992353440951571,2660481.96,2491499.93,51.63997111798852,60.446
2026-08-14T23:44:46.498218,GMT_IRT,GMT,1177.0,-0.0223,11891937879297.0,1172.0,1178.0,1175.0,0.5106382978723404,693832.4006,656269.3157,51.39112055212192,60.446
2026-08-14T23:44:46.498218,SAND_IRT,SAND,7408.0,0.0218,9781154243406.0,7391.0,7423.0,7407.0,0.4320237613068718,101785.1562,131726.1769,43.58895769586098,60.436
2026-08-14T23:44:46.498218,LTC_IRT,LTC,8185773.0,-0.0201,73580932842186.0,8173264.0,8198425.0,8185844.5,0.3073720738281798,1931.233,1899.019,50.42052063415149,60.402
2026-08-14T23:44:46.498218,AXS_IRT,AXS,165891.0,0.0175,6100334553348.0,165233.0,166105.0,165669.0,0.5263507355027193,1394.9817,1508.6976,48.041865367156774,60.35
2026-08-14T23:44:46.498218,IMX_IRT,IMX,20260.0,-0.017,7660100905905.0,20086.0,20231.0,20158.5,0.7192995510578665,9867.0137,15297.1769,39.210534750917034,60.34
2026-08-14T23:44:46.498218,LINK_IRT,LINK,1685130.0,0.0166,49273000473900.0,1680039.0,1685100.0,1682569.5,0.3007899525101341,8842.6354,8911.1344,49.80708604208667,60.332
2026-08-14T23:44:46.498218,ALGO_IRT,ALGO,14879.0,0.0154,7249082196741.0,14833.0,14898.0,14865.5,0.4372540445999125,723454.8717,703374.7883,50.70366084904626,60.308
2026-08-14T23:45:01.456644,UNI_IRT,UNI,600321.0,-0.0835,24056184799941.0,600003.0,601821.0,600912.0,0.3025401389887371,17438.1647,18453.78,48.58517655077074,61.67
2026-08-14T23:45:01.456644,INJ_IRT,INJ,806945.0,-0.0621,17834977936104.0,802467.0,806802.0,804634.5,0.5387539311327069,2508.6693,2460.8223,50.481407393867016,61.242
2026-08-14T23:45:01.456644,CRV_IRT,CRV,45153.0,-0.0483,7876642198488.0,44895.0,45210.0,45052.5,0.6991842850008324,44214.3992,42403.9579,51.04506790512655,60.966
2026-08-14T23:45:01.456644,SHIB_IRT,SHIB,0.8585,0.0326,20412819032340.0,0.858,0.86,0.859,0.23282887077997694,41111839292.9562,18822984560.9005,68.59424396274541,60.652
2026-08-14T23:45:01.456644,BONK_IRT,BONK,0.4412,0.0318,6882837739134.0,0.4077,0.4403,0.42400000000000004,7.688679245283023,195106553.0966,1572036104.7829,11.040792446871267,60.636
2026-08-14T23:45:01.456644,POL_IRT,POL,13981.0,0.0269,56083556102301.0,13948.0,14024.0,13986.0,0.5434005434005433,131066.8328,230802.7093,36.219360170351294,60.538
2026-08-14T23:45:01.456644,ATOM_IRT,ATOM,277262.0,-0.0227,17547712835541.0,275981.0,278299.0,277140.0,0.8364003752616006,7869.1245,8098.9202,49.280451350439925,60.454
2026-08-14T23:45:01.456644,LUNC_IRT,LUNC,8.917,-0.0224,6359317176471.0,20.0,5.0,12.5,-120.0,27221977.873,4780048.4013,85.0632945541366,60.448
2026-08-14T23:45:01.456644,S_IRT,S,4119.0,-0.0223,10485115841298.0,4104.0,4122.0,4113.0,0.437636761487965,2691586.15,2491704.25,51.92813719254471,60.446
2026-08-14T23:45:01.456644,GMT_IRT,GMT,1177.0,-0.0223,11891937879297.0,1171.0,1178.0,1174.5,0.5959982971477225,687259.7654,656279.5024,51.152934779894046,60.446
2026-08-14T23:45:01.456644,SAND_IRT,SAND,7408.0,0.0218,9781154243406.0,7385.0,7423.0,7404.0,0.5132360886007563,101166.254,131727.6587,43.438771253036705,60.436
2026-08-14T23:45:01.456644,LTC_IRT,LTC,8185773.0,-0.0201,73580932842186.0,8173269.0,8197973.0,8185621.0,0.30179750565045704,1924.714,1904.464,50.26441706287878,60.402
2026-08-14T23:45:01.456644,AXS_IRT,AXS,165891.0,0.0175,6100334553348.0,165234.0,167233.0,166233.5,1.2025253634195274,1190.5154,1481.3655,44.55720312982513,60.35
2026-08-14T23:45:01.456644,IMX_IRT,IMX,20260.0,-0.017,7660100905905.0,20086.0,20231.0,20158.5,0.7192995510578665,9867.0137,15297.1769,39.210534750917034,60.34
2026-08-14T23:45:01.456644,LINK_IRT,LINK,1685130.0,0.0166,49273000473900.0,1680045.0,1685100.0,1682572.5,0.300432819388169,8842.6354,8901.6517,49.83370337825519,60.332
2026-08-14T23:45:01.456644,ALGO_IRT,ALGO,14879.0,0.0154,7249082196741.0,14811.0,14950.0,14880.5,0.9341083968952656,713456.1227,702672.6115,50.380739086058156,60.308
2026-08-14T23:45:17.720125,UNI_IRT,UNI,600357.0,-0.0835,24056184799941.0,600229.0,603634.0,601931.5,0.5656789850672377,17683.8376,18458.4295,48.928412683885014,61.67
2026-08-14T23:45:17.720125,INJ_IRT,INJ,806945.0,-0.0621,17834977936104.0,802467.0,806663.0,804565.0,0.5215240533704548,2501.2591,2377.2248,51.27123818118986,61.242
2026-08-14T23:45:17.720125,CRV_IRT,CRV,45116.0,-0.0483,7876642198488.0,44895.0,45204.0,45049.5,0.6859121632870508,44214.3992,40688.647,52.07634022440999,60.966
2026-08-14T23:45:17.720125,BONK_IRT,BONK,0.4413,0.032,6882837739134.0,0.4077,0.4403,0.42400000000000004,7.688679245283023,327090855.2966,1572070128.6655,17.222913594939744,60.64
2026-08-14T23:45:17.720125,SHIB_IRT,SHIB,0.8586,0.0315,20412819032340.0,0.8564,0.86,0.8582000000000001,0.4194826380796943,41002161447.1857,18904013794.4233,68.44396471952837,60.63
2026-08-14T23:45:17.720125,POL_IRT,POL,13956.0,0.0269,56083556102301.0,13944.0,13988.0,13966.0,0.31505083774881854,130987.6191,230882.2908,36.197433253347164,60.538
2026-08-14T23:45:17.720125,ATOM_IRT,ATOM,277521.0,-0.0227,17547712835541.0,275981.0,278298.0,277139.5,0.8360410551364926,7869.1245,7958.2197,49.718540271588964,60.454
2026-08-14T23:45:17.720125,LUNC_IRT,LUNC,8.917,-0.0224,6359317176471.0,20.0,5.0,12.5,-120.0,27221977.873,4780048.4013,85.0632945541366,60.448
2026-08-14T23:45:17.720125,S_IRT,S,4120.0,-0.0223,10485115841298.0,4101.0,4122.0,4111.5,0.5107624954396206,2670481.6,2491991.0,51.72873169341374,60.446
2026-08-14T23:45:17.720125,GMT_IRT,GMT,1177.0,-0.0223,11891937879297.0,1172.0,1178.0,1175.0,0.5106382978723404,706339.9773,657390.7078,51.79468241181399,60.446
2026-08-14T23:45:17.720125,SAND_IRT,SAND,7406.0,0.0218,9781154243406.0,7395.0,7423.0,7409.0,0.3779187474692941,119788.4436,132038.7188,47.56772163033355,60.436
2026-08-14T23:45:17.720125,LTC_IRT,LTC,8188915.0,-0.0201,73580932842186.0,8173832.0,8197968.0,8185900.0,0.29484845893548667,1946.779,1886.83,50.78188725036904,60.402
2026-08-14T23:45:17.720125,AAVE_IRT,AAVE,16146129.0,-0.0185,14268233011872.0,16063545.0,16149459.0,16106502.0,0.5334119102956061,50.5612,86.6835,36.84018399253305,60.37
2026-08-14T23:45:17.720125,AXS_IRT,AXS,165891.0,0.0175,6100334553348.0,165413.0,167233.0,166323.0,1.0942563566073242,1394.6524,1481.3655,48.49247982775072,60.35
2026-08-14T23:45:17.720125,IMX_IRT,IMX,20265.0,-0.017,7660100905905.0,20086.0,20231.0,20158.5,0.7192995510578665,9867.0137,15297.1769,39.210534750917034,60.34
2026-08-14T23:45:17.720125,LINK_IRT,LINK,1683834.0,0.0166,49273000473900.0,1680050.0,1685100.0,1682575.0,0.30013520942602856,8842.6354,8907.368,49.81765468281543,60.332
2026-08-14T23:45:33.880424,UNI_IRT,UNI,600357.0,-0.0835,24056184799941.0,600230.0,602169.0,601199.5,0.3225218916516065,17419.3635,18454.135,48.55774939263311,61.67
2026-08-14T23:45:33.880424,INJ_IRT,INJ,806945.0,-0.0621,17834977936104.0,802467.0,806663.0,804565.0,0.5215240533704548,2501.2591,2377.2918,51.27053404321353,61.242
2026-08-14T23:45:33.880424,CRV_IRT,CRV,45116.0,-0.0483,7876642198488.0,44895.0,45201.0,45048.0,0.6792754395311668,44214.3992,40635.7387,52.10881242421645,60.966
2026-08-14T23:45:33.880424,BONK_IRT,BONK,0.4413,0.032,6882837739134.0,0.4077,0.4403,0.42400000000000004,7.688679245283023,198984404.3966,1572070128.6655,11.235362925418336,60.64
2026-08-14T23:45:33.880424,SHIB_IRT,SHIB,0.8586,0.0315,20412819032340.0,0.858,0.8599,0.85895,0.22120030269515253,41138869786.6411,18925503147.6311,68.49129987864674,60.63
2026-08-14T23:45:33.880424,POL_IRT,POL,13956.0,0.0269,56083556102301.0,13948.0,13988.0,13968.0,0.286368843069874,141776.4435,230316.8888,38.10238754444889,60.538
2026-08-14T23:45:33.880424,ATOM_IRT,ATOM,277521.0,-0.0227,17547712835541.0,275981.0,278292.0,277136.5,0.8338851071583858,7869.1245,8079.1622,49.34150387451963,60.454
2026-08-14T23:45:33.880424,LUNC_IRT,LUNC,8.917,-0.0224,6359317176471.0,20.0,5.0,12.5,-120.0,27221977.873,4780048.4013,85.0632945541366,60.448
2026-08-14T23:45:33.880424,S_IRT,S,4120.0,-0.0223,10485115841298.0,4112.0,4123.0,4117.5,0.26715239829993925,2669419.95,2491499.93,51.723723911017196,60.446
2026-08-14T23:45:33.880424,GMT_IRT,GMT,1177.0,-0.0223,11891937879297.0,1172.0,1178.0,1175.0,0.5106382978723404,693734.5619,656310.0627,51.3860467468284,60.446
2026-08-14T23:45:33.880424,SAND_IRT,SAND,7406.0,0.0218,9781154243406.0,7395.0,7423.0,7409.0,0.3779187474692941,120094.2856,131891.33920000002,47.65918123119855,60.436
2026-08-14T23:45:33.880424,LTC_IRT,LTC,8188915.0,-0.0201,73580932842186.0,8173836.0,8197958.0,8185897.0,0.29467754114179545,1930.028,1897.9,50.419652616245656,60.402
2026-08-14T23:45:33.880424,AAVE_IRT,AAVE,16146129.0,-0.0185,14268233011872.0,16063545.0,16149455.0,16106500.0,0.5333871418371464,50.5612,90.4557,35.854709612819455,60.37
2026-08-14T23:45:33.880424,AXS_IRT,AXS,165891.0,0.0175,6100334553348.0,165413.0,166282.0,165847.5,0.5239753387901536,1394.6524,1510.0456,48.013679907515346,60.35
2026-08-14T23:45:33.880424,IMX_IRT,IMX,20265.0,-0.017,7660100905905.0,20086.0,20231.0,20158.5,0.7192995510578665,9867.0137,15297.1769,39.210534750917034,60.34
2026-08-14T23:45:33.880424,LINK_IRT,LINK,1683834.0,0.0166,49273000473900.0,1680052.0,1685099.0,1682575.5,0.29995682214557384,8974.7963,8885.6174,50.24965519135765,60.332
2026-08-14T23:45:50.020449,UNI_IRT,UNI,600357.0,-0.0835,24056184799941.0,600002.0,603634.0,601818.0,0.6035047140497626,17435.573,18458.4295,48.57517074057149,61.67
2026-08-14T23:45:50.020449,INJ_IRT,INJ,806945.0,-0.0621,17834977936104.0,802467.0,806663.0,804565.0,0.5215240533704548,2419.9425,2419.4965,50.004607972122386,61.242
2026-08-14T23:45:50.020449,CRV_IRT,CRV,45116.0,-0.0483,7876642198488.0,44895.0,45208.0,45051.5,0.6947604408288293,44214.3992,41437.6725,51.62093376429095,60.966
2026-08-14T23:45:50.020449,BONK_IRT,BONK,0.4413,0.032,6882837739134.0,0.4076,0.4403,0.42395000000000005,7.71317372331643,66975574.3966,1571697537.8929,4.08718333719554,60.64
2026-08-14T23:45:50.020449,SHIB_IRT,SHIB,0.8586,0.0315,20412819032340.0,0.8565,0.8597,0.8581000000000001,0.37291690945111067,41022582033.2182,18896206536.5628,68.46363722030793,60.63
2026-08-14T23:45:50.020449,POL_IRT,POL,13956.0,0.0269,56083556102301.0,13944.0,13984.0,13964.0,0.2864508736751647,130634.8187,230321.0826,36.1913514170325,60.538
2026-08-14T23:45:50.020449,ATOM_IRT,ATOM,277521.0,-0.0227,17547712835541.0,275981.0,279380.0,277680.5,1.2240686688478304,7869.1245,8078.7594,49.34275010617553,60.454
2026-08-14T23:45:50.020449,LUNC_IRT,LUNC,8.917,-0.0224,6359317176471.0,20.0,5.0,12.5,-120.0,27221977.873,4780048.4013,85.0632945541366,60.448
2026-08-14T23:45:50.020449,S_IRT,S,4120.0,-0.0223,10485115841298.0,4105.0,4122.0,4113.5,0.41327336817795063,2661610.08,2490056.6,51.665028918369394,60.446
2026-08-14T23:45:50.020449,GMT_IRT,GMT,1177.0,-0.0223,11891937879297.0,1172.0,1178.0,1175.0,0.5106382978723404,686311.1325,656332.134,51.11641711718963,60.446
2026-08-14T23:45:50.020449,SAND_IRT,SAND,7406.0,0.0218,9781154243406.0,7395.0,7423.0,7409.0,0.3779187474692941,119819.2584,131735.0681,47.63156335536133,60.436
2026-08-14T23:45:50.020449,LTC_IRT,LTC,8188915.0,-0.0201,73580932842186.0,8170979.0,8200112.0,8185545.5,0.3559078622188344,1937.234,1890.439,50.61127217502644,60.402
2026-08-14T23:45:50.020449,AAVE_IRT,AAVE,16146129.0,-0.0185,14268233011872.0,16057204.0,16149457.0,16103330.5,0.5728814918131377,50.5721,87.52029999999999,36.62192850584102,60.37
2026-08-14T23:45:50.020449,AXS_IRT,AXS,165891.0,0.0175,6100334553348.0,165413.0,166282.0,165847.5,0.5239753387901536,1190.4424,1510.0456,44.082491757045396,60.35
2026-08-14T23:45:50.020449,IMX_IRT,IMX,20265.0,-0.017,7660100905905.0,20086.0,20231.0,20158.5,0.7192995510578665,9867.0137,15297.1769,39.210534750917034,60.34
2026-08-14T23:45:50.020449,LINK_IRT,LINK,1683834.0,0.0166,49273000473900.0,1678902.0,1685096.0,1681999.0,0.36825229979328167,8974.2483,8923.9126,50.14061696137729,60.332
2026-08-14T23:46:05.273631,UNI_IRT,UNI,600357.0,-0.0835,24056184799941.0,600002.0,602169.0,601085.5,0.36051443596626437,17426.9914,18453.8445,48.56907862617548,61.67
2026-08-14T23:46:05.273631,INJ_IRT,INJ,806945.0,-0.0621,17834977936104.0,802467.0,806663.0,804565.0,0.5215240533704548,2419.9425,2461.2749,49.576617915030795,61.242
2026-08-14T23:46:05.273631,CRV_IRT,CRV,45116.0,-0.0483,7876642198488.0,44895.0,45209.0,45052.0,0.6969723874633756,44214.3992,41289.8055,51.71020460938806,60.966
2026-08-14T23:46:05.273631,BONK_IRT,BONK,0.4413,0.032,6882837739134.0,0.4076,0.4403,0.42395000000000005,7.71317372331643,66975574.3966,1571697537.8929,4.08718333719554,60.64
2026-08-14T23:46:05.273631,SHIB_IRT,SHIB,0.8586,0.0315,20412819032340.0,0.8564,0.8624,0.8594,0.6981615080288579,41002161447.1857,18886441905.0969,68.46404683375027,60.63
2026-08-14T23:46:05.273631,POL_IRT,POL,13956.0,0.0269,56083556102301.0,13944.0,13986.0,13965.0,0.30075187969924816,128918.10829999999,231637.655,35.75538693933838,60.538
2026-08-14T23:46:05.273631,ATOM_IRT,ATOM,277521.0,-0.0227,17547712835541.0,275981.0,278285.0,277133.0,0.8313697755229438,7869.1245,8098.5344,49.281642032070216,60.454
2026-08-14T23:46:05.273631,LUNC_IRT,LUNC,8.917,-0.0224,6359317176471.0,20.0,5.0,12.5,-120.0,27221977.873,4780048.4013,85.0632945541366,60.448
2026-08-14T23:46:05.273631,S_IRT,S,4120.0,-0.0223,10485115841298.0,4107.0,4121.0,4114.0,0.3403014098201264,2669562.12,2491725.93,51.72278884919046,60.446
2026-08-14T23:46:05.273631,GMT_IRT,GMT,1177.0,-0.0223,11891937879297.0,1172.0,1178.0,1175.0,0.5106382978723404,686270.3658,657498.5176,51.07056535373856,60.446
2026-08-14T23:46:05.273631,SAND_IRT,SAND,7406.0,0.0218,9781154243406.0,7395.0,7426.0,7410.5,0.4183253491667229,97931.039,131839.6423,42.621207564831295,60.436
2026-08-14T23:46:05.273631,LTC_IRT,LTC,8188915.0,-0.0201,73580932842186.0,8170984.0,8199041.0,8185012.5,0.3427850598884241,1936.856,1917.189,50.25514751384584,60.402
2026-08-14T23:46:05.273631,AAVE_IRT,AAVE,16146129.0,-0.0185,14268233011872.0,16057204.0,16149458.0,16103331.0,0.5728876839207988,58.2351,88.7314,39.62474441454346,60.37
2026-08-14T23:46:05.273631,AXS_IRT,AXS,165891.0,0.0175,6100334553348.0,165413.0,166282.0,165847.5,0.5239753387901536,1190.4424,1510.9056,44.068457673724375,60.35
2026-08-14T23:46:05.273631,IMX_IRT,IMX,20265.0,-0.017,7660100905905.0,20086.0,20231.0,20158.5,0.7192995510578665,9867.0137,15297.1769,39.210534750917034,60.34
2026-08-14T23:46:05.273631,LINK_IRT,LINK,1683834.0,0.0166,49273000473900.0,1679088.0,1685090.0,1682089.0,0.35681821829879395,9368.7896,8868.0488,51.372882703177325,60.332
2026-08-14T23:46:20.353505,UNI_IRT,UNI,601239.0,-0.0826,24056184799941.0,600002.0,603634.0,601818.0,0.6035047140497626,17655.529,18458.4295,48.88837926753447,61.652
2026-08-14T23:46:20.353505,INJ_IRT,INJ,806945.0,-0.0621,17834977936104.0,802467.0,806564.0,804515.5,0.5092505986522323,2419.9425,2524.4064,48.94360306975909,61.242
2026-08-14T23:46:20.353505,CRV_IRT,CRV,45127.0,-0.0483,7876642198488.0,44895.0,45239.0,45067.0,0.7633079636984934,44214.3992,40545.5011,52.164288824676674,60.966
2026-08-14T23:46:20.353505,BONK_IRT,BONK,0.4413,0.032,6882837739134.0,0.4077,0.4403,0.42400000000000004,7.688679245283023,343080553.5966,1571697537.8929,17.917509873414037,60.64
2026-08-14T23:46:20.353505,SHIB_IRT,SHIB,0.8586,0.0315,20412819032340.0,0.858,0.8609,0.85945,0.33742509744604265,41111608773.839096,18915172816.523098,68.48877731675674,60.63
2026-08-14T23:46:20.353505,POL_IRT,POL,13979.0,0.0269,56083556102301.0,13944.0,13987.0,13965.5,0.3079016146933515,130616.4942,230628.918,36.15727419333576,60.538
2026-08-14T23:46:20.353505,ATOM_IRT,ATOM,277896.0,-0.0227,17547712835541.0,275981.0,278277.0,277129.0,0.8284950329990727,7869.1245,8099.0752999999995,49.27997268671451,60.454
2026-08-14T23:46:20.353505,LUNC_IRT,LUNC,8.916,-0.0225,6359317176471.0,20.0,5.0,12.5,-120.0,27221977.873,4780048.4013,85.0632945541366,60.45
2026-08-14T23:46:20.353505,S_IRT,S,4119.0,-0.0223,10485115841298.0,4111.0,4122.0,4116.5,0.2672172962468116,2680689.12,2491203.98,51.83187409654697,60.446
2026-08-14T23:46:20.353505,GMT_IRT,GMT,1177.0,-0.0223,11891937879297.0,1172.0,1183.0,1177.5,0.9341825902335457,686291.6563,658667.6143,51.026947157577375,60.446
2026-08-14T23:46:20.353505,SAND_IRT,SAND,7404.0,0.0218,9781154243406.0,7395.0,7426.0,7410.5,0.4183253491667229,102519.9194,131988.8627,43.71687852452499,60.436
2026-08-14T23:46:20.353505,LTC_IRT,LTC,8186776.0,-0.0201,73580932842186.0,8170998.0,8199033.0,8185015.5,0.3425161503970273,1926.458,1898.5720000000001,50.364520016836465,60.402
2026-08-14T23:46:20.353505,AAVE_IRT,AAVE,16148384.0,-0.0185,14268233011872.0,16057204.0,16149457.0,16103330.5,0.5728814918131377,53.9849,89.4849,37.62805830913545,60.37
2026-08-14T23:46:20.353505,AXS_IRT,AXS,165891.0,0.0175,6100334553348.0,165413.0,167233.0,166323.0,1.0942563566073242,1190.4424,1481.3655,44.55568830378861,60.35
2026-08-14T23:46:20.353505,IMX_IRT,IMX,20280.0,-0.017,7660100905905.0,20086.0,20231.0,20158.5,0.7192995510578665,9867.0137,15297.1769,39.210534750917034,60.34
2026-08-14T23:46:20.353505,LINK_IRT,LINK,1685016.0,0.0166,49273000473900.0,1679090.0,1685097.0,1682093.5,0.35711451236212494,9368.7896,8944.0538,51.159666444807804,60.332
2026-08-14T23:46:35.144038,UNI_IRT,UNI,601239.0,-0.0826,24056184799941.0,600002.0,603634.0,601818.0,0.6035047140497626,17655.529,18458.4295,48.88837926753447,61.652
2026-08-14T23:46:35.144038,INJ_IRT,INJ,806945.0,-0.0621,17834977936104.0,802467.0,806396.0,804431.5,0.48841946144575393,2421.1064,2440.7193,49.7982969648624,61.242
2026-08-14T23:46:35.144038,CRV_IRT,CRV,45127.0,-0.0483,7876642198488.0,44895.0,45237.0,45066.0,0.7588869657835176,44214.3992,44267.4311,49.97003232199187,60.966
2026-08-14T23:46:35.144038,BONK_IRT,BONK,0.4413,0.032,6882837739134.0,0.4077,0.4403,0.42400000000000004,7.688679245283023,204341284.4966,1571733646.2734,11.50521754214558,60.64
2026-08-14T23:46:35.144038,SHIB_IRT,SHIB,0.8586,0.0315,20412819032340.0,0.857,0.86,0.8585,0.3494467093768203,41151854302.9437,18936314202.2777,68.48578568236404,60.63
2026-08-14T23:46:35.144038,POL_IRT,POL,13979.0,0.0269,56083556102301.0,13944.0,14042.0,13993.0,0.7003501750875438,130614.8242,230225.64059999998,36.1973883035526,60.538
2026-08-14T23:46:35.144038,ATOM_IRT,ATOM,277896.0,-0.0227,17547712835541.0,276171.0,278279.0,277225.0,0.7603931824330418,7509.1141,8179.9191,47.862185032535976,60.454
2026-08-14T23:46:35.144038,LUNC_IRT,LUNC,8.916,-0.0225,6359317176471.0,20.0,5.0,12.5,-120.0,27221977.873,4780048.4013,85.0632945541366,60.45
2026-08-14T23:46:35.144038,S_IRT,S,4119.0,-0.0223,10485115841298.0,4106.0,4121.0,4113.5,0.3646529719217212,2704098.2399999998,2491203.98,52.048911218104266,60.446
2026-08-14T23:46:35.144038,GMT_IRT,GMT,1177.0,-0.0223,11891937879297.0,1172.0,1178.0,1175.0,0.5106382978723404,685636.3104,656387.3123,51.08973484539543,60.446
2026-08-14T23:46:35.144038,SAND_IRT,SAND,7404.0,0.0218,9781154243406.0,7395.0,7428.0,7411.5,0.44525399716656544,120091.7998,131846.0607,47.66723015019014,60.436
2026-08-14T23:46:35.144038,LTC_IRT,LTC,8186776.0,-0.0201,73580932842186.0,8164778.0,8198845.0,8181811.5,0.41637478448385173,1916.504,1886.21,50.3983207782652,60.402
2026-08-14T23:46:35.144038,AAVE_IRT,AAVE,16148384.0,-0.0185,14268233011872.0,16057204.0,16149452.0,16103328.0,0.5728505312690644,53.9849,88.8021,37.80799372491894,60.37
2026-08-14T23:46:35.144038,AXS_IRT,AXS,165891.0,0.0175,6100334553348.0,165413.0,167151.0,166282.0,1.04521235010404,1394.7677,1481.4258,48.4935279910757,60.35
2026-08-14T23:46:35.144038,IMX_IRT,IMX,20280.0,-0.017,7660100905905.0,20086.0,20231.0,20158.5,0.7192995510578665,9867.0137,15297.1769,39.210534750917034,60.34
2026-08-14T23:46:35.144038,LINK_IRT,LINK,1685016.0,0.0166,49273000473900.0,1678093.0,1685086.0,1681589.5,0.415856545250788,9502.7823,9075.5651,51.14977180370737,60.332
2026-08-14T23:46:50.321647,UNI_IRT,UNI,601239.0,-0.0826,24056184799941.0,600002.0,603634.0,601818.0,0.6035047140497626,17373.9705,18458.4295,48.48676198077718,61.652
2026-08-14T23:46:50.321647,INJ_IRT,INJ,806945.0,-0.0621,17834977936104.0,802467.0,805667.0,804067.0,0.39797678551662985,2419.9425,2439.2004,49.80183850942107,61.242
2026-08-14T23:46:50.321647,CRV_IRT,CRV,45127.0,-0.0483,7876642198488.0,44895.0,45237.0,45066.0,0.7588869657835176,44214.3992,41565.6881,51.54389624875096,60.966
2026-08-14T23:46:50.321647,BONK_IRT,BONK,0.4413,0.032,6882837739134.0,0.4076,0.4403,0.42395000000000005,7.71317372331643,66975574.3966,1576226860.3652,4.075917426832977,60.64
2026-08-14T23:46:50.321647,SHIB_IRT,SHIB,0.8586,0.0315,20412819032340.0,0.858,0.8599,0.85895,0.22120030269515253,41126503142.0973,18828182800.7006,68.59597793796408,60.63
2026-08-14T23:46:50.321647,POL_IRT,POL,13979.0,0.0269,56083556102301.0,13940.0,13990.0,13965.0,0.35803795202291444,129652.2029,231072.5659,35.942140411179885,60.538
2026-08-14T23:46:50.321647,ATOM_IRT,ATOM,277896.0,-0.0227,17547712835541.0,276171.0,278880.0,277525.5,0.9761265181037417,7386.4721,8160.2868,47.51133112381385,60.454
2026-08-14T23:46:50.321647,LUNC_IRT,LUNC,8.916,-0.0225,6359317176471.0,20.0,5.0,12.5,-120.0,27221977.873,4780048.4013,85.0632945541366,60.45
2026-08-14T23:46:50.321647,S_IRT,S,4119.0,-0.0223,10485115841298.0,4108.0,4121.0,4114.5,0.315955766192733,2680009.17,2491436.68,51.82320859068843,60.446
2026-08-14T23:46:50.321647,GMT_IRT,GMT,1177.0,-0.0223,11891937879297.0,1172.0,1178.0,1175.0,0.5106382978723404,692500.3364,649266.8489,51.61106516740212,60.446
2026-08-14T23:46:50.321647,SAND_IRT,SAND,7404.0,0.0218,9781154243406.0,7395.0,7428.0,7411.5,0.44525399716656544,120632.3324,131847.67620000002,47.778963993587254,60.436
2026-08-14T23:46:50.321647,LTC_IRT,LTC,8186776.0,-0.0201,73580932842186.0,8172849.0,8198602.0,8185725.5,0.3146086440352782,1944.822,1886.846,50.75653736179648,60.402
2026-08-14T23:46:50.321647,AAVE_IRT,AAVE,16148384.0,-0.0185,14268233011872.0,16051785.0,16148210.0,16099997.5,0.5989131364771951,54.1914,92.4517,36.95461975367406,60.37
2026-08-14T23:46:50.321647,AXS_IRT,AXS,165891.0,0.0175,6100334553348.0,164234.0,167151.0,165692.5,1.7604900644265735,1457.4487,1481.4258,49.592070025446816,60.35
2026-08-14T23:46:50.321647,IMX_IRT,IMX,20280.0,-0.017,7660100905905.0,20086.0,20231.0,20158.5,0.7192995510578665,9867.0137,15297.1769,39.210534750917034,60.34
2026-08-14T23:46:50.321647,LINK_IRT,LINK,1685016.0,0.0166,49273000473900.0,1678093.0,1684800.0,1681446.5,0.3988827476818323,9470.0642,9124.2412,50.929916424842624,60.332
2026-08-14T23:47:05.162193,UNI_IRT,UNI,600664.0,-0.0826,24056184799941.0,600004.0,601844.0,600924.0,0.3061951261723612,17429.4554,18455.1043,48.57090499566586,61.652
2026-08-14T23:47:05.162193,INJ_IRT,INJ,806538.0,-0.0621,17834977936104.0,802467.0,805667.0,804067.0,0.39797678551662985,2419.9425,2418.3334,50.01662885739938,61.242
2026-08-14T23:47:05.162193,CRV_IRT,CRV,45147.0,-0.0483,7876642198488.0,44895.0,45249.0,45072.0,0.7854100106496273,44214.3992,40767.8853,52.027783743563624,60.966
2026-08-14T23:47:05.162193,SHIB_IRT,SHIB,0.8584,0.0315,20412819032340.0,0.857,0.8589,0.85795,0.2214581269304753,41132974418.108696,18890921839.9721,68.52766478412524,60.63
2026-08-14T23:47:05.162193,BONK_IRT,BONK,0.4413,0.0296,6882837739134.0,0.4077,0.4403,0.42400000000000004,7.688679245283023,211343982.4966,1575857490.6418,11.82541451946496,60.592
2026-08-14T23:47:05.162193,POL_IRT,POL,13954.0,0.0269,56083556102301.0,13940.0,13987.0,13963.5,0.33659182869624377,143236.3236,232135.155,38.15855273134222,60.538
2026-08-14T23:47:05.162193,ATOM_IRT,ATOM,277599.0,-0.0227,17547712835541.0,276201.0,278277.0,277239.0,0.7488123965242985,7508.7465,8180.1157,47.86036364064693,60.454
2026-08-14T23:47:05.162193,LUNC_IRT,LUNC,8.916,-0.0225,6359317176471.0,20.0,5.0,12.5,-120.0,27221977.873,4780048.4013,85.0632945541366,60.45
2026-08-14T23:47:05.162193,S_IRT,S,4115.0,-0.0223,10485115841298.0,4110.0,4121.0,4115.5,0.2672822257319888,2661884.71,2491442.83,51.65370703372757,60.446
2026-08-14T23:47:05.162193,GMT_IRT,GMT,1177.0,-0.0223,11891937879297.0,1172.0,1178.0,1175.0,0.5106382978723404,690488.5744,656409.7132,51.26508666295524,60.446
2026-08-14T23:47:05.162193,SAND_IRT,SAND,7401.0,0.0218,9781154243406.0,7402.0,7428.0,7415.0,0.3506405933917734,119560.7383,132006.5663,47.52634230036585,60.436
2026-08-14T23:47:05.162193,LTC_IRT,LTC,8185423.0,-0.0201,73580932842186.0,8172855.0,8198598.0,8185726.5,0.3144864417348906,1958.377,1901.532,50.736351556474524,60.402
2026-08-14T23:47:05.162193,AAVE_IRT,AAVE,16132637.0,-0.0185,14268233011872.0,16017407.0,16146371.0,16081889.0,0.8019207196368536,53.4491,89.9861,37.26358662308834,60.37
2026-08-14T23:47:05.162193,AXS_IRT,AXS,165891.0,0.0175,6100334553348.0,164234.0,167151.0,165692.5,1.7604900644265735,1457.4487,1481.4258,49.592070025446816,60.35
2026-08-14T23:47:05.162193,WLD_IRT,WLD,64636.0,0.0171,12045843990810.0,64282.0,64743.0,64512.5,0.714590195698508,33449.3431,36846.286,47.583816416830395,60.342
2026-08-14T23:47:05.162193,LINK_IRT,LINK,1682851.0,0.0166,49273000473900.0,1678092.0,1684712.0,1681402.0,0.39371905112519195,9467.5504,9139.7659,50.88079466892279,60.332
2026-08-14T23:47:20.401481,UNI_IRT,UNI,600664.0,-0.0826,24056184799941.0,600001.0,602230.0,601115.5,0.3708106012904342,17364.0015,18451.768799999998,48.48144086963837,61.652
2026-08-14T23:47:20.401481,INJ_IRT,INJ,806538.0,-0.0621,17834977936104.0,802467.0,810027.0,806247.0,0.9376779076387262,2405.2433,2463.7351,49.3993421700125,61.242
2026-08-14T23:47:20.401481,CRV_IRT,CRV,45147.0,-0.0483,7876642198488.0,44895.0,45280.0,45087.5,0.8538952037704464,44214.3992,41260.1651,51.72813639016116,60.966
2026-08-14T23:47:20.401481,SHIB_IRT,SHIB,0.8584,0.0315,20412819032340.0,0.8571,0.861,0.85905,0.4539898725336144,41042606679.3635,18886777926.6294,68.48494598968277,60.63
2026-08-14T23:47:20.401481,BONK_IRT,BONK,0.4413,0.0296,6882837739134.0,0.4077,0.4403,0.42400000000000004,7.688679245283023,360053818.1966,1575857490.6418,18.598673221896835,60.592
2026-08-14T23:47:20.401481,POL_IRT,POL,13954.0,0.0269,56083556102301.0,13940.0,13982.0,13961.0,0.3008380488503689,129635.5962,230655.14359999998,35.98082933576413,60.538
2026-08-14T23:47:20.401481,ATOM_IRT,ATOM,277599.0,-0.0227,17547712835541.0,276201.0,278269.0,277235.0,0.7459375619961405,7508.7465,8180.4468,47.85935360997816,60.454
2026-08-14T23:47:20.401481,LUNC_IRT,LUNC,8.916,-0.0225,6359317176471.0,20.0,5.0,12.5,-120.0,27221977.873,4780048.4013,85.0632945541366,60.45
2026-08-14T23:47:20.401481,S_IRT,S,4115.0,-0.0223,10485115841298.0,4110.0,4120.0,4115.0,0.24301336573511542,2677962.75,2491767.83,51.80081840938024,60.446
2026-08-14T23:47:20.401481,GMT_IRT,GMT,1177.0,-0.0223,11891937879297.0,1171.0,1178.0,1174.5,0.5959982971477225,680048.2368,656433.4823,50.88346717214742,60.446
2026-08-14T23:47:20.401481,SAND_IRT,SAND,7401.0,0.0218,9781154243406.0,7402.0,7429.0,7415.5,0.3641022183264783,97206.03,131852.4992,42.43720167919423,60.436
2026-08-14T23:47:20.401481,LTC_IRT,LTC,8185423.0,-0.0201,73580932842186.0,8173353.0,8198595.0,8185974.0,0.30835670868243653,1948.436,1904.346,50.572183943965676,60.402
2026-08-14T23:47:20.401481,AAVE_IRT,AAVE,16132637.0,-0.0185,14268233011872.0,16017407.0,16138815.0,16078111.0,0.7551135826839359,53.4491,95.1084,35.97872877505343,60.37
2026-08-14T23:47:20.401481,AXS_IRT,AXS,165891.0,0.0175,6100334553348.0,164234.0,166244.0,165239.0,1.2164198524561394,1457.4487,1513.0901,49.06344599841618,60.35
2026-08-14T23:47:20.401481,WLD_IRT,WLD,64636.0,0.0171,12045843990810.0,64282.0,64743.0,64512.5,0.714590195698508,33449.3431,36495.4207,47.82251205486235,60.342
2026-08-14T23:47:20.401481,LINK_IRT,LINK,1682851.0,0.0166,49273000473900.0,1676717.0,1684333.0,1680525.0,0.45319171092366967,9692.5588,9268.6922,51.11771791850654,60.332
2026-08-14T23:47:36.133483,UNI_IRT,UNI,600664.0,-0.0826,24056184799941.0,600001.0,602718.0,601359.5,0.45180960806306375,17716.4212,17612.3148,50.1473395481797,61.652
2026-08-14T23:47:36.133483,INJ_IRT,INJ,806538.0,-0.0621,17834977936104.0,802467.0,805667.0,804067.0,0.39797678551662985,2428.5421,2418.5581,50.10298941210252,61.242
2026-08-14T23:47:36.133483,CRV_IRT,CRV,45147.0,-0.0483,7876642198488.0,44895.0,45273.0,45084.0,0.8384349214799043,44214.3992,41728.612199999996,51.44618332515167,60.966
2026-08-14T23:47:36.133483,SHIB_IRT,SHIB,0.8584,0.0315,20412819032340.0,0.8566,0.859,0.8578,0.27978549778502654,41022210646.6739,19082315806.6907,68.25144971153418,60.63
2026-08-14T23:47:36.133483,BONK_IRT,BONK,0.4413,0.0296,6882837739134.0,0.4077,0.4403,0.42400000000000004,7.688679245283023,215714843.4966,1575874201.7364,12.040419875895472,60.592
2026-08-14T23:47:36.133483,POL_IRT,POL,13954.0,0.0269,56083556102301.0,13943.0,13988.0,13965.5,0.32222262002792595,130610.7125,231252.8907,36.09390702601615,60.538
2026-08-14T23:47:36.133483,ATOM_IRT,ATOM,277599.0,-0.0227,17547712835541.0,276201.0,278271.0,277236.0,0.7466562784054019,7508.7465,8059.6215999999995,48.23078727178862,60.454
2026-08-14T23:47:36.133483,LUNC_IRT,LUNC,8.916,-0.0225,6359317176471.0,20.0,5.0,12.5,-120.0,27221977.873,4780048.4013,85.0632945541366,60.45
2026-08-14T23:47:36.133483,S_IRT,S,4115.0,-0.0223,10485115841298.0,4110.0,4123.0,4116.5,0.31580225920077737,2693885.98,2489475.74,51.97179215962569,60.446
2026-08-14T23:47:36.133483,GMT_IRT,GMT,1177.0,-0.0223,11891937879297.0,1172.0,1178.0,1175.0,0.5106382978723404,691551.472,656445.3668,51.302158291085156,60.446
2026-08-14T23:47:36.133483,SAND_IRT,SAND,7401.0,0.0218,9781154243406.0,7402.0,7430.0,7416.0,0.37756202804746497,119868.9285,131855.9749,47.61901857184305,60.436
2026-08-14T23:47:36.133483,LTC_IRT,LTC,8185423.0,-0.0201,73580932842186.0,8173360.0,8198587.0,8185973.5,0.3081734872462023,1938.258,1901.089,50.48405366850145,60.402
2026-08-14T23:47:36.133483,AAVE_IRT,AAVE,16132637.0,-0.0185,14268233011872.0,16017407.0,16148351.0,16082879.0,0.8141825850956164,53.4491,87.2861,37.97848725834048,60.37
2026-08-14T23:47:36.133483,AXS_IRT,AXS,165891.0,0.0175,6100334553348.0,164234.0,166092.0,165163.0,1.1249492925170892,1457.4487,1513.7512,49.05252924921007,60.35
2026-08-14T23:47:36.133483,WLD_IRT,WLD,64636.0,0.0171,12045843990810.0,64282.0,64740.0,64511.0,0.7099564415371022,33449.3431,36996.4898,47.48235874715592,60.342
2026-08-14T23:47:36.133483,LINK_IRT,LINK,1682851.0,0.0166,49273000473900.0,1676717.0,1684324.0,1680520.5,0.4526573760927046,9692.5588,9348.9993,50.90213074527762,60.332
2026-08-14T23:47:50.696429,UNI_IRT,UNI,600664.0,-0.0826,24056184799941.0,600001.0,600832.0,600416.5,0.13840392460900058,17715.089,17057.1384,50.94608635856327,61.652
2026-08-14T23:47:50.696429,INJ_IRT,INJ,806538.0,-0.0621,17834977936104.0,802224.0,805667.0,803945.5,0.42826286110190304,2459.1034,2460.43,49.98651701399161,61.242
2026-08-14T23:47:50.696429,CRV_IRT,CRV,45147.0,-0.0483,7876642198488.0,44895.0,45278.0,45086.5,0.8494782251893582,44214.3992,40770.9521,52.02590625756465,60.966
2026-08-14T23:47:50.696429,SHIB_IRT,SHIB,0.8584,0.0315,20412819032340.0,0.8562,0.859,0.8575999999999999,0.32649253731343575,41044541862.2358,18920995700.8775,68.44688387732157,60.63
2026-08-14T23:47:50.696429,BONK_IRT,BONK,0.4413,0.0296,6882837739134.0,0.4077,0.4403,0.42400000000000004,7.688679245283023,218702334.2966,1575874201.7364,12.186849092547055,60.592
2026-08-14T23:47:50.696429,POL_IRT,POL,13954.0,0.0269,56083556102301.0,13944.0,13987.0,13965.5,0.3079016146933515,131983.52,231272.26369999998,36.33349444726267,60.538
2026-08-14T23:47:50.696429,ATOM_IRT,ATOM,277599.0,-0.0227,17547712835541.0,276201.0,278269.0,277235.0,0.7459375619961405,7508.7465,8180.2955999999995,47.85981484491014,60.454
2026-08-14T23:47:50.696429,LUNC_IRT,LUNC,8.916,-0.0225,6359317176471.0,20.0,5.0,12.5,-120.0,27221977.873,4780048.4013,85.0632945541366,60.45
2026-08-14T23:47:50.696429,S_IRT,S,4115.0,-0.0223,10485115841298.0,4103.0,4122.0,4112.5,0.46200607902735563,2712185.12,2491203.98,52.12343470527699,60.446
2026-08-14T23:47:50.696429,GMT_IRT,GMT,1177.0,-0.0223,11891937879297.0,1171.0,1178.0,1174.5,0.5959982971477225,687258.3819,659928.1229,51.01434578295666,60.446
2026-08-14T23:47:50.696429,SAND_IRT,SAND,7401.0,0.0218,9781154243406.0,7402.0,7430.0,7416.0,0.37756202804746497,102947.3353,131857.72460000002,43.84374652907554,60.436
2026-08-14T23:47:50.696429,LTC_IRT,LTC,8185423.0,-0.0201,73580932842186.0,8173364.0,8224094.0,8198729.0,0.618754443524112,1938.489,1886.374,50.6812662309735,60.402
2026-08-14T23:47:50.696429,AAVE_IRT,AAVE,16132637.0,-0.0185,14268233011872.0,16017407.0,16136349.0,16076878.0,0.7398326963730147,53.4491,91.5106,36.87169606449241,60.37
2026-08-14T23:47:50.696429,AXS_IRT,AXS,165891.0,0.0175,6100334553348.0,164234.0,167151.0,165692.5,1.7604900644265735,1457.4487,1481.4258,49.592070025446816,60.35
2026-08-14T23:47:50.696429,WLD_IRT,WLD,64636.0,0.0171,12045843990810.0,64282.0,64761.0,64521.5,0.7423881961826677,33449.3431,37151.9878,47.37777981462953,60.342
2026-08-14T23:47:50.696429,LINK_IRT,LINK,1682851.0,0.0166,49273000473900.0,1676722.0,1684335.0,1680528.5,0.4530122518005496,9692.5588,9350.4395,50.898281075832486,60.332
2026-08-14T23:48:05.770211,UNI_IRT,UNI,601060.0,-0.0826,24056184799941.0,600001.0,600832.0,600416.5,0.13840392460900058,17066.3677,16546.5822,50.773192328472184,61.652
2026-08-14T23:48:05.770211,INJ_IRT,INJ,806473.0,-0.0621,17834977936104.0,802224.0,805667.0,803945.5,0.42826286110190304,2459.1034,2460.5082,49.98572245012187,61.242
2026-08-14T23:48:05.770211,CRV_IRT,CRV,45161.0,-0.0483,7876642198488.0,44895.0,45274.0,45084.5,0.8406436802005124,44214.3992,40838.0865,51.984840697019166,60.966
2026-08-14T23:48:05.770211,SHIB_IRT,SHIB,0.8586,0.0315,20412819032340.0,0.858,0.859,0.8585,0.1164822364589401,41159991344.7581,18959539735.1793,68.46359345356518,60.63
2026-08-14T23:48:05.770211,BONK_IRT,BONK,0.4407,0.0299,6882837739134.0,0.4077,0.4403,0.42400000000000004,7.688679245283023,371944914.5966,1501260560.3798,19.856065955673444,60.598
2026-08-14T23:48:05.770211,POL_IRT,POL,13954.0,0.0269,56083556102301.0,13944.0,13986.0,13965.0,0.30075187969924816,130045.3731,230820.9654,36.03699187919685,60.538
2026-08-14T23:48:05.770211,LTC_IRT,LTC,8185423.0,-0.024,73580932842186.0,8173369.0,8200362.0,8186865.5,0.32971104753095065,1938.646,1897.878,50.531314283450335,60.48
2026-08-14T23:48:05.770211,ATOM_IRT,ATOM,277949.0,-0.0227,17547712835541.0,276201.0,278284.0,277242.5,0.7513278086873405,7508.7465,8180.5844,47.85893386951256,60.454
2026-08-14T23:48:05.770211,LUNC_IRT,LUNC,8.916,-0.0225,6359317176471.0,20.0,5.0,12.5,-120.0,27221977.873,4780048.4013,85.0632945541366,60.45
2026-08-14T23:48:05.770211,S_IRT,S,4114.0,-0.0223,10485115841298.0,4101.0,4123.0,4112.0,0.5350194552529183,2671228.96,2491203.98,51.743605990550655,60.446
2026-08-14T23:48:05.770211,GMT_IRT,GMT,1177.0,-0.0223,11891937879297.0,1172.0,1178.0,1175.0,0.5106382978723404,693010.7647,656481.0205,51.35346300735674,60.446
2026-08-14T23:48:05.770211,SAND_IRT,SAND,7411.0,0.0218,9781154243406.0,7402.0,7431.0,7416.5,0.39102002292186344,102183.2073,132043.1397,43.625838258067525,60.436
2026-08-14T23:48:05.770211,AAVE_IRT,AAVE,16115913.0,-0.0185,14268233011872.0,16017407.0,16148351.0,16082879.0,0.8141825850956164,53.4491,87.27759999999999,37.98078118793378,60.37
2026-08-14T23:48:05.770211,AXS_IRT,AXS,165794.0,0.0175,6100334553348.0,164234.0,167151.0,165692.5,1.7604900644265735,1457.4487,1481.4258,49.592070025446816,60.35
2026-08-14T23:48:05.770211,WLD_IRT,WLD,64609.0,0.0171,12045843990810.0,64282.0,64758.0,64520.0,0.7377557346559207,33449.3431,37145.2302,47.38231500862405,60.342
2026-08-14T23:48:05.770211,LINK_IRT,LINK,1681921.0,0.0166,49273000473900.0,1676725.0,1684291.0,1680508.0,0.4502210046009897,9692.5588,9348.5736,50.903268757272016,60.332
2026-08-14T23:48:20.780702,UNI_IRT,UNI,601060.0,-0.0826,24056184799941.0,600001.0,600832.0,600416.5,0.13840392460900058,17066.3677,16546.5822,50.773192328472184,61.652
2026-08-14T23:48:20.780702,INJ_IRT,INJ,806473.0,-0.0621,17834977936104.0,802224.0,805667.0,803945.5,0.42826286110190304,2460.2673,2471.3537,49.88759882399722,61.242
2026-08-14T23:48:20.780702,CRV_IRT,CRV,45161.0,-0.0483,7876642198488.0,44902.0,45273.0,45087.5,0.8228444690878847,44221.74,41435.2114,51.62656302521642,60.966
2026-08-14T23:48:20.780702,SHIB_IRT,SHIB,0.8586,0.0315,20412819032340.0,0.857,0.86,0.8585,0.3494467093768203,41130162204.2584,18959539735.1793,68.44793845992454,60.63
2026-08-14T23:48:20.780702,BONK_IRT,BONK,0.4407,0.0299,6882837739134.0,0.4076,0.4403,0.42395000000000005,7.71317372331643,66975574.3966,1501260560.3798,4.270758268565812,60.598
2026-08-14T23:48:20.780702,POL_IRT,POL,13954.0,0.0269,56083556102301.0,13945.0,13987.0,13966.0,0.30073034512387226,128203.9466,230839.7007,35.707064465306864,60.538
2026-08-14T23:48:20.780702,LTC_IRT,LTC,8185423.0,-0.024,73580932842186.0,8164776.0,8199040.0,8181908.0,0.418777624974517,1924.252,1902.4850000000001,50.284406793568515,60.48
2026-08-14T23:48:20.780702,ATOM_IRT,ATOM,277949.0,-0.0227,17547712835541.0,276201.0,278281.0,277241.0,0.7502497826800509,7508.7465,8039.908,48.29193741490622,60.454
2026-08-14T23:48:20.780702,LUNC_IRT,LUNC,8.916,-0.0225,6359317176471.0,20.0,5.0,12.5,-120.0,27221977.873,4780048.4013,85.0632945541366,60.45
2026-08-14T23:48:20.780702,S_IRT,S,4114.0,-0.0223,10485115841298.0,4110.0,4122.0,4116.0,0.2915451895043732,2681339.53,2491468.22,51.835282879012844,60.446
2026-08-14T23:48:20.780702,GMT_IRT,GMT,1177.0,-0.0223,11891937879297.0,1171.0,1178.0,1174.5,0.5959982971477225,680048.2368,656506.4874,50.88068782271863,60.446
2026-08-14T23:48:20.780702,SAND_IRT,SAND,7411.0,0.0218,9781154243406.0,7402.0,7431.0,7416.5,0.39102002292186344,101661.8885,131862.9486,43.53365139334894,60.436
2026-08-14T23:48:20.780702,AAVE_IRT,AAVE,16115913.0,-0.0185,14268233011872.0,16017407.0,16148348.0,16082877.5,0.8141640076534812,50.5796,89.7148,36.052472514940014,60.37
2026-08-14T23:48:20.780702,AXS_IRT,AXS,165794.0,0.0175,6100334553348.0,164234.0,167151.0,165692.5,1.7604900644265735,1457.4487,1481.4258,49.592070025446816,60.35
2026-08-14T23:48:20.780702,WLD_IRT,WLD,64609.0,0.0171,12045843990810.0,64282.0,64755.0,64518.5,0.7331230577276285,33449.3431,36993.6697,47.48425964540801,60.342
2026-08-14T23:48:20.780702,LINK_IRT,LINK,1681921.0,0.0166,49273000473900.0,1676731.0,1684282.0,1680506.5,0.4493288184246833,9692.5587,9356.0448,50.88330333507126,60.332
2026-08-14T23:48:35.753831,UNI_IRT,UNI,601060.0,-0.0826,24056184799941.0,600001.0,602113.0,601057.0,0.35138098383348,17066.3677,17358.3537,49.57590651699508,61.652
2026-08-14T23:48:35.753831,INJ_IRT,INJ,806473.0,-0.0621,17834977936104.0,802224.0,805854.0,804039.0,0.45147063761832446,2459.1034,2419.0266,50.41078036050699,61.242
2026-08-14T23:48:35.753831,CRV_IRT,CRV,45161.0,-0.0483,7876642198488.0,44902.0,45275.0,45088.5,0.8272619404060902,44221.74,41346.4618,51.680109047237224,60.966
2026-08-14T23:48:35.753831,SHIB_IRT,SHIB,0.8586,0.0315,20412819032340.0,0.8571,0.859,0.85805,0.22143231746401876,41063950194.7084,18920995700.8775,68.45709299494453,60.63
2026-08-14T23:48:35.753831,BONK_IRT,BONK,0.4407,0.0299,6882837739134.0,0.4077,0.4403,0.42400000000000004,7.688679245283023,224858821.8966,1501260560.3798,13.0268406812081,60.598
2026-08-14T23:48:35.753831,POL_IRT,POL,13954.0,0.0269,56083556102301.0,13940.0,13982.0,13961.0,0.3008380488503689,140309.7939,230687.6135,37.81961574430128,60.538
2026-08-14T23:48:35.753831,LTC_IRT,LTC,8185423.0,-0.024,73580932842186.0,8164776.0,8199034.0,8181905.0,0.41870444596949,1909.224,1899.387,50.12914156893419,60.48
2026-08-14T23:48:35.753831,ATOM_IRT,ATOM,277949.0,-0.0227,17547712835541.0,276201.0,278280.0,277240.5,0.7498904380853446,7508.7465,8059.0982,48.23240881892919,60.454
2026-08-14T23:48:35.753831,LUNC_IRT,LUNC,8.916,-0.0225,6359317176471.0,20.0,5.0,12.5,-120.0,27221977.873,4780048.4013,85.0632945541366,60.45
2026-08-14T23:48:35.753831,S_IRT,S,4114.0,-0.0223,10485115841298.0,4111.0,4122.0,4116.5,0.2672172962468116,2682498.58,2491551.38,51.84523923692457,60.446
2026-08-14T23:48:35.753831,GMT_IRT,GMT,1177.0,-0.0223,11891937879297.0,1171.0,1178.0,1174.5,0.5959982971477225,687258.3819,656519.2208,51.1437592440236,60.446
2026-08-14T23:48:35.753831,SAND_IRT,SAND,7411.0,0.0218,9781154243406.0,7385.0,7431.0,7408.0,0.6209503239740821,101159.3051,131866.4475,43.41121269701244,60.436
2026-08-14T23:48:35.753831,AAVE_IRT,AAVE,16115913.0,-0.0185,14268233011872.0,16017407.0,16130955.0,16074181.0,0.7063999092706497,50.5796,87.5896,36.60700069190529,60.37
2026-08-14T23:48:35.753831,AXS_IRT,AXS,165794.0,0.0175,6100334553348.0,164234.0,166452.0,165343.0,1.3414538262883822,1457.4487,1313.5991,52.595581353739185,60.35
2026-08-14T23:48:35.753831,WLD_IRT,WLD,64609.0,0.0171,12045843990810.0,64282.0,65010.0,64646.0,1.1261330940816137,33449.3431,36844.1437,47.58526660538342,60.342
2026-08-14T23:48:35.753831,LINK_IRT,LINK,1681921.0,0.0166,49273000473900.0,1676734.0,1683831.0,1680282.5,0.4223694527557122,9692.5588,9375.1315,50.83236956077475,60.332
2026-08-14T23:48:50.929209,UNI_IRT,UNI,599346.0,-0.0826,24056184799941.0,600001.0,602113.0,601057.0,0.35138098383348,17066.3677,17358.3537,49.57590651699508,61.652
2026-08-14T23:48:50.929209,INJ_IRT,INJ,806055.0,-0.0621,17834977936104.0,802224.0,805753.0,803988.5,0.4389366265811016,2460.2673,2531.6309,49.285205776031255,61.242
2026-08-14T23:48:50.929209,CRV_IRT,CRV,45178.0,-0.0483,7876642198488.0,44902.0,45407.0,45154.5,1.118382442502962,44221.74,40515.2552,52.18705229708216,60.966
2026-08-14T23:48:50.929209,SHIB_IRT,SHIB,0.8583,0.0315,20412819032340.0,0.8562,0.859,0.8575999999999999,0.32649253731343575,41097091217.3845,18497509930.3851,68.96109786099744,60.63
2026-08-14T23:48:50.929209,BONK_IRT,BONK,0.441,0.0297,6882837739134.0,0.4077,0.4403,0.42400000000000004,7.688679245283023,228030271.4966,1575890920.268,12.640811169446946,60.594
2026-08-14T23:48:50.929209,POL_IRT,POL,13971.0,0.0269,56083556102301.0,13939.0,13984.0,13961.5,0.3223149375067149,143940.8343,231477.1448,38.341486639791036,60.538
2026-08-14T23:48:50.929209,LTC_IRT,LTC,8184332.0,-0.024,73580932842186.0,8174095.0,8198423.0,8186259.0,0.2971809223236157,1925.858,1906.101,50.25779242418825,60.48
2026-08-14T23:48:50.929209,ATOM_IRT,ATOM,277749.0,-0.0227,17547712835541.0,276201.0,278274.0,277237.5,0.747734343297714,7508.7465,8056.8785,48.2392868901827,60.454
2026-08-14T23:48:50.929209,LUNC_IRT,LUNC,8.916,-0.0225,6359317176471.0,20.0,5.0,12.5,-120.0,27221977.873,4780048.4013,85.0632945541366,60.45
2026-08-14T23:48:50.929209,S_IRT,S,4114.0,-0.0223,10485115841298.0,4111.0,4123.0,4117.0,0.2914743745445713,2724242.78,2489475.74,52.25143569891073,60.446
2026-08-14T23:48:50.929209,GMT_IRT,GMT,1177.0,-0.0223,11891937879297.0,1172.0,1178.0,1175.0,0.5106382978723404,690145.6874,649413.708,51.520349882949276,60.446
2026-08-14T23:48:50.929209,SAND_IRT,SAND,7411.0,0.0218,9781154243406.0,7385.0,7431.0,7408.0,0.6209503239740821,101159.3051,131868.3315,43.41086172265629,60.436
2026-08-14T23:48:50.929209,AAVE_IRT,AAVE,16107982.0,-0.0185,14268233011872.0,16017407.0,16083007.0,16050207.0,0.40871747012359405,47.3453,87.27759999999999,35.16883086012856,60.37
2026-08-14T23:48:50.929209,AXS_IRT,AXS,165794.0,0.0175,6100334553348.0,164234.0,166986.0,165610.0,1.661735402451543,1457.4487,1481.6255,49.58870041457272,60.35
2026-08-14T23:48:50.929209,WLD_IRT,WLD,64609.0,0.0171,12045843990810.0,64282.0,64770.0,64526.0,0.756284288503859,33449.3431,36973.8202,47.497643577166606,60.342
2026-08-14T23:48:50.929209,LINK_IRT,LINK,1681126.0,0.0166,49273000473900.0,1675640.0,1683960.0,1679800.0,0.49529705917371114,9607.7919,8781.8711,52.24561156993469,60.332
2026-08-14T23:49:06.786958,UNI_IRT,UNI,599346.0,-0.0826,24056184799941.0,600001.0,602113.0,601057.0,0.35138098383348,17066.3677,17358.3537,49.57590651699508,61.652
2026-08-14T23:49:06.786958,INJ_IRT,INJ,806055.0,-0.0621,17834977936104.0,801574.0,805506.0,803540.0,0.4893346939791423,2459.4239000000002,2478.2361,49.809502881931934,61.242
2026-08-14T23:49:06.786958,CRV_IRT,CRV,45178.0,-0.0483,7876642198488.0,44902.0,45388.0,45145.0,1.0765311773175323,44221.74,44383.4737,49.90873353088025,60.966
2026-08-14T23:49:06.786958,SHIB_IRT,SHIB,0.8583,0.0315,20412819032340.0,0.857,0.8599,0.8584499999999999,0.33781816063836145,41749955098.5183,18541552405.6003,69.24682567551706,60.63
2026-08-14T23:49:06.786958,BONK_IRT,BONK,0.441,0.0297,6882837739134.0,0.4076,0.4403,0.42395000000000005,7.71317372331643,66975574.3966,1575890920.268,4.0767508871908325,60.594
2026-08-14T23:49:06.786958,POL_IRT,POL,13971.0,0.0269,56083556102301.0,13885.0,14042.0,13963.5,1.124359938410857,132546.7092,230225.64059999998,36.53715870933227,60.538
2026-08-14T23:49:06.786958,LTC_IRT,LTC,8184332.0,-0.024,73580932842186.0,8159259.0,8223986.0,8191622.5,0.790160923553301,1925.853,1890.871,50.4582725918877,60.48
2026-08-14T23:49:06.786958,ATOM_IRT,ATOM,277749.0,-0.0227,17547712835541.0,276171.0,278348.0,277259.5,0.7851849981695849,7447.743,8028.8572,48.122603826129726,60.454
2026-08-14T23:49:06.786958,LUNC_IRT,LUNC,8.916,-0.0225,6359317176471.0,20.0,5.0,12.5,-120.0,27221977.873,4780048.4013,85.0632945541366,60.45
2026-08-14T23:49:06.786958,S_IRT,S,4114.0,-0.0223,10485115841298.0,4103.0,4121.0,4112.0,0.4377431906614786,2651377.37,2491481.9,51.554538648692215,60.446
2026-08-14T23:49:06.786958,GMT_IRT,GMT,1177.0,-0.0223,11891937879297.0,1172.0,1178.0,1175.0,0.5106382978723404,692173.5792,649426.4414,51.59314017380838,60.446
2026-08-14T23:49:06.786958,SAND_IRT,SAND,7411.0,0.0218,9781154243406.0,7402.0,7433.0,7417.5,0.41793056959892144,102211.5522,131872.0471,43.66455082955485,60.436
2026-08-14T23:49:06.786958,AAVE_IRT,AAVE,16107982.0,-0.0185,14268233011872.0,16017407.0,16083007.0,16050207.0,0.40871747012359405,47.3453,87.27759999999999,35.16883086012856,60.37
2026-08-14T23:49:06.786958,AXS_IRT,AXS,165794.0,0.0175,6100334553348.0,164234.0,166819.0,165526.5,1.5616834766638574,1457.4487,1380.6035,51.35383697311839,60.35
2026-08-14T23:49:06.786958,WLD_IRT,WLD,64609.0,0.0171,12045843990810.0,64282.0,64974.0,64628.0,1.0707433310639352,33449.3431,38923.5278,46.21806857187973,60.342
2026-08-14T23:49:06.786958,LINK_IRT,LINK,1681126.0,0.0166,49273000473900.0,1675645.0,1683377.0,1679511.0,0.4603720964018693,9628.1297,9087.041,51.44558847117542,60.332
2026-08-14T23:49:22.368364,UNI_IRT,UNI,599346.0,-0.0826,24056184799941.0,600001.0,602113.0,601057.0,0.35138098383348,17169.8275,17358.3537,49.72699662500612,61.652
2026-08-14T23:49:22.368364,INJ_IRT,INJ,806055.0,-0.0621,17834977936104.0,801574.0,805506.0,803540.0,0.4893346939791423,2459.4239000000002,2476.6173,49.82583816358746,61.242
2026-08-14T23:49:22.368364,CRV_IRT,CRV,45178.0,-0.0483,7876642198488.0,44902.0,45265.0,45083.5,0.8051726241307795,44221.74,41353.551699999996,51.67582735800361,60.966
2026-08-14T23:49:22.368364,SHIB_IRT,SHIB,0.8583,0.0315,20412819032340.0,0.8571,0.8596,0.85835,0.2912564804566969,41659691462.1191,18444933836.1157,69.311956035674,60.63
2026-08-14T23:49:22.368364,BONK_IRT,BONK,0.441,0.0297,6882837739134.0,0.4077,0.4403,0.42400000000000004,7.688679245283023,232906405.8966,1575541386.3158,12.87880174918787,60.594
2026-08-14T23:49:22.368364,POL_IRT,POL,13971.0,0.0269,56083556102301.0,13885.0,13982.0,13933.5,0.6961639214841928,131826.5076,231516.6342,36.281545578907085,60.538
2026-08-14T23:49:22.368364,LTC_IRT,LTC,8184332.0,-0.024,73580932842186.0,8174730.0,8201224.0,8187977.0,0.32357198853880514,1941.636,1890.871,50.66229494166612,60.48
2026-08-14T23:49:22.368364,ATOM_IRT,ATOM,277749.0,-0.0227,17547712835541.0,276171.0,278340.0,277255.5,0.7823109009559774,7386.4721,8028.8643999999995,47.91638573702235,60.454
2026-08-14T23:49:22.368364,LUNC_IRT,LUNC,8.916,-0.0225,6359317176471.0,20.0,5.0,12.5,-120.0,27221977.873,4780048.4013,85.0632945541366,60.45
2026-08-14T23:49:22.368364,S_IRT,S,4114.0,-0.0223,10485115841298.0,4108.0,4121.0,4114.5,0.315955766192733,2683434.43,2491203.98,51.85742881694414,60.446
2026-08-14T23:49:22.368364,GMT_IRT,GMT,1177.0,-0.0223,11891937879297.0,1172.0,1177.0,1174.5,0.4257130693912303,691831.0549,652912.5931,51.447058770565015,60.446
2026-08-14T23:49:22.368364,SAND_IRT,SAND,7411.0,0.0218,9781154243406.0,7402.0,7426.0,7414.0,0.3237118964121931,101759.8088,131874.1158,43.55523666959794,60.436
2026-08-14T23:49:22.368364,AAVE_IRT,AAVE,16107982.0,-0.0185,14268233011872.0,16017407.0,16083007.0,16050207.0,0.40871747012359405,47.3453,87.27759999999999,35.16883086012856,60.37
2026-08-14T23:49:22.368364,AXS_IRT,AXS,165794.0,0.0175,6100334553348.0,164234.0,166212.0,165223.0,1.1971698855486221,1457.4487,1315.3813,52.56177623583126,60.35
2026-08-14T23:49:22.368364,WLD_IRT,WLD,64609.0,0.0171,12045843990810.0,64282.0,64697.0,64489.5,0.6435156110684686,33449.3431,39048.0245,46.13870021399232,60.342
2026-08-14T23:49:22.368364,LINK_IRT,LINK,1681126.0,0.0166,49273000473900.0,1676355.0,1684146.0,1680250.5,0.4636808618714888,9634.5112,9080.8378,51.47919603315974,60.332
2026-08-14T23:49:36.753153,UNI_IRT,UNI,599632.0,-0.0826,24056184799941.0,598002.0,602113.0,600057.5,0.6851010111530978,17572.2723,16782.4369,51.1495300329889,61.652
2026-08-14T23:49:36.753153,INJ_IRT,INJ,806055.0,-0.0621,17834977936104.0,801574.0,805506.0,803540.0,0.4893346939791423,2459.4233,2434.8259,50.25128879829004,61.242
2026-08-14T23:49:36.753153,CRV_IRT,CRV,45194.0,-0.0483,7876642198488.0,44902.0,45306.0,45104.0,0.895707697765165,44221.74,41259.737,51.7325408403975,60.966
2026-08-14T23:49:36.753153,SHIB_IRT,SHIB,0.8582,0.0315,20412819032340.0,0.857,0.8599,0.8584499999999999,0.33781816063836145,41768038623.307,18485144318.0017,69.32088328676733,60.63
2026-08-14T23:49:36.753153,AXS_IRT,AXS,165991.0,0.0291,6100334553348.0,164234.0,166212.0,165223.0,1.1971698855486221,1457.4487,1518.1279,48.98037913055238,60.582
2026-08-14T23:49:36.753153,POL_IRT,POL,13954.0,0.0269,56083556102301.0,13938.0,13980.0,13959.0,0.3008811519449818,137149.6454,231524.8166,37.200744704687466,60.538
2026-08-14T23:49:36.753153,BONK_IRT,BONK,0.4391,0.0262,6882837739134.0,0.4077,0.4403,0.42400000000000004,7.688679245283023,234564487.7966,1575541386.3158,12.9586059661632,60.524
2026-08-14T23:49:36.753153,LTC_IRT,LTC,8184332.0,-0.024,73580932842186.0,8165500.0,8200176.0,8182838.0,0.42376495783003404,1905.745,1896.143,50.12627936435792,60.48
2026-08-14T23:49:36.753153,LUNC_IRT,LUNC,8.905,-0.0237,6359317176471.0,20.0,5.0,12.5,-120.0,27221977.873,4780048.4013,85.0632945541366,60.474
2026-08-14T23:49:36.753153,ATOM_IRT,ATOM,277539.0,-0.0227,17547712835541.0,276291.0,278536.0,277413.5,0.8092612652232137,7447.5894,8150.9646999999995,47.745383015980956,60.454
2026-08-14T23:49:36.753153,S_IRT,S,4114.0,-0.0223,10485115841298.0,4110.0,4122.0,4116.0,0.2915451895043732,2663509.87,2490195.14,51.68145760830033,60.446
2026-08-14T23:49:36.753153,GMT_IRT,GMT,1176.0,-0.0223,11891937879297.0,1171.0,1178.0,1174.5,0.5959982971477225,687258.3819,649467.1885,51.41357337051207,60.446
2026-08-14T23:49:36.753153,SAND_IRT,SAND,7412.0,0.0218,9781154243406.0,7402.0,7429.0,7415.5,0.3641022183264783,101352.5602,132076.217,43.419051162300306,60.436
2026-08-14T23:49:36.753153,AAVE_IRT,AAVE,16105863.0,-0.0185,14268233011872.0,16017407.0,16083007.0,16050207.0,0.40871747012359405,47.3453,87.27759999999999,35.16883086012856,60.37
2026-08-14T23:49:36.753153,WLD_IRT,WLD,64609.0,0.0171,12045843990810.0,64282.0,64685.0,64483.5,0.624966076593237,33449.3431,37755.8059,46.97601728212098,60.342
2026-08-14T23:49:36.753153,LINK_IRT,LINK,1680734.0,0.0166,49273000473900.0,1678070.0,1685099.0,1681584.5,0.41799861975416636,9618.2611,9413.3969,50.53821952874521,60.332
2026-08-14T23:49:51.837378,UNI_IRT,UNI,599632.0,-0.0826,24056184799941.0,598117.0,600243.0,599180.0,0.3548182516105344,17598.7057,16782.7766,51.186582202710895,61.652
2026-08-14T23:49:51.837378,INJ_IRT,INJ,806055.0,-0.0621,17834977936104.0,801574.0,805506.0,803540.0,0.4893346939791423,2460.5872,2476.6101,49.83773283680601,61.242
2026-08-14T23:49:51.837378,CRV_IRT,CRV,45194.0,-0.0483,7876642198488.0,44902.0,45300.0,45101.0,0.8824638034633379,44221.74,44487.5302,49.850190290484434,60.966
2026-08-14T23:49:51.837378,SHIB_IRT,SHIB,0.8582,0.0315,20412819032340.0,0.858,0.86,0.859,0.23282887077997694,41771869888.6444,18497509930.3851,69.3086107971785,60.63
2026-08-14T23:49:51.837378,AXS_IRT,AXS,165991.0,0.0291,6100334553348.0,164234.0,166400.0,165317.0,1.310210081237864,1457.4487,1518.8023,48.96928048071214,60.582
2026-08-14T23:49:51.837378,POL_IRT,POL,13954.0,0.0269,56083556102301.0,13937.0,13980.0,13958.5,0.30805602321166314,137152.5558,231033.8919,37.25084305975122,60.538
2026-08-14T23:49:51.837378,BONK_IRT,BONK,0.4391,0.0262,6882837739134.0,0.4077,0.4403,0.42400000000000004,7.688679245283023,237932160.0966,1575574535.1152,13.120004504246499,60.524
2026-08-14T23:49:51.837378,LTC_IRT,LTC,8184332.0,-0.024,73580932842186.0,8174744.0,8200168.0,8187456.0,0.310523806173737,1919.325,1892.59,50.35067675958147,60.48
2026-08-14T23:49:51.837378,LUNC_IRT,LUNC,8.905,-0.0237,6359317176471.0,20.0,5.0,12.5,-120.0,27221977.873,4780048.4013,85.0632945541366,60.474
2026-08-14T23:49:51.837378,ATOM_IRT,ATOM,277539.0,-0.0227,17547712835541.0,276291.0,278533.0,277412.0,0.8081842169769152,7447.5894,8171.0824999999995,47.683884056748774,60.454
2026-08-14T23:49:51.837378,S_IRT,S,4114.0,-0.0223,10485115841298.0,4108.0,4122.0,4115.0,0.3402187120291616,2663786.12,2489830.7600000002,51.68770170591338,60.446
2026-08-14T23:49:51.837378,GMT_IRT,GMT,1176.0,-0.0223,11891937879297.0,1171.0,1178.0,1174.5,0.5959982971477225,687258.3819,656603.5376,51.1405503740818,60.446
2026-08-14T23:49:51.837378,SAND_IRT,SAND,7412.0,0.0218,9781154243406.0,7402.0,7429.0,7415.5,0.3641022183264783,101609.3047,131879.6899,43.5178132802667,60.436
2026-08-14T23:49:51.837378,AAVE_IRT,AAVE,16105863.0,-0.0185,14268233011872.0,16017407.0,16083007.0,16050207.0,0.40871747012359405,47.3453,87.27759999999999,35.16883086012856,60.37
2026-08-14T23:49:51.837378,WLD_IRT,WLD,64609.0,0.0171,12045843990810.0,64282.0,64683.0,64482.5,0.6218741519016788,33449.3431,37113.588,47.40356243506444,60.342
2026-08-14T23:49:51.837378,LINK_IRT,LINK,1680734.0,0.0166,49273000473900.0,1678076.0,1684760.0,1681418.0,0.39752161568390487,9618.2611,9463.1593,50.40642100207593,60.332
2026-08-14T23:50:06.762864,UNI_IRT,UNI,599632.0,-0.0826,24056184799941.0,598645.0,602113.0,600379.0,0.5776351271446869,17354.2335,16782.4369,50.837510796014826,61.652
2026-08-14T23:50:06.762864,INJ_IRT,INJ,806055.0,-0.0621,17834977936104.0,801574.0,805506.0,803540.0,0.4893346939791423,2459.4233,2476.6796,49.825203198255856,61.242
2026-08-14T23:50:06.762864,CRV_IRT,CRV,45194.0,-0.0483,7876642198488.0,44902.0,45300.0,45101.0,0.8824638034633379,44221.74,41408.6302,51.64258883467958,60.966
2026-08-14T23:50:06.762864,SHIB_IRT,SHIB,0.8582,0.0315,20412819032340.0,0.8561,0.8597,0.8579,0.41962932742744463,42873053046.0638,18983868961.5176,69.31003298355054,60.63
2026-08-14T23:50:06.762864,AXS_IRT,AXS,165991.0,0.0291,6100334553348.0,164234.0,166400.0,165317.0,1.310210081237864,1457.4487,1518.1721,48.979651573883345,60.582
2026-08-14T23:50:06.762864,POL_IRT,POL,13954.0,0.0269,56083556102301.0,13934.0,13982.0,13958.0,0.3438888092849978,144678.5324,230907.3649,38.52075741929089,60.538
2026-08-14T23:50:06.762864,BONK_IRT,BONK,0.4391,0.0262,6882837739134.0,0.4077,0.4403,0.42400000000000004,7.688679245283023,239639297.69660002,1575574535.1152,13.201711741332108,60.524
2026-08-14T23:50:06.762864,LTC_IRT,LTC,8184332.0,-0.024,73580932842186.0,8172325.0,8200128.0,8186226.5,0.33963145290446095,1926.316,1907.666,50.24321971255995,60.48
2026-08-14T23:50:06.762864,LUNC_IRT,LUNC,8.905,-0.0237,6359317176471.0,20.0,5.0,12.5,-120.0,27221977.873,4780048.4013,85.0632945541366,60.474
2026-08-14T23:50:06.762864,ATOM_IRT,ATOM,277539.0,-0.0227,17547712835541.0,276242.0,278712.0,277477.0,0.8901638694378273,7417.0361,8030.1854,48.01534114079998,60.454
2026-08-14T23:50:06.762864,S_IRT,S,4114.0,-0.0223,10485115841298.0,4104.0,4122.0,4113.0,0.437636761487965,2670424.3,2489838.04,51.7497778998577,60.446
2026-08-14T23:50:06.762864,GMT_IRT,GMT,1176.0,-0.0223,11891937879297.0,1171.0,1183.0,1177.0,1.0195412064570943,687258.3819,658666.2461,51.06217447861427,60.446
2026-08-14T23:50:06.762864,SAND_IRT,SAND,7412.0,0.0218,9781154243406.0,7402.0,7429.0,7415.5,0.3641022183264783,101564.0464,131883.7281,43.50611035702977,60.436
2026-08-14T23:50:06.762864,AAVE_IRT,AAVE,16105863.0,-0.0185,14268233011872.0,16017407.0,16083007.0,16050207.0,0.40871747012359405,47.3453,87.27759999999999,35.16883086012856,60.37
2026-08-14T23:50:06.762864,WLD_IRT,WLD,64609.0,0.0171,12045843990810.0,64282.0,64684.0,64483.0,0.6234201262348216,33449.3431,36846.7618,47.58349434521797,60.342
2026-08-14T23:50:06.762864,LINK_IRT,LINK,1680734.0,0.0166,49273000473900.0,1678069.0,1684661.0,1681365.0,0.3920624016795877,9566.0241,9438.6566,50.33509508002415,60.332
2026-08-14T23:50:21.748746,UNI_IRT,UNI,599632.0,-0.0826,24056184799941.0,598865.0,601005.0,599935.0,0.3567053097418887,17588.7376,16782.7766,51.172425799035636,61.652
2026-08-14T23:50:21.748746,INJ_IRT,INJ,806055.0,-0.0621,17834977936104.0,801574.0,805506.0,803540.0,0.4893346939791423,2460.5872,2476.7523,49.83629746344159,61.242
2026-08-14T23:50:21.748746,CRV_IRT,CRV,45194.0,-0.0483,7876642198488.0,44902.0,45302.0,45102.0,0.8868786306593943,44221.74,41408.6302,51.64258883467958,60.966
2026-08-14T23:50:21.748746,SHIB_IRT,SHIB,0.8582,0.0315,20412819032340.0,0.8571,0.859,0.85805,0.22143231746401876,42678657412.2008,18936646455.5586,69.2663262747174,60.63
2026-08-14T23:50:21.748746,AXS_IRT,AXS,165991.0,0.0291,6100334553348.0,164234.0,166210.0,165222.0,1.195966638825338,1457.4487,1511.418,49.09107909762335,60.582
2026-08-14T23:50:21.748746,POL_IRT,POL,13954.0,0.0269,56083556102301.0,13939.0,13981.0,13960.0,0.3008595988538682,145408.2243,230630.6446,38.66840274393773,60.538
2026-08-14T23:50:21.748746,BONK_IRT,BONK,0.4391,0.0262,6882837739134.0,0.4076,0.4403,0.42395000000000005,7.71317372331643,66975574.3966,1538166120.5351,4.172564615826634,60.524
2026-08-14T23:50:21.748746,LTC_IRT,LTC,8184332.0,-0.024,73580932842186.0,8172326.0,8192090.0,8182208.0,0.2415484915563134,1927.282,1888.088,50.513633015932925,60.48
2026-08-14T23:50:21.748746,LUNC_IRT,LUNC,8.905,-0.0237,6359317176471.0,20.0,5.0,12.5,-120.0,27221977.873,4780048.4013,85.0632945541366,60.474
2026-08-14T23:50:21.748746,ATOM_IRT,ATOM,277539.0,-0.0227,17547712835541.0,276240.0,278887.0,277563.5,0.9536556499683857,7386.2204,8327.0836,47.006157330119755,60.454
2026-08-14T23:50:21.748746,S_IRT,S,4114.0,-0.0223,10485115841298.0,4112.0,4119.0,4115.5,0.1700886891021747,2669366.52,2491901.66,51.71919820682521,60.446
2026-08-14T23:50:21.748746,GMT_IRT,GMT,1176.0,-0.0223,11891937879297.0,1171.0,1178.0,1174.5,0.5959982971477225,687258.3819,658108.3549,51.08334873319874,60.446
2026-08-14T23:50:21.748746,SAND_IRT,SAND,7412.0,0.0218,9781154243406.0,7402.0,7429.0,7415.5,0.3641022183264783,101351.8775,131885.7472,43.45434302478557,60.436
2026-08-14T23:50:21.748746,AAVE_IRT,AAVE,16105863.0,-0.0185,14268233011872.0,16017407.0,16083007.0,16050207.0,0.40871747012359405,47.4353,87.27759999999999,35.21214375163774,60.37
2026-08-14T23:50:21.748746,WLD_IRT,WLD,64609.0,0.0171,12045843990810.0,64282.0,65023.0,64652.5,1.1461273732647614,33449.3431,36342.7505,47.9271237967276,60.342
2026-08-14T23:50:21.748746,LINK_IRT,LINK,1680734.0,0.0166,49273000473900.0,1678373.0,1684736.0,1681554.5,0.37839986750355104,9579.711,9869.3028,49.25551032309926,60.332
2026-08-14T23:50:36.874721,UNI_IRT,UNI,599258.0,-0.0855,24056184799941.0,598870.0,601005.0,599937.5,0.35587040316699653,17340.4902,17133.096,50.30080160328663,61.71
2026-08-14T23:50:36.874721,INJ_IRT,INJ,805452.0,-0.0621,17834977936104.0,801574.0,807367.0,804470.5,0.7201009856794003,2459.4233,2474.9004,49.843168983826494,61.242
2026-08-14T23:50:36.874721,CRV_IRT,CRV,45196.0,-0.0483,7876642198488.0,44902.0,45407.0,45154.5,1.118382442502962,44221.74,40515.2552,52.18705229708216,60.966
2026-08-14T23:50:36.874721,BONK_IRT,BONK,0.442,0.0326,6882837739134.0,0.4077,0.4403,0.42400000000000004,7.688679245283023,244866180.19660002,1538166120.5351,13.733132041192675,60.652
2026-08-14T23:50:36.874721,SHIB_IRT,SHIB,0.8581,0.0315,20412819032340.0,0.857,0.8599,0.8584499999999999,0.33781816063836145,42863605881.7847,18421388839.3697,69.94143685059176,60.63
2026-08-14T23:50:36.874721,AXS_IRT,AXS,165991.0,0.0291,6100334553348.0,164234.0,166210.0,165222.0,1.195966638825338,1457.4487,1512.0137,49.0812309999278,60.582
2026-08-14T23:50:36.874721,POL_IRT,POL,13954.0,0.0269,56083556102301.0,13939.0,13981.0,13960.0,0.3008595988538682,135715.2264,230630.6446,37.04565470590496,60.538
2026-08-14T23:50:36.874721,LTC_IRT,LTC,8183894.0,-0.024,73580932842186.0,8166513.0,8192083.0,8179298.0,0.31261851567212734,1957.29,1884.095,50.95271627290677,60.48
2026-08-14T23:50:36.874721,LUNC_IRT,LUNC,8.911,-0.0235,6359317176471.0,20.0,5.0,12.5,-120.0,27221977.873,4780048.4013,85.0632945541366,60.47
2026-08-14T23:50:36.874721,ATOM_IRT,ATOM,277931.0,-0.0227,17547712835541.0,276240.0,278883.0,277561.5,0.9522213995817144,7386.2204,8327.0942,47.00612562037038,60.454
2026-08-14T23:50:36.874721,S_IRT,S,4116.0,-0.0223,10485115841298.0,4108.0,4120.0,4114.0,0.2916869227029655,2682331.66,2491145.31,51.84775491520164,60.446
2026-08-14T23:50:36.874721,GMT_IRT,GMT,1177.0,-0.0223,11891937879297.0,1172.0,1178.0,1175.0,0.5106382978723404,696561.1888,656137.2174,51.49419749497447,60.446
2026-08-14T23:50:36.874721,SAND_IRT,SAND,7411.0,0.0218,9781154243406.0,7402.0,7429.0,7415.5,0.3641022183264783,101364.0674,132100.04260000002,43.41740895420713,60.436
2026-08-14T23:50:36.874721,AAVE_IRT,AAVE,16103888.0,-0.0185,14268233011872.0,16017407.0,16083007.0,16050207.0,0.40871747012359405,47.4353,87.27759999999999,35.21214375163774,60.37
2026-08-14T23:50:36.874721,WLD_IRT,WLD,64589.0,0.0171,12045843990810.0,64282.0,65005.0,64643.5,1.1184419160472436,33449.3431,36856.4821,47.57691557541096,60.342
2026-08-14T23:50:36.874721,LINK_IRT,LINK,1680903.0,0.0166,49273000473900.0,1678374.0,1684734.0,1681554.0,0.3782215736158339,9575.6248,9796.6363,49.42956710406923,60.332
2026-08-14T23:50:51.842019,UNI_IRT,UNI,599258.0,-0.0855,24056184799941.0,598001.0,600220.0,599110.5,0.37038242527880916,17350.8559,17133.096,50.315740928753584,61.71
2026-08-14T23:50:51.842019,INJ_IRT,INJ,805452.0,-0.0621,17834977936104.0,803168.0,809476.0,806322.0,0.7823177341062255,2458.6736,2296.1447,51.70909685444762,61.242
2026-08-14T23:50:51.842019,CRV_IRT,CRV,45196.0,-0.0483,7876642198488.0,44902.0,45273.0,45087.5,0.8228444690878847,44221.74,40767.123,52.0323939384858,60.966
2026-08-14T23:50:51.842019,BONK_IRT,BONK,0.442,0.0326,6882837739134.0,0.4077,0.4403,0.42400000000000004,7.688679245283023,248439886.3966,1538166120.5351,13.905689639053003,60.652
2026-08-14T23:50:51.842019,SHIB_IRT,SHIB,0.8581,0.0315,20412819032340.0,0.8563,0.859,0.85765,0.3148137352066735,42726279642.7741,18446227625.5493,69.84555897858186,60.63
2026-08-14T23:50:51.842019,AXS_IRT,AXS,165991.0,0.0291,6100334553348.0,164234.0,166210.0,165222.0,1.195966638825338,1457.4487,1512.3145,49.07625968292691,60.582
2026-08-14T23:50:51.842019,POL_IRT,POL,13954.0,0.0269,56083556102301.0,13936.0,13977.0,13956.5,0.293769927990542,135725.8587,231366.6437,36.97320370550832,60.538
2026-08-14T23:50:51.842019,LTC_IRT,LTC,8183894.0,-0.024,73580932842186.0,8167123.0,8192074.0,8179598.5,0.3050394221672372,1980.199,1897.712,51.063549421325035,60.48
2026-08-14T23:50:51.842019,LUNC_IRT,LUNC,8.911,-0.0235,6359317176471.0,20.0,5.0,12.5,-120.0,27221977.873,4780048.4013,85.0632945541366,60.47
2026-08-14T23:50:51.842019,ATOM_IRT,ATOM,277931.0,-0.0227,17547712835541.0,276240.0,278879.0,277559.5,0.9507871285255953,7386.2204,8327.159599999999,47.005929978146014,60.454
2026-08-14T23:50:51.842019,S_IRT,S,4116.0,-0.0223,10485115841298.0,4108.0,4119.0,4113.5,0.26741217940926215,2664162.1,2489798.09,51.69155371376666,60.446
2026-08-14T23:50:51.842019,GMT_IRT,GMT,1177.0,-0.0223,11891937879297.0,1172.0,1178.0,1175.0,0.5106382978723404,691950.5723,656146.5553,51.32794649090832,60.446
2026-08-14T23:50:51.842019,SAND_IRT,SAND,7411.0,0.0218,9781154243406.0,7402.0,7429.0,7415.5,0.3641022183264783,101500.3568,132087.9231,43.45267529837227,60.436
2026-08-14T23:50:51.842019,AAVE_IRT,AAVE,16103888.0,-0.0185,14268233011872.0,16017407.0,16083007.0,16050207.0,0.40871747012359405,47.4353,87.27759999999999,35.21214375163774,60.37
2026-08-14T23:50:51.842019,WLD_IRT,WLD,64589.0,0.0171,12045843990810.0,64282.0,64677.0,64479.5,0.6125978024023139,33449.3431,36980.4207,47.49319221769135,60.342
2026-08-14T23:50:51.842019,LINK_IRT,LINK,1680903.0,0.0166,49273000473900.0,1678375.0,1685100.0,1681737.5,0.3998840484915155,9575.6248,9792.1376,49.44104849200339,60.332
2026-08-14T23:51:06.985672,UNI_IRT,UNI,599258.0,-0.0855,24056184799941.0,598002.0,602585.0,600293.5,0.7634598742115316,17357.4994,17132.7563,50.325806659647355,61.71
2026-08-14T23:51:06.985672,INJ_IRT,INJ,805452.0,-0.0621,17834977936104.0,803168.0,807597.0,805382.5,0.5499250356197211,2457.5097,2303.5617,51.61673693866469,61.242
2026-08-14T23:51:06.985672,CRV_IRT,CRV,45196.0,-0.0483,7876642198488.0,44902.0,45269.0,45085.5,0.8140089385722683,44221.74,41364.812,51.66902856420714,60.966
2026-08-14T23:51:06.985672,BONK_IRT,BONK,0.442,0.0326,6882837739134.0,0.4077,0.4402,0.42395,7.665998348861888,250252493.69660002,1688821619.0943,12.905772504817406,60.652
2026-08-14T23:51:06.985672,SHIB_IRT,SHIB,0.8581,0.0315,20412819032340.0,0.8562,0.859,0.8575999999999999,0.32649253731343575,42733045237.1962,18535342518.961,69.74729840659423,60.63
2026-08-14T23:51:06.985672,AXS_IRT,AXS,165991.0,0.0291,6100334553348.0,164234.0,166210.0,165222.0,1.195966638825338,1457.4487,1512.9282,49.06612019504999,60.582
2026-08-14T23:51:06.985672,POL_IRT,POL,13954.0,0.0269,56083556102301.0,13886.0,13979.0,13932.5,0.6675040373228064,133443.4264,231700.75,36.54540727326796,60.538
2026-08-14T23:51:06.985672,LTC_IRT,LTC,8183894.0,-0.024,73580932842186.0,8168517.0,8192067.0,8180292.0,0.287887033861383,1961.715,1888.511,50.950645494576165,60.48
2026-08-14T23:51:06.985672,LUNC_IRT,LUNC,8.911,-0.0235,6359317176471.0,20.0,5.0,12.5,-120.0,27221977.873,4780048.4013,85.0632945541366,60.47
2026-08-14T23:51:06.985672,ATOM_IRT,ATOM,277931.0,-0.0227,17547712835541.0,276240.0,278875.0,277557.5,0.949352836799582,7386.2204,8326.8216,47.006941112993914,60.454
2026-08-14T23:51:06.985672,S_IRT,S,4116.0,-0.0223,10485115841298.0,4108.0,4120.0,4114.0,0.2916869227029655,2661992.71,2489805.7600000002,51.6711343718381,60.446
2026-08-14T23:51:06.985672,GMT_IRT,GMT,1177.0,-0.0223,11891937879297.0,1172.0,1178.0,1175.0,0.5106382978723404,696327.4451,656165.231,51.48474793282468,60.446
2026-08-14T23:51:06.985672,SAND_IRT,SAND,7411.0,0.0218,9781154243406.0,7402.0,7434.0,7418.0,0.43138312213534646,119891.2039,131893.6782,47.616522048525326,60.436
2026-08-14T23:51:06.985672,AAVE_IRT,AAVE,16103888.0,-0.0185,14268233011872.0,16017407.0,16083007.0,16050207.0,0.40871747012359405,47.4353,83.6901,36.175523582768854,60.37
2026-08-14T23:51:06.985672,WLD_IRT,WLD,64589.0,0.0171,12045843990810.0,64224.0,64695.0,64459.5,0.7306913643450539,33526.7962,37438.6482,47.24383322540004,60.342
2026-08-14T23:51:06.985672,LINK_IRT,LINK,1680903.0,0.0166,49273000473900.0,1678378.0,1685095.0,1681736.5,0.3994085874927493,9582.2095,9794.483,49.45224526838107,60.332
2026-08-14T23:51:22.336936,UNI_IRT,UNI,599856.0,-0.0855,24056184799941.0,598004.0,602585.0,600294.5,0.7631254326001654,17328.7998,17132.7563,50.284437968255304,61.71
2026-08-14T23:51:22.336936,INJ_IRT,INJ,805522.0,-0.0621,17834977936104.0,803168.0,809386.0,806277.0,0.7711989800031502,2458.6736,2296.1493,51.709046829062764,61.242
2026-08-14T23:51:22.336936,CRV_IRT,CRV,45195.0,-0.0483,7876642198488.0,44902.0,45302.0,45102.0,0.8868786306593943,44221.74,44495.556,49.845680598741424,60.966
2026-08-14T23:51:22.336936,SHIB_IRT,SHIB,0.8587,0.0315,20412819032340.0,0.8562,0.8597,0.85795,0.4079491811877218,42733045237.1962,18544148935.9822,69.73727471337266,60.63
2026-08-14T23:51:22.336936,BONK_IRT,BONK,0.442,0.0298,6882837739134.0,0.4077,0.4403,0.42400000000000004,7.688679245283023,253934122.3966,1501260560.3798,14.467575869983962,60.596
2026-08-14T23:51:22.336936,AXS_IRT,AXS,165991.0,0.0291,6100334553348.0,164234.0,167126.0,165680.0,1.7455335586673104,1457.4487,1481.456,49.59156042045188,60.582
2026-08-14T23:51:22.336936,POL_IRT,POL,13954.0,0.0269,56083556102301.0,13936.0,13981.0,13958.5,0.322384210337787,133287.1541,231253.3638,36.56305610905043,60.538
2026-08-14T23:51:22.336936,LTC_IRT,LTC,8180887.0,-0.024,73580932842186.0,8168526.0,8192061.0,8180293.5,0.28770361356838847,1950.656,1885.805,50.84519300469885,60.48
2026-08-14T23:51:22.336936,S_IRT,S,4116.0,-0.023,10485115841298.0,4100.0,4117.0,4108.5,0.4137763173907752,2650459.08,2491145.31,51.549261260841575,60.46
2026-08-14T23:51:22.336936,LUNC_IRT,LUNC,8.914,-0.023,6359317176471.0,20.0,5.0,12.5,-120.0,27221977.873,4780048.4013,85.0632945541366,60.46
2026-08-14T23:51:22.336936,ATOM_IRT,ATOM,278109.0,-0.0227,17547712835541.0,276240.0,278873.0,277556.5,0.9486356831852253,7386.2204,8206.0772,47.37095577241933,60.454
2026-08-14T23:51:22.336936,GMT_IRT,GMT,1176.0,-0.0223,11891937879297.0,1172.0,1178.0,1175.0,0.5106382978723404,696355.6426,657160.9864,51.44788232963777,60.446
2026-08-14T23:51:22.336936,SAND_IRT,SAND,7411.0,0.0218,9781154243406.0,7410.0,7436.0,7423.0,0.3502626970227671,119859.8233,131897.9235,47.60918971650091,60.436
2026-08-14T23:51:22.336936,AAVE_IRT,AAVE,16101081.0,-0.0185,14268233011872.0,16017407.0,16083007.0,16050207.0,0.40871747012359405,47.4353,83.6901,36.175523582768854,60.37
2026-08-14T23:51:22.336936,WLD_IRT,WLD,64606.0,0.0171,12045843990810.0,64224.0,64868.0,64546.0,0.9977380472841074,33526.7962,36797.9226,47.6742698329851,60.342
2026-08-14T23:51:22.336936,IMX_IRT,IMX,20253.0,-0.0158,7660100905905.0,20080.0,20231.0,20155.5,0.7491751631068443,9867.0273,15297.1769,39.21056760459764,60.316
2026-08-14T23:51:37.289371,UNI_IRT,UNI,599856.0,-0.0855,24056184799941.0,598141.0,600220.0,599180.5,0.3469739085300673,17354.1652,17132.6888,50.32110264392339,61.71
2026-08-14T23:51:37.289371,INJ_IRT,INJ,805522.0,-0.0621,17834977936104.0,803168.0,808574.0,805871.0,0.670826968584302,2457.4709000000003,2296.1911999999998,51.696373202462176,61.242
2026-08-14T23:51:37.289371,CRV_IRT,CRV,45195.0,-0.0483,7876642198488.0,44902.0,45281.0,45091.5,0.840513178758746,44221.74,40600.8142,52.134412146716514,60.966
2026-08-14T23:51:37.289371,SHIB_IRT,SHIB,0.8587,0.0315,20412819032340.0,0.858,0.859,0.8585,0.1164822364589401,42850164659.2056,18535342518.961,69.80501852796682,60.63
2026-08-14T23:51:37.289371,BONK_IRT,BONK,0.442,0.0298,6882837739134.0,0.4077,0.4403,0.42400000000000004,7.688679245283023,255803143.69660002,1575211506.4226,13.970567831335872,60.596
2026-08-14T23:51:37.289371,AXS_IRT,AXS,165991.0,0.0291,6100334553348.0,164234.0,167126.0,165680.0,1.7455335586673104,1457.4487,1481.456,49.59156042045188,60.582
2026-08-14T23:51:37.289371,POL_IRT,POL,13954.0,0.0269,56083556102301.0,13936.0,13980.0,13958.0,0.31523140851124803,146327.5272,231257.94139999998,38.75348480505587,60.538
2026-08-14T23:51:37.289371,LTC_IRT,LTC,8180887.0,-0.024,73580932842186.0,8168625.0,8192054.0,8180339.5,0.2864062060015969,1961.714,1889.058,50.943395246459666,60.48
2026-08-14T23:51:37.289371,S_IRT,S,4116.0,-0.023,10485115841298.0,4105.0,4116.0,4110.5,0.26760734703807326,2665229.27,2491546.06,51.684029251668015,60.46
2026-08-14T23:51:37.289371,LUNC_IRT,LUNC,8.914,-0.023,6359317176471.0,20.0,5.0,12.5,-120.0,27221977.873,4780048.4013,85.0632945541366,60.46
2026-08-14T23:51:37.289371,ATOM_IRT,ATOM,278109.0,-0.0227,17547712835541.0,276730.0,278866.0,277798.0,0.7689040237870682,7648.1011,8119.6848,48.50459759223393,60.454
2026-08-14T23:51:37.289371,GMT_IRT,GMT,1176.0,-0.0223,11891937879297.0,1173.0,1178.0,1175.5,0.4253509145044662,694258.8621,652520.4073,51.54956553565733,60.446
2026-08-14T23:51:37.289371,SAND_IRT,SAND,7411.0,0.0218,9781154243406.0,7389.0,7436.0,7412.5,0.6340640809443507,119439.9423,131851.9724,47.53035625622538,60.436
2026-08-14T23:51:37.289371,AAVE_IRT,AAVE,16101081.0,-0.0185,14268233011872.0,16017407.0,16083007.0,16050207.0,0.40871747012359405,47.4353,83.6901,36.175523582768854,60.37
2026-08-14T23:51:37.289371,WLD_IRT,WLD,64606.0,0.0171,12045843990810.0,64224.0,64690.0,64457.0,0.7229625952185178,33526.7962,37614.3967,47.127121198441415,60.342
2026-08-14T23:51:37.289371,IMX_IRT,IMX,20253.0,-0.0158,7660100905905.0,20080.0,20231.0,20155.5,0.7491751631068443,9867.0273,15297.1769,39.21056760459764,60.316
2026-08-14T23:51:52.492021,UNI_IRT,UNI,599856.0,-0.0855,24056184799941.0,598143.0,600220.0,599181.5,0.34663954077353853,17393.0287,17132.6255,50.3771155189291,61.71
2026-08-14T23:51:52.492021,INJ_IRT,INJ,805522.0,-0.0621,17834977936104.0,803168.0,807453.0,805310.5,0.532092900812792,2457.4709000000003,2304.1195,51.610296005301095,61.242
2026-08-14T23:51:52.492021,CRV_IRT,CRV,45195.0,-0.0483,7876642198488.0,44902.0,45283.0,45092.5,0.8449298663857626,44221.74,41408.9265,51.64241014053067,60.966
2026-08-14T23:51:52.492021,SHIB_IRT,SHIB,0.8587,0.0315,20412819032340.0,0.858,0.859,0.8585,0.1164822364589401,42759357496.8966,18677706502.6708,69.5986342986665,60.63
2026-08-14T23:51:52.492021,BONK_IRT,BONK,0.442,0.0298,6882837739134.0,0.4077,0.4403,0.42400000000000004,7.688679245283023,259595147.5966,1575211506.4226,14.148365280229875,60.596
2026-08-14T23:51:52.492021,AXS_IRT,AXS,165991.0,0.0291,6100334553348.0,164234.0,166385.0,165309.5,1.301195636064473,1457.4487,1507.3597,49.15827613008651,60.582
2026-08-14T23:51:52.492021,POL_IRT,POL,13954.0,0.0269,56083556102301.0,13936.0,13979.0,13957.5,0.30807809421458,145451.9923,231421.8191,38.59434853265052,60.538
2026-08-14T23:51:52.492021,LTC_IRT,LTC,8180887.0,-0.024,73580932842186.0,8168633.0,8192050.0,8180341.5,0.286259442836219,1940.951,1874.611,50.86933458295265,60.48
2026-08-14T23:51:52.492021,S_IRT,S,4116.0,-0.023,10485115841298.0,4105.0,4118.0,4111.5,0.3161863067007175,2665533.29,2491145.31,51.69089440633356,60.46
2026-08-14T23:51:52.492021,LUNC_IRT,LUNC,8.914,-0.023,6359317176471.0,20.0,5.0,12.5,-120.0,27221977.873,4780048.4013,85.0632945541366,60.46
2026-08-14T23:51:52.492021,ATOM_IRT,ATOM,278109.0,-0.0227,17547712835541.0,276730.0,278897.0,277813.5,0.7800196894679344,7648.1011,8138.8678,48.445658875023184,60.454
2026-08-14T23:51:52.492021,GMT_IRT,GMT,1176.0,-0.0223,11891937879297.0,1173.0,1179.0,1176.0,0.5102040816326531,694258.8621,663332.7096,51.13900797355695,60.446
2026-08-14T23:51:52.492021,SAND_IRT,SAND,7411.0,0.0218,9781154243406.0,7367.0,7436.0,7401.5,0.9322434641626697,92520.5364,131832.3396,41.238845719098336,60.436
2026-08-14T23:51:52.492021,AAVE_IRT,AAVE,16101081.0,-0.0185,14268233011872.0,16017407.0,16083007.0,16050207.0,0.40871747012359405,47.4353,83.09009999999999,36.34181546273752,60.37
2026-08-14T23:51:52.492021,WLD_IRT,WLD,64606.0,0.0171,12045843990810.0,64224.0,64687.0,64455.5,0.7183250459619427,33526.7962,37444.214,47.24012819532897,60.342
2026-08-14T23:51:52.492021,IMX_IRT,IMX,20253.0,-0.0158,7660100905905.0,20080.0,20231.0,20155.5,0.7491751631068443,9867.0273,15297.1769,39.21056760459764,60.316
2026-08-14T23:52:07.609778,UNI_IRT,UNI,599046.0,-0.0855,24056184799941.0,598138.0,602585.0,600361.5,0.7407203826361284,17348.9347,17132.7563,50.31346838529467,61.71
2026-08-14T23:52:07.609778,INJ_IRT,INJ,807515.0,-0.0621,17834977936104.0,803168.0,807453.0,805310.5,0.532092900812792,2457.4709000000003,2312.0679,51.52428784099629,61.242
2026-08-14T23:52:07.609778,CRV_IRT,CRV,45184.0,-0.0483,7876642198488.0,44902.0,45279.0,45090.5,0.8360962952284849,44221.74,41479.2214,51.60005124516608,60.966
2026-08-14T23:52:07.609778,SHIB_IRT,SHIB,0.8581,0.0315,20412819032340.0,0.8558,0.8596,0.8577,0.4430453538533316,42642238074.8872,18498453601.0803,69.74444826512902,60.63
2026-08-14T23:52:07.609778,AXS_IRT,AXS,165991.0,0.0291,6100334553348.0,164234.0,167126.0,165680.0,1.7455335586673104,1457.4487,1481.456,49.59156042045188,60.582
2026-08-14T23:52:07.609778,POL_IRT,POL,13954.0,0.0269,56083556102301.0,13936.0,13977.0,13956.5,0.293769927990542,133300.7489,231655.6004,36.52512119755578,60.538
2026-08-14T23:52:07.609778,LUNC_IRT,LUNC,8.907,-0.0243,6359317176471.0,20.0,5.0,12.5,-120.0,27221977.873,4780048.4013,85.0632945541366,60.486
2026-08-14T23:52:07.609778,S_IRT,S,4115.0,-0.023,10485115841298.0,4109.0,4118.0,4113.5,0.2187917831530327,2673591.64,2491145.31,51.76626933536276,60.46
2026-08-14T23:52:07.609778,ATOM_IRT,ATOM,278046.0,-0.0227,17547712835541.0,276730.0,278899.0,277814.5,0.7807367865968119,7648.1011,8119.0321,48.506605500104484,60.454
2026-08-14T23:52:07.609778,GMT_IRT,GMT,1176.0,-0.0223,11891937879297.0,1173.0,1179.0,1176.0,0.5102040816326531,687246.0884,663351.3695,50.88459809990881,60.446
2026-08-14T23:52:07.609778,SAND_IRT,SAND,7415.0,0.0218,9781154243406.0,7389.0,7443.0,7416.0,0.7281553398058253,96505.3104,131834.2759,42.263942036405446,60.436
2026-08-14T23:52:07.609778,LTC_IRT,LTC,8178270.0,-0.0207,73580932842186.0,8158828.0,8192040.0,8175434.0,0.40624143011857233,1927.28,1892.164,50.45970041712877,60.414
2026-08-14T23:52:07.609778,AAVE_IRT,AAVE,16092180.0,-0.0185,14268233011872.0,16017407.0,16083007.0,16050207.0,0.40871747012359405,47.4353,83.09009999999999,36.34181546273752,60.37
2026-08-14T23:52:07.609778,BCH_IRT,BCH,38147962.0,-0.0175,18109229636337.0,37946171.0,38199999.0,38073085.0,0.6666861905201535,57.1671,67.4821,45.862388206262054,60.35
2026-08-14T23:52:07.609778,WLD_IRT,WLD,64548.0,0.0171,12045843990810.0,64224.0,64675.0,64449.5,0.6997726902458514,33526.7962,38095.6757,46.81044274318044,60.342
2026-08-14T23:52:07.609778,IMX_IRT,IMX,20267.0,-0.0158,7660100905905.0,20080.0,20231.0,20155.5,0.7491751631068443,9867.0273,15297.1769,39.21056760459764,60.316
2026-08-14T23:52:22.519414,UNI_IRT,UNI,599046.0,-0.0855,24056184799941.0,598140.0,600545.0,599342.5,0.401273061730146,17356.307,17132.6303,50.32427311119266,61.71
2026-08-14T23:52:22.519414,INJ_IRT,INJ,807515.0,-0.0621,17834977936104.0,803168.0,806697.0,804932.5,0.438421855248732,2458.6348,2304.3795,51.61930334746213,61.242
2026-08-14T23:52:22.519414,CRV_IRT,CRV,45184.0,-0.0483,7876642198488.0,44902.0,45281.0,45091.5,0.840513178758746,44221.74,40735.1029,52.05200486563749,60.966
2026-08-14T23:52:22.519414,SHIB_IRT,SHIB,0.8581,0.0315,20412819032340.0,0.8559,0.8598,0.85785,0.45462493442909774,42662672498.5811,18428689911.9343,69.8342135699985,60.63
2026-08-14T23:52:22.519414,AXS_IRT,AXS,165991.0,0.0291,6100334553348.0,164234.0,166385.0,165309.5,1.301195636064473,1457.4487,1508.135,49.145424558409864,60.582
2026-08-14T23:52:22.519414,POL_IRT,POL,13954.0,0.0269,56083556102301.0,13893.0,13978.0,13935.5,0.609952997739586,135855.1132,230802.9803,37.052260841475196,60.538
2026-08-14T23:52:22.519414,LUNC_IRT,LUNC,8.907,-0.0243,6359317176471.0,20.0,5.0,12.5,-120.0,27221977.873,4780048.4013,85.0632945541366,60.486
2026-08-14T23:52:22.519414,S_IRT,S,4115.0,-0.023,10485115841298.0,4107.0,4114.0,4110.5,0.17029558447877388,2683486.85,2489475.74,51.87524176547351,60.46
2026-08-14T23:52:22.519414,ATOM_IRT,ATOM,278046.0,-0.0227,17547712835541.0,276730.0,280033.0,278381.5,1.186501258165503,7648.1011,8017.562,48.82079393115507,60.454
2026-08-14T23:52:22.519414,GMT_IRT,GMT,1176.0,-0.0223,11891937879297.0,1174.0,1179.0,1176.5,0.4249893752656183,688052.5509,664384.4483,50.875016825700584,60.446
2026-08-14T23:52:22.519414,SAND_IRT,SAND,7415.0,0.0218,9781154243406.0,7410.0,7443.0,7426.5,0.44435467582306604,101104.85889999999,131838.844,43.403130302003966,60.436
2026-08-14T23:52:22.519414,LTC_IRT,LTC,8178270.0,-0.0207,73580932842186.0,8158828.0,8192031.0,8175429.5,0.406131567766562,1927.28,1885.233,50.5514341852736,60.414
2026-08-14T23:52:22.519414,AAVE_IRT,AAVE,16092180.0,-0.0185,14268233011872.0,16017407.0,16083007.0,16050207.0,0.40871747012359405,47.4353,83.09009999999999,36.34181546273752,60.37
2026-08-14T23:52:22.519414,BCH_IRT,BCH,38147962.0,-0.0175,18109229636337.0,37946171.0,38199999.0,38073085.0,0.6666861905201535,57.1671,67.4821,45.862388206262054,60.35
2026-08-14T23:52:22.519414,WLD_IRT,WLD,64548.0,0.0171,12045843990810.0,64224.0,64674.0,64449.0,0.6982265046781175,33526.7962,38070.215,46.827089061505404,60.342
2026-08-14T23:52:22.519414,IMX_IRT,IMX,20267.0,-0.0158,7660100905905.0,20080.0,20231.0,20155.5,0.7491751631068443,9867.0273,15297.1769,39.21056760459764,60.316
2026-08-14T23:52:37.468013,UNI_IRT,UNI,599046.0,-0.0855,24056184799941.0,598141.0,602585.0,600363.0,0.7402188342719321,17371.5276,17132.7563,50.346002398849954,61.71
2026-08-14T23:52:37.468013,INJ_IRT,INJ,807515.0,-0.0621,17834977936104.0,803168.0,806583.0,804875.5,0.4242892223704163,2457.4709000000003,2296.2943,51.69525200781899,61.242
2026-08-14T23:52:37.468013,CRV_IRT,CRV,45184.0,-0.0483,7876642198488.0,44902.0,45281.0,45091.5,0.840513178758746,44221.74,41408.2848,51.64279714187353,60.966
2026-08-14T23:52:37.468013,SHIB_IRT,SHIB,0.8581,0.0315,20412819032340.0,0.856,0.8599,0.85795,0.45457194475202684,42756813007.3805,18449392372.9777,69.85699038467375,60.63
2026-08-14T23:52:37.468013,AXS_IRT,AXS,165991.0,0.0291,6100334553348.0,164234.0,166385.0,165309.5,1.301195636064473,1457.4487,1508.6639,49.13666123126951,60.582
2026-08-14T23:52:37.468013,POL_IRT,POL,13954.0,0.0269,56083556102301.0,13936.0,13970.0,13953.0,0.24367519529850212,134721.2256,231685.0494,36.768263753124856,60.538
2026-08-14T23:52:37.468013,LUNC_IRT,LUNC,8.907,-0.0243,6359317176471.0,20.0,5.0,12.5,-120.0,27221977.873,4780048.4013,85.0632945541366,60.486
2026-08-14T23:52:37.468013,S_IRT,S,4115.0,-0.023,10485115841298.0,4107.0,4114.0,4110.5,0.17029558447877388,2703951.22,2489475.74,52.06487432722072,60.46
2026-08-14T23:52:37.468013,ATOM_IRT,ATOM,278046.0,-0.0227,17547712835541.0,276730.0,278891.0,277810.5,0.7778683671063549,7648.1011,8017.9405,48.8196143944875,60.454
2026-08-14T23:52:37.468013,GMT_IRT,GMT,1176.0,-0.0223,11891937879297.0,1174.0,1179.0,1176.5,0.4249893752656183,698892.2756,664425.1608,51.26408985463483,60.446
2026-08-14T23:52:37.468013,SAND_IRT,SAND,7415.0,0.0218,9781154243406.0,7410.0,7443.0,7426.5,0.44435467582306604,101088.5641,132079.0696,43.354458119201645,60.436
2026-08-14T23:52:37.468013,LTC_IRT,LTC,8178270.0,-0.0207,73580932842186.0,8169131.0,8192021.0,8180576.0,0.27980914791330097,1961.758,1884.884,50.999235177071334,60.414
2026-08-14T23:52:37.468013,AAVE_IRT,AAVE,16092180.0,-0.0185,14268233011872.0,16017407.0,16083007.0,16050207.0,0.40871747012359405,47.4357,83.09009999999999,36.34201054504167,60.37
2026-08-14T23:52:37.468013,BCH_IRT,BCH,38147962.0,-0.0175,18109229636337.0,37946171.0,38199999.0,38073085.0,0.6666861905201535,57.1671,67.4821,45.862388206262054,60.35
2026-08-14T23:52:37.468013,WLD_IRT,WLD,64548.0,0.0171,12045843990810.0,64224.0,64667.0,64445.5,0.6874025339240133,33526.7962,38233.5377,46.72051309950775,60.342
2026-08-14T23:52:37.468013,IMX_IRT,IMX,20267.0,-0.0158,7660100905905.0,20080.0,20231.0,20155.5,0.7491751631068443,9867.0273,15297.1769,39.21056760459764,60.316
2026-08-14T23:52:52.323866,UNI_IRT,UNI,599046.0,-0.0855,24056184799941.0,598140.0,602585.0,600362.5,0.7403860167815278,17373.0254,17132.7563,50.34815774076493,61.71
2026-08-14T23:52:52.323866,INJ_IRT,INJ,807515.0,-0.0621,17834977936104.0,803168.0,806583.0,804875.5,0.4242892223704163,2457.4709000000003,2296.2943,51.69525200781899,61.242
2026-08-14T23:52:52.323866,CRV_IRT,CRV,45184.0,-0.0483,7876642198488.0,44902.0,45300.0,45101.0,0.8824638034633379,44221.74,41408.6631,51.64256899311501,60.966
2026-08-14T23:52:52.323866,SHIB_IRT,SHIB,0.8581,0.0315,20412819032340.0,0.858,0.859,0.8585,0.1164822364589401,42756154056.8031,18488365814.9829,69.81221200902894,60.63
2026-08-14T23:52:52.323866,AXS_IRT,AXS,165991.0,0.0291,6100334553348.0,164234.0,167126.0,165680.0,1.7455335586673104,1457.4487,1481.456,49.59156042045188,60.582
2026-08-14T23:52:52.323866,POL_IRT,POL,13954.0,0.0269,56083556102301.0,13936.0,13979.0,13957.5,0.30807809421458,135711.4015,231083.4833,36.999262291784284,60.538
2026-08-14T23:52:52.323866,LUNC_IRT,LUNC,8.907,-0.0243,6359317176471.0,20.0,5.0,12.5,-120.0,27221977.873,4780048.4013,85.0632945541366,60.486
2026-08-14T23:52:52.323866,S_IRT,S,4115.0,-0.023,10485115841298.0,4105.0,4119.0,4112.0,0.3404669260700389,2680468.69,2491574.7800000003,51.82610520479635,60.46
2026-08-14T23:52:52.323866,ATOM_IRT,ATOM,278046.0,-0.0227,17547712835541.0,276730.0,278887.0,277808.5,0.7764341263856217,7648.1011,8138.5255,48.44670931787289,60.454
2026-08-14T23:52:52.323866,GMT_IRT,GMT,1176.0,-0.0223,11891937879297.0,1174.0,1179.0,1176.5,0.4249893752656183,691456.5963,663392.082,51.03570659769968,60.446
2026-08-14T23:52:52.323866,SAND_IRT,SAND,7415.0,0.0218,9781154243406.0,7410.0,7451.0,7430.5,0.5517798263912254,123878.2614,131892.7927,48.4332606892908,60.436
2026-08-14T23:52:52.323866,LTC_IRT,LTC,8178270.0,-0.0207,73580932842186.0,8169137.0,8192015.0,8180576.0,0.27966245897599384,1961.859,1888.5240000000001,50.95230786132184,60.414
2026-08-14T23:52:52.323866,AAVE_IRT,AAVE,16092180.0,-0.0185,14268233011872.0,16017407.0,16083007.0,16050207.0,0.40871747012359405,47.4357,84.91,35.84226763695383,60.37
2026-08-14T23:52:52.323866,BCH_IRT,BCH,38147962.0,-0.0175,18109229636337.0,37946171.0,38200000.0,38073085.5,0.6666888082921464,57.1671,66.9974,46.04142085700824,60.35
2026-08-14T23:52:52.323866,WLD_IRT,WLD,64548.0,0.0171,12045843990810.0,64224.0,64663.0,64443.5,0.6812168799025503,33526.7962,39503.2956,45.90819396998211,60.342
2026-08-14T23:52:52.323866,IMX_IRT,IMX,20267.0,-0.0158,7660100905905.0,20080.0,20231.0,20155.5,0.7491751631068443,9867.0273,15297.1769,39.21056760459764,60.316
2026-08-14T23:53:07.723795,UNI_IRT,UNI,599443.0,-0.0855,24056184799941.0,598137.0,600737.0,599437.0,0.4337403263395486,17322.8864,17132.6369,50.27607982955812,61.71
2026-08-14T23:53:07.723795,INJ_IRT,INJ,807515.0,-0.068,17834977936104.0,803168.0,810963.0,807065.5,0.9658447796368449,2457.4709000000003,2307.2578,51.576302759903214,61.36
2026-08-14T23:53:07.723795,CRV_IRT,CRV,45185.0,-0.0483,7876642198488.0,44983.0,45524.0,45253.5,1.1954876418398577,46325.343199999996,44403.7639,51.05896517744966,60.966
2026-08-14T23:53:07.723795,SHIB_IRT,SHIB,0.8577,0.0315,20412819032340.0,0.8564,0.8599,0.85815,0.4078541047602339,42601909355.5523,18430751719.7736,69.80182185235779,60.63
2026-08-14T23:53:07.723795,AXS_IRT,AXS,165991.0,0.0291,6100334553348.0,164234.0,167480.0,165857.0,1.9571076288610065,1457.4487,1280.6075,53.229320128637234,60.582
2026-08-14T23:53:07.723795,POL_IRT,POL,13949.0,0.0269,56083556102301.0,13885.0,13976.0,13930.5,0.6532428843185816,131828.1341,230227.6601,36.41099968895347,60.538
2026-08-14T23:53:07.723795,LUNC_IRT,LUNC,8.907,-0.0243,6359317176471.0,20.0,5.0,12.5,-120.0,27221977.873,4780048.4013,85.0632945541366,60.486
2026-08-14T23:53:07.723795,S_IRT,S,4113.0,-0.023,10485115841298.0,4107.0,4118.0,4112.5,0.2674772036474164,2727440.68,2491583.41,52.25959169696035,60.46
2026-08-14T23:53:07.723795,ATOM_IRT,ATOM,278235.0,-0.0227,17547712835541.0,276730.0,278884.0,277807.0,0.7753584322929228,7648.1011,8138.6085,48.44645460508122,60.454
2026-08-14T23:53:07.723795,GMT_IRT,GMT,1176.0,-0.0223,11891937879297.0,1173.0,1179.0,1176.0,0.5102040816326531,687246.0884,663412.4382,50.88229740273421,60.446
2026-08-14T23:53:07.723795,SAND_IRT,SAND,7424.0,0.0218,9781154243406.0,7422.0,7451.0,7436.5,0.3899683991124857,124203.5304,131895.0743,48.498323739598256,60.436
2026-08-14T23:53:07.723795,LTC_IRT,LTC,8182063.0,-0.0207,73580932842186.0,8169130.0,8192008.0,8180569.0,0.2796626982793006,1961.722,1908.7740000000001,50.68399502286012,60.414
2026-08-14T23:53:07.723795,AAVE_IRT,AAVE,16096016.0,-0.0185,14268233011872.0,16017407.0,16083007.0,16050207.0,0.40871747012359405,47.4357,84.91,35.84226763695383,60.37
2026-08-14T23:53:07.723795,BCH_IRT,BCH,38144637.0,-0.0175,18109229636337.0,37946171.0,38200000.0,38073085.5,0.6666888082921464,55.2506,66.3868,45.42237831456444,60.35
2026-08-14T23:53:07.723795,WLD_IRT,WLD,64590.0,0.0171,12045843990810.0,64224.0,64705.0,64464.5,0.7461471042201522,33526.7962,37286.6873,47.345215265395034,60.342
2026-08-14T23:53:07.723795,IMX_IRT,IMX,20248.0,-0.0158,7660100905905.0,20080.0,20231.0,20155.5,0.7491751631068443,9867.0273,15297.1769,39.21056760459764,60.316
2026-08-14T23:53:22.484098,UNI_IRT,UNI,599443.0,-0.0855,24056184799941.0,598138.0,600872.0,599505.0,0.4560429020608669,17349.605,17132.6402,50.31460364419657,61.71
2026-08-14T23:53:22.484098,INJ_IRT,INJ,807515.0,-0.068,17834977936104.0,803168.0,806697.0,804932.5,0.438421855248732,2458.6348,2262.9496,52.07224083508917,61.36
2026-08-14T23:53:22.484098,CRV_IRT,CRV,45185.0,-0.0483,7876642198488.0,44983.0,45347.0,45165.0,0.80593379829514,45634.693,43082.5211,51.438374686294395,60.966
2026-08-14T23:53:22.484098,SHIB_IRT,SHIB,0.8577,0.0315,20412819032340.0,0.857,0.8599,0.8584499999999999,0.33781816063836145,42739506017.0645,18430751719.7736,69.86974977436756,60.63
2026-08-14T23:53:22.484098,AXS_IRT,AXS,165991.0,0.0291,6100334553348.0,164234.0,167480.0,165857.0,1.9571076288610065,1457.4487,1482.2573,49.578042838297435,60.582
2026-08-14T23:53:22.484098,POL_IRT,POL,13949.0,0.0269,56083556102301.0,13933.0,13973.0,13953.0,0.2866767003511789,135697.3776,230529.55969999998,37.05281173482921,60.538
2026-08-14T23:53:22.484098,LUNC_IRT,LUNC,8.907,-0.0243,6359317176471.0,20.0,5.0,12.5,-120.0,27221977.873,4780048.4013,85.0632945541366,60.486
2026-08-14T23:53:22.484098,S_IRT,S,4113.0,-0.023,10485115841298.0,4104.0,4118.0,4111.0,0.34054974458769155,2666816.29,2491145.31,51.70291089410205,60.46
2026-08-14T23:53:22.484098,ATOM_IRT,ATOM,278235.0,-0.0227,17547712835541.0,276730.0,278877.0,277803.5,0.7728484342349898,7648.1011,8119.609,48.50483076803904,60.454
2026-08-14T23:53:22.484098,GMT_IRT,GMT,1176.0,-0.0223,11891937879297.0,1173.0,1179.0,1176.0,0.5102040816326531,687246.0884,663422.6163,50.881913974059664,60.446
2026-08-14T23:53:22.484098,SAND_IRT,SAND,7424.0,0.0218,9781154243406.0,7422.0,7451.0,7436.5,0.3899683991124857,124800.9835,131899.9059,48.61727740472722,60.436
2026-08-14T23:53:22.484098,LTC_IRT,LTC,8182063.0,-0.0207,73580932842186.0,8169138.0,8192001.0,8180569.5,0.2794793198688673,1962.603,1885.624,51.000187878729605,60.414
2026-08-14T23:53:22.484098,AAVE_IRT,AAVE,16096016.0,-0.0185,14268233011872.0,16017407.0,16083007.0,16050207.0,0.40871747012359405,47.4357,84.91,35.84226763695383,60.37
2026-08-14T23:53:22.484098,BCH_IRT,BCH,38144637.0,-0.0175,18109229636337.0,37946171.0,38200000.0,38073085.5,0.6666888082921464,58.6624,74.4822,44.059165749117874,60.35
2026-08-14T23:53:22.484098,WLD_IRT,WLD,64590.0,0.0171,12045843990810.0,64224.0,64704.0,64464.0,0.7446016381236039,33526.7962,37383.4429,47.28061366810424,60.342
2026-08-14T23:53:22.484098,IMX_IRT,IMX,20248.0,-0.0158,7660100905905.0,20080.0,20231.0,20155.5,0.7491751631068443,9867.0273,15297.1769,39.21056760459764,60.316
2026-08-14T23:53:37.396277,UNI_IRT,UNI,599443.0,-0.0855,24056184799941.0,598138.0,600291.0,599214.5,0.3593037217891089,17349.605,17132.6421,50.314600871820794,61.71
2026-08-14T23:53:37.396277,INJ_IRT,INJ,807515.0,-0.068,17834977936104.0,803168.0,809352.0,806260.0,0.7669982387815345,2435.4314,2307.3407,51.35037797831357,61.36
2026-08-14T23:53:37.396277,CRV_IRT,CRV,45185.0,-0.0483,7876642198488.0,44983.0,45341.0,45162.0,0.792701828971259,45634.693,43084.0308,51.43749937485011,60.966
2026-08-14T23:53:37.396277,SHIB_IRT,SHIB,0.8577,0.0315,20412819032340.0,0.858,0.859,0.8585,0.1164822364589401,42719271200.6248,18459494869.2847,69.82695785627504,60.63
2026-08-14T23:53:37.396277,AXS_IRT,AXS,165991.0,0.0291,6100334553348.0,164234.0,167480.0,165857.0,1.9571076288610065,1457.4487,1482.2573,49.578042838297435,60.582
2026-08-14T23:53:37.396277,POL_IRT,POL,13949.0,0.0269,56083556102301.0,13920.0,13974.0,13947.0,0.3871800387180039,133299.3576,230237.3671,36.66737045892739,60.538
2026-08-14T23:53:37.396277,LUNC_IRT,LUNC,8.907,-0.0243,6359317176471.0,20.0,5.0,12.5,-120.0,27221977.873,4780048.4013,85.0632945541366,60.486
2026-08-14T23:53:37.396277,S_IRT,S,4113.0,-0.023,10485115841298.0,4107.0,4118.0,4112.5,0.2674772036474164,2684120.92,2491145.31,51.86440273237884,60.46
2026-08-14T23:53:37.396277,ATOM_IRT,ATOM,278235.0,-0.0227,17547712835541.0,276730.0,278883.0,277806.5,0.7749998650139576,7648.1011,8119.6152,48.50481169552752,60.454
2026-08-14T23:53:37.396277,GMT_IRT,GMT,1176.0,-0.0223,11891937879297.0,1174.0,1179.0,1176.5,0.4249893752656183,691124.1088,664548.1464,50.9801765248961,60.446
2026-08-14T23:53:37.396277,SAND_IRT,SAND,7424.0,0.0218,9781154243406.0,7392.0,7451.0,7421.5,0.7949875362123561,124583.2487,131902.3217,48.5731998512459,60.436
2026-08-14T23:53:37.396277,LTC_IRT,LTC,8182063.0,-0.0207,73580932842186.0,8169144.0,8191995.0,8180569.5,0.27933263081500626,1952.096,1875.232,51.004147018494365,60.414
2026-08-14T23:53:37.396277,AAVE_IRT,AAVE,16096016.0,-0.0185,14268233011872.0,16001394.0,16083007.0,16042200.5,0.5087394338451262,47.1755,84.4077,35.852221256209,60.37
2026-08-14T23:53:37.396277,BCH_IRT,BCH,38144637.0,-0.0175,18109229636337.0,37946171.0,38200000.0,38073085.5,0.6666888082921464,58.6502,74.4822,44.0540394374322,60.35
2026-08-14T23:53:37.396277,WLD_IRT,WLD,64590.0,0.0171,12045843990810.0,64224.0,64692.0,64458.0,0.7260541748115051,33526.7962,38176.9913,46.757357412953944,60.342
2026-08-14T23:53:37.396277,IMX_IRT,IMX,20248.0,-0.0158,7660100905905.0,20080.0,20231.0,20155.5,0.7491751631068443,9867.0273,15297.1769,39.21056760459764,60.316
2026-08-14T23:53:52.438614,UNI_IRT,UNI,599614.0,-0.0855,24056184799941.0,598138.0,602585.0,600361.5,0.7407203826361284,17349.605,17132.7563,50.31443423800561,61.71
2026-08-14T23:53:52.438614,INJ_IRT,INJ,807515.0,-0.068,17834977936104.0,803168.0,808951.0,806059.5,0.7174408340823476,2457.5078,2296.1717,51.696960217869126,61.36
2026-08-14T23:53:52.438614,CRV_IRT,CRV,45277.0,-0.0483,7876642198488.0,44986.0,45330.0,45158.0,0.7617697860844147,46385.4225,42419.9793,52.23265877954736,60.966
2026-08-14T23:53:52.438614,SHIB_IRT,SHIB,0.8584,0.0315,20412819032340.0,0.858,0.859,0.8585,0.1164822364589401,42719271200.6248,18459513121.7303,69.82693702368145,60.63
2026-08-14T23:53:52.438614,AXS_IRT,AXS,166110.0,0.0291,6100334553348.0,164234.0,167480.0,165857.0,1.9571076288610065,1457.4487,1482.2573,49.578042838297435,60.582
2026-08-14T23:53:52.438614,POL_IRT,POL,13949.0,0.0269,56083556102301.0,13931.0,13979.0,13955.0,0.34396273737011823,146281.8505,231129.1747,38.75929443833322,60.538
2026-08-14T23:53:52.438614,LUNC_IRT,LUNC,8.907,-0.0243,6359317176471.0,20.0,5.0,12.5,-120.0,27221977.873,4780048.4013,85.0632945541366,60.486
2026-08-14T23:53:52.438614,S_IRT,S,4115.0,-0.023,10485115841298.0,4108.0,4136.0,4122.0,0.6792819019893256,2651375.3,2492270.6,51.54661404666289,60.46
2026-08-14T23:53:52.438614,GMT_IRT,GMT,1176.0,-0.0223,11891937879297.0,1174.0,1179.0,1176.5,0.4249893752656183,683895.1996,663454.847,50.75853905418197,60.446
2026-08-14T23:53:52.438614,SAND_IRT,SAND,7431.0,0.0218,9781154243406.0,7392.0,7451.0,7421.5,0.7949875362123561,123932.9702,131907.1532,48.44156911472159,60.436
2026-08-14T23:53:52.438614,LTC_IRT,LTC,8180145.0,-0.0207,73580932842186.0,8170258.0,8191989.0,8181123.5,0.2656236640358748,1959.088,1873.606,51.1151685994238,60.414
2026-08-14T23:53:52.438614,AAVE_IRT,AAVE,16091837.0,-0.0185,14268233011872.0,16001394.0,16083007.0,16042200.5,0.5087394338451262,47.1755,84.4077,35.852221256209,60.37
2026-08-14T23:53:52.438614,BCH_IRT,BCH,38170071.0,-0.0175,18109229636337.0,37946171.0,38200000.0,38073085.5,0.6666888082921464,58.6502,74.4822,44.0540394374322,60.35
2026-08-14T23:53:52.438614,WLD_IRT,WLD,64551.0,0.0171,12045843990810.0,64224.0,64690.0,64457.0,0.7229625952185178,33526.7962,36894.2016,47.6090899694693,60.342
2026-08-14T23:53:52.438614,IMX_IRT,IMX,20267.0,-0.0158,7660100905905.0,20080.0,20231.0,20155.5,0.7491751631068443,9867.0273,15297.1769,39.21056760459764,60.316
2026-08-14T23:53:52.438614,ALGO_IRT,ALGO,14858.0,0.0154,7249082196741.0,14785.0,14889.0,14837.0,0.700950326885489,714579.2132,701728.1764,50.453681061553645,60.308
2026-08-14T23:54:08.263349,UNI_IRT,UNI,599614.0,-0.0855,24056184799941.0,598138.0,602585.0,600361.5,0.7407203826361284,17349.605,17132.7563,50.31443423800561,61.71
2026-08-14T23:54:08.263349,INJ_IRT,INJ,807515.0,-0.068,17834977936104.0,803168.0,806455.0,804811.5,0.40841861727870443,2458.7277,2327.4671,51.37124172212965,61.36
2026-08-14T23:54:08.263349,CRV_IRT,CRV,45277.0,-0.0483,7876642198488.0,44986.0,45340.0,45163.0,0.7838274693886588,46385.4225,42939.649,51.92878295093221,60.966
2026-08-14T23:54:08.263349,SHIB_IRT,SHIB,0.8584,0.0315,20412819032340.0,0.858,0.859,0.8585,0.1164822364589401,42711165854.3536,18425090187.8653,69.86225297286526,60.63
2026-08-14T23:54:08.263349,AXS_IRT,AXS,166110.0,0.0291,6100334553348.0,164234.0,167480.0,165857.0,1.9571076288610065,1457.4487,1482.2573,49.578042838297435,60.582
2026-08-14T23:54:08.263349,POL_IRT,POL,13949.0,0.0269,56083556102301.0,13934.0,13980.0,13957.0,0.3295837214301068,133283.6446,230592.5178,36.62884749605681,60.538
2026-08-14T23:54:08.263349,LUNC_IRT,LUNC,8.907,-0.0243,6359317176471.0,20.0,5.0,12.5,-120.0,27221977.873,4780048.4013,85.0632945541366,60.486
2026-08-14T23:54:08.263349,S_IRT,S,4115.0,-0.023,10485115841298.0,4112.0,4131.0,4121.5,0.46099720975373043,2681314.56,2492177.84,51.82794044502703,60.46
2026-08-14T23:54:08.263349,GMT_IRT,GMT,1176.0,-0.0223,11891937879297.0,1173.0,1179.0,1176.0,0.5102040816326531,687246.0884,663465.8733,50.880284463834556,60.446
2026-08-14T23:54:08.263349,SAND_IRT,SAND,7431.0,0.0218,9781154243406.0,7422.0,7451.0,7436.5,0.3899683991124857,124613.7724,131909.569,48.57794683318436,60.436
2026-08-14T23:54:08.263349,LTC_IRT,LTC,8180145.0,-0.0207,73580932842186.0,8170265.0,8191979.0,8181122.0,0.265415917278828,1952.333,1886.438,50.85828250760465,60.414
2026-08-14T23:54:08.263349,AAVE_IRT,AAVE,16091837.0,-0.0185,14268233011872.0,16001394.0,16083007.0,16042200.5,0.5087394338451262,46.2612,84.4077,35.40337448314021,60.37
2026-08-14T23:54:08.263349,BCH_IRT,BCH,38170071.0,-0.0175,18109229636337.0,37946171.0,38200000.0,38073085.5,0.6666888082921464,58.6502,74.4822,44.0540394374322,60.35
2026-08-14T23:54:08.263349,WLD_IRT,WLD,64551.0,0.0171,12045843990810.0,64224.0,64687.0,64455.5,0.7183250459619427,33526.7962,39372.9355,45.99028750609242,60.342
2026-08-14T23:54:08.263349,IMX_IRT,IMX,20267.0,-0.0158,7660100905905.0,20080.0,20231.0,20155.5,0.7491751631068443,9867.0273,15297.1769,39.21056760459764,60.316
2026-08-14T23:54:08.263349,ALGO_IRT,ALGO,14858.0,0.0154,7249082196741.0,14833.0,14889.0,14861.0,0.3768252472915685,718201.0448,702383.5815,50.55672372511864,60.308
2026-08-14T23:54:23.670297,UNI_IRT,UNI,599614.0,-0.0855,24056184799941.0,598138.0,602585.0,600361.5,0.7407203826361284,17349.605,17132.7563,50.31443423800561,61.71
2026-08-14T23:54:23.670297,INJ_IRT,INJ,807515.0,-0.068,17834977936104.0,803168.0,806455.0,804811.5,0.40841861727870443,2458.7277,2285.7189,51.82327692338239,61.36
2026-08-14T23:54:23.670297,CRV_IRT,CRV,45277.0,-0.0483,7876642198488.0,44986.0,45347.0,45166.5,0.7992649419370551,46385.4225,42346.286,52.27603895398904,60.966
2026-08-14T23:54:23.670297,SHIB_IRT,SHIB,0.8584,0.0315,20412819032340.0,0.8564,0.8589,0.85765,0.2914941992654284,42597366404.116,18463717664.0987,69.76189016973254,60.63
2026-08-14T23:54:23.670297,AXS_IRT,AXS,166110.0,0.0291,6100334553348.0,164234.0,166381.0,165307.5,1.298791645872087,1457.4487,1597.1191000000001,47.71374529647042,60.582
2026-08-14T23:54:23.670297,POL_IRT,POL,13949.0,0.0269,56083556102301.0,13938.0,13977.0,13957.5,0.27941966684578184,145247.3731,230549.42549999998,38.650508370775675,60.538
2026-08-14T23:54:23.670297,LUNC_IRT,LUNC,8.907,-0.0243,6359317176471.0,20.0,5.0,12.5,-120.0,27221977.873,4780048.4013,85.0632945541366,60.486
2026-08-14T23:54:23.670297,S_IRT,S,4115.0,-0.023,10485115841298.0,4106.0,4124.0,4115.0,0.4374240583232078,2710197.15,2490873.36,52.10844853553043,60.46
2026-08-14T23:54:23.670297,GMT_IRT,GMT,1176.0,-0.0223,11891937879297.0,1173.0,1183.0,1178.0,0.8488964346349746,687246.0884,651535.2664,51.33370627966861,60.446
2026-08-14T23:54:23.670297,SAND_IRT,SAND,7431.0,0.0218,9781154243406.0,7422.0,7451.0,7436.5,0.3899683991124857,124839.9978,131914.669,48.62228965724879,60.436
2026-08-14T23:54:23.670297,LTC_IRT,LTC,8180145.0,-0.0207,73580932842186.0,8170869.0,8191973.0,8181421.0,0.2579502998317774,1950.27,1876.875,50.95887404318362,60.414
2026-08-14T23:54:23.670297,AAVE_IRT,AAVE,16091837.0,-0.0185,14268233011872.0,16001394.0,16083007.0,16042200.5,0.5087394338451262,46.2612,84.4077,35.40337448314021,60.37
2026-08-14T23:54:23.670297,BCH_IRT,BCH,38170071.0,-0.0175,18109229636337.0,37946171.0,38200000.0,38073085.5,0.6666888082921464,58.6502,74.4822,44.0540394374322,60.35
2026-08-14T23:54:23.670297,WLD_IRT,WLD,64551.0,0.0171,12045843990810.0,64224.0,64742.0,64483.0,0.8033125009692477,33526.7962,39372.9355,45.99028750609242,60.342
2026-08-14T23:54:23.670297,IMX_IRT,IMX,20267.0,-0.0158,7660100905905.0,20080.0,20231.0,20155.5,0.7491751631068443,9867.0273,15297.1769,39.21056760459764,60.316
2026-08-14T23:54:23.670297,ALGO_IRT,ALGO,14858.0,0.0154,7249082196741.0,14829.0,14932.0,14880.5,0.692181042303686,717621.7019,702366.7637,50.53715007443931,60.308
2026-08-14T23:54:38.819070,UNI_IRT,UNI,599614.0,-0.0855,24056184799941.0,598138.0,599776.0,598957.0,0.27347539138869736,17496.9719,16914.14,50.846865834637555,61.71
2026-08-14T23:54:38.819070,INJ_IRT,INJ,807515.0,-0.068,17834977936104.0,803168.0,806152.0,804660.0,0.37083985782815104,2458.7277,2317.0611,51.48317488411548,61.36
2026-08-14T23:54:38.819070,CRV_IRT,CRV,45277.0,-0.0483,7876642198488.0,44986.0,45338.0,45162.0,0.7794163234577742,46385.4225,45989.913,50.2140774362871,60.966
2026-08-14T23:54:38.819070,SHIB_IRT,SHIB,0.8584,0.0315,20412819032340.0,0.857,0.859,0.858,0.2331002331002333,42683889962.7748,18418516384.5445,69.85631583828358,60.63
2026-08-14T23:54:38.819070,AXS_IRT,AXS,166110.0,0.0291,6100334553348.0,164234.0,167480.0,165857.0,1.9571076288610065,1457.4487,1482.2573,49.578042838297435,60.582
2026-08-14T23:54:38.819070,POL_IRT,POL,13949.0,0.0269,56083556102301.0,13938.0,13981.0,13959.5,0.3080339553708944,136148.2583,230509.0755,37.132288310988635,60.538
2026-08-14T23:54:38.819070,LUNC_IRT,LUNC,8.907,-0.0243,6359317176471.0,20.0,5.0,12.5,-120.0,27221977.873,4780048.4013,85.0632945541366,60.486
2026-08-14T23:54:38.819070,S_IRT,S,4115.0,-0.023,10485115841298.0,4101.0,4133.0,4117.0,0.7772649987855235,2651377.6,2490516.36,51.56422167834827,60.46
2026-08-14T23:54:38.819070,GMT_IRT,GMT,1176.0,-0.0223,11891937879297.0,1172.0,1177.0,1174.5,0.4257130693912303,684421.5974,657530.6936,51.001932184189705,60.446
2026-08-14T23:54:38.819070,SAND_IRT,SAND,7431.0,0.0218,9781154243406.0,7422.0,7453.0,7437.5,0.41680672268907565,124568.7128,131919.6974,48.56699478267498,60.436
2026-08-14T23:54:38.819070,LTC_IRT,LTC,8180145.0,-0.0207,73580932842186.0,8170885.0,8191962.0,8181423.5,0.25762020509022665,1932.412,1882.782,50.65042564021647,60.414
2026-08-14T23:54:38.819070,AAVE_IRT,AAVE,16091837.0,-0.0185,14268233011872.0,16001394.0,16083007.0,16042200.5,0.5087394338451262,46.2625,84.4077,35.40401713627131,60.37
2026-08-14T23:54:38.819070,BCH_IRT,BCH,38170071.0,-0.0175,18109229636337.0,37946171.0,38200000.0,38073085.5,0.6666888082921464,58.6502,74.4822,44.0540394374322,60.35
2026-08-14T23:54:38.819070,WLD_IRT,WLD,64551.0,0.0171,12045843990810.0,64224.0,64727.0,64475.5,0.7801412939798839,33526.7962,39385.8707,45.98212851819304,60.342
2026-08-14T23:54:38.819070,IMX_IRT,IMX,20267.0,-0.0158,7660100905905.0,20080.0,20231.0,20155.5,0.7491751631068443,9867.0273,15297.1769,39.21056760459764,60.316
2026-08-14T23:54:38.819070,ALGO_IRT,ALGO,14858.0,0.0154,7249082196741.0,14785.0,14885.0,14835.0,0.6740815638692282,714453.2052,701709.2418,50.449947088591315,60.308
2026-08-14T23:54:55.479337,UNI_IRT,UNI,598883.0,-0.0855,24056184799941.0,598139.0,599776.0,598957.5,0.2733082063418523,17518.4668,16887.2852,50.91726174158322,61.71
2026-08-14T23:54:55.479337,INJ_IRT,INJ,807515.0,-0.068,17834977936104.0,803168.0,805940.0,804554.0,0.3445387133741178,2468.1504,2319.4622,51.55284285115299,61.36
2026-08-14T23:54:55.479337,CRV_IRT,CRV,45258.0,-0.0483,7876642198488.0,44986.0,45333.0,45159.5,0.7683876039371561,46385.4225,45990.3238,50.21385413153626,60.966
2026-08-14T23:54:55.479337,SHIB_IRT,SHIB,0.8583,0.0315,20412819032340.0,0.8565,0.859,0.85775,0.2914602156805534,42622369056.2785,18555584252.753498,69.66949162384934,60.63
2026-08-14T23:54:55.479337,AXS_IRT,AXS,166110.0,0.0291,6100334553348.0,164234.0,167480.0,165857.0,1.9571076288610065,1457.4487,1482.2573,49.578042838297435,60.582
2026-08-14T23:54:55.479337,POL_IRT,POL,13948.0,0.0269,56083556102301.0,13886.0,13979.0,13932.5,0.6675040373228064,133423.2213,230559.8191,36.65643903446003,60.538
2026-08-14T23:54:55.479337,SAND_IRT,SAND,7431.0,0.0253,9781154243406.0,7422.0,7453.0,7437.5,0.41680672268907565,124263.2671,131922.2467,48.50518878167732,60.506
2026-08-14T23:54:55.479337,LUNC_IRT,LUNC,8.909,-0.024,6359317176471.0,20.0,5.0,12.5,-120.0,27221977.873,4780048.4013,85.0632945541366,60.48
2026-08-14T23:54:55.479337,S_IRT,S,4115.0,-0.023,10485115841298.0,4103.0,4109.0,4106.0,0.14612761811982464,2651752.97,2490462.74,51.56829506088534,60.46
2026-08-14T23:54:55.479337,GMT_IRT,GMT,1176.0,-0.0223,11891937879297.0,1172.0,1184.0,1178.0,1.0186757215619695,684488.309,655207.2091,51.09282667234445,60.446
2026-08-14T23:54:55.479337,LTC_IRT,LTC,8181845.0,-0.0207,73580932842186.0,8158829.0,8191955.0,8175392.0,0.405191579804369,1944.308,1889.047,50.72079157813456,60.414
2026-08-14T23:54:55.479337,AAVE_IRT,AAVE,16078713.0,-0.0185,14268233011872.0,16001394.0,16083007.0,16042200.5,0.5087394338451262,46.2625,84.4077,35.40401713627131,60.37
2026-08-14T23:54:55.479337,BCH_IRT,BCH,38188819.0,-0.0175,18109229636337.0,37946171.0,38200000.0,38073085.5,0.6666888082921464,58.6502,74.4822,44.0540394374322,60.35
2026-08-14T23:54:55.479337,WLD_IRT,WLD,64569.0,0.0171,12045843990810.0,64224.0,64727.0,64475.5,0.7801412939798839,33526.7962,39385.8707,45.98212851819304,60.342
2026-08-14T23:54:55.479337,SEI_IRT,SEI,7538.0,-0.0168,80443751164959.0,7510.0,7551.0,7530.5,0.5444525595909966,1460586.0888999999,1337545.3477,52.19862333110245,60.336
2026-08-14T23:54:55.479337,IMX_IRT,IMX,20250.0,-0.0158,7660100905905.0,20080.0,20231.0,20155.5,0.7491751631068443,9867.0273,15297.1769,39.21056760459764,60.316
2026-08-14T23:55:11.107540,UNI_IRT,UNI,598883.0,-0.0855,24056184799941.0,598140.0,599776.0,598958.0,0.2731410215741338,17874.5953,16506.5117,51.98958631553079,61.71
2026-08-14T23:55:11.107540,INJ_IRT,INJ,807515.0,-0.068,17834977936104.0,801384.0,806128.0,803756.0,0.5902288754298568,2457.3121,2278.1924,51.89124199966445,61.36
2026-08-14T23:55:11.107540,CRV_IRT,CRV,45258.0,-0.0483,7876642198488.0,44986.0,45290.0,45138.0,0.6734901856528867,46385.4225,43093.9471,51.839237030118724,60.966
2026-08-14T23:55:11.107540,SHIB_IRT,SHIB,0.8583,0.0315,20412819032340.0,0.857,0.859,0.858,0.2331002331002333,42716352443.6344,18455819191.1035,69.82971390765049,60.63
2026-08-14T23:55:11.107540,AXS_IRT,AXS,166110.0,0.0291,6100334553348.0,164234.0,166557.0,165395.5,1.4045122146612212,1457.4487,1562.8303,48.25543269346971,60.582
2026-08-14T23:55:11.107540,POL_IRT,POL,13948.0,0.0269,56083556102301.0,13935.0,13975.0,13955.0,0.2866356144750985,135692.3372,230563.4995,37.04851188791991,60.538
2026-08-14T23:55:11.107540,SAND_IRT,SAND,7431.0,0.0253,9781154243406.0,7422.0,7453.0,7437.5,0.41680672268907565,106238.0606,131924.9301,44.60729195906927,60.506
2026-08-14T23:55:11.107540,LUNC_IRT,LUNC,8.909,-0.024,6359317176471.0,20.0,5.0,12.5,-120.0,27221977.873,4780048.4013,85.0632945541366,60.48
2026-08-14T23:55:11.107540,S_IRT,S,4115.0,-0.023,10485115841298.0,4107.0,4109.0,4108.0,0.04868549172346641,2664857.88,2492124.22,51.67475527983703,60.46
2026-08-14T23:55:11.107540,GMT_IRT,GMT,1176.0,-0.0223,11891937879297.0,1172.0,1177.0,1174.5,0.4257130693912303,684474.27,663092.275,50.79335581160485,60.446
2026-08-14T23:55:11.107540,LTC_IRT,LTC,8181845.0,-0.0207,73580932842186.0,8168108.0,8191958.0,8180033.0,0.2915636159414027,1891.352,1843.112,50.645875820465804,60.414
2026-08-14T23:55:11.107540,AAVE_IRT,AAVE,16078713.0,-0.0185,14268233011872.0,16001394.0,16083007.0,16042200.5,0.5087394338451262,46.2625,84.4077,35.40401713627131,60.37
2026-08-14T23:55:11.107540,BCH_IRT,BCH,38188819.0,-0.0175,18109229636337.0,37976750.0,38200000.0,38088375.0,0.5861368462162011,58.6661,74.4822,44.06072026454712,60.35
2026-08-14T23:55:11.107540,WLD_IRT,WLD,64569.0,0.0171,12045843990810.0,64224.0,64662.0,64443.0,0.6796704064056608,33526.7962,39482.2402,45.92143363776815,60.342
2026-08-14T23:55:11.107540,SEI_IRT,SEI,7538.0,-0.0168,80443751164959.0,7510.0,7552.0,7531.0,0.5576948612402072,1460586.0888999999,1338437.5748,52.181984305529824,60.336
2026-08-14T23:55:11.107540,IMX_IRT,IMX,20250.0,-0.0158,7660100905905.0,20080.0,20231.0,20155.5,0.7491751631068443,9867.0273,15297.1769,39.21056760459764,60.316
2026-08-14T23:55:25.552664,UNI_IRT,UNI,598883.0,-0.0855,24056184799941.0,598001.0,599776.0,598888.5,0.29638238169542414,18100.7917,16506.5117,52.30338663138948,61.71
2026-08-14T23:55:25.552664,INJ_IRT,INJ,807515.0,-0.068,17834977936104.0,801384.0,806310.0,803847.0,0.6128031826952144,2457.3121,2303.8386,51.61172697180116,61.36
2026-08-14T23:55:25.552664,CRV_IRT,CRV,45258.0,-0.0483,7876642198488.0,44986.0,45290.0,45138.0,0.6734901856528867,46385.4225,43010.753,51.887479794927025,60.966
2026-08-14T23:55:25.552664,SHIB_IRT,SHIB,0.8583,0.0315,20412819032340.0,0.859,0.859,0.859,0.0,42625735544.7558,18455424466.2811,69.78540606801452,60.63
2026-08-14T23:55:25.552664,AXS_IRT,AXS,166110.0,0.0291,6100334553348.0,164234.0,166556.0,165395.0,1.4039118473956287,1457.4487,1523.5046,48.892033967791434,60.582
2026-08-14T23:55:25.552664,POL_IRT,POL,13948.0,0.0269,56083556102301.0,13934.0,14042.0,13988.0,0.77209036316843,134250.206,230225.64059999998,36.83377300645524,60.538
2026-08-14T23:55:25.552664,SAND_IRT,SAND,7431.0,0.0253,9781154243406.0,7398.0,7453.0,7425.5,0.7406908625681772,105654.19989999999,131930.2971,44.47015745307658,60.506
2026-08-14T23:55:25.552664,LUNC_IRT,LUNC,8.909,-0.024,6359317176471.0,20.0,5.0,12.5,-120.0,27221977.873,4780048.4013,85.0632945541366,60.48
2026-08-14T23:55:25.552664,S_IRT,S,4115.0,-0.023,10485115841298.0,4107.0,4109.0,4108.0,0.04868549172346641,2666050.3,2490462.74,51.70258039335822,60.46
2026-08-14T23:55:25.552664,GMT_IRT,GMT,1176.0,-0.0223,11891937879297.0,1173.0,1179.0,1176.0,0.5102040816326531,687246.0884,648843.439,51.43712859851281,60.446
2026-08-14T23:55:25.552664,LTC_IRT,LTC,8181845.0,-0.0207,73580932842186.0,8154410.0,8191955.0,8173182.5,0.45936818369099186,1872.024,1824.755,50.639326830194605,60.414
2026-08-14T23:55:25.552664,AAVE_IRT,AAVE,16078713.0,-0.0185,14268233011872.0,16001394.0,16083003.0,16042198.5,0.5087145630319934,46.2625,86.5393,34.83574770823889,60.37
2026-08-14T23:55:25.552664,BCH_IRT,BCH,38188819.0,-0.0175,18109229636337.0,37976750.0,38200000.0,38088375.0,0.5861368462162011,58.6661,74.4822,44.06072026454712,60.35
2026-08-14T23:55:25.552664,WLD_IRT,WLD,64569.0,0.0171,12045843990810.0,64224.0,64610.0,64417.0,0.5992207026095595,33526.7962,39473.2376,45.92709681731681,60.342
2026-08-14T23:55:25.552664,SEI_IRT,SEI,7538.0,-0.0168,80443751164959.0,7510.0,7547.0,7528.5,0.4914657634322906,1460586.0888999999,1337563.5718,52.19828336610887,60.336
2026-08-14T23:55:25.552664,IMX_IRT,IMX,20250.0,-0.0158,7660100905905.0,20080.0,20231.0,20155.5,0.7491751631068443,9867.0273,15297.1769,39.21056760459764,60.316
2026-08-14T23:55:40.493521,UNI_IRT,UNI,598883.0,-0.0855,24056184799941.0,598001.0,599776.0,598888.5,0.29638238169542414,18364.3108,16506.5117,52.6638303412545,61.71
2026-08-14T23:55:40.493521,INJ_IRT,INJ,807515.0,-0.068,17834977936104.0,801384.0,806310.0,803847.0,0.6128031826952144,2467.9547000000002,2314.6909,51.602290999776365,61.36
2026-08-14T23:55:40.493521,CRV_IRT,CRV,45258.0,-0.0483,7876642198488.0,44986.0,45315.0,45150.5,0.7286741010620037,46385.4225,43010.753,51.887479794927025,60.966
2026-08-14T23:55:40.493521,SHIB_IRT,SHIB,0.8583,0.0315,20412819032340.0,0.8564,0.8599,0.85815,0.4078541047602339,42706325558.780304,18436316383.4097,69.84703997442386,60.63
2026-08-14T23:55:40.493521,AXS_IRT,AXS,166110.0,0.0291,6100334553348.0,164234.0,166556.0,165395.0,1.4039118473956287,1457.4487,1523.9129,48.885338162267864,60.582
2026-08-14T23:55:40.493521,POL_IRT,POL,13948.0,0.0269,56083556102301.0,13935.0,13972.0,13953.5,0.26516644569462855,133277.5082,230938.1961,36.593015245224294,60.538
2026-08-14T23:55:40.493521,SAND_IRT,SAND,7431.0,0.0253,9781154243406.0,7398.0,7453.0,7425.5,0.7406908625681772,105509.8806,131932.9806,44.43590347032088,60.506
2026-08-14T23:55:40.493521,LUNC_IRT,LUNC,8.909,-0.024,6359317176471.0,20.0,5.0,12.5,-120.0,27221977.873,4780048.4013,85.0632945541366,60.48
2026-08-14T23:55:40.493521,S_IRT,S,4115.0,-0.023,10485115841298.0,4108.0,4109.0,4108.5,0.024339783375927956,2697641.42,2492124.22,51.98002389949924,60.46
2026-08-14T23:55:40.493521,GMT_IRT,GMT,1176.0,-0.0223,11891937879297.0,1174.0,1183.0,1178.5,0.7636826474331778,691160.5259,658666.2461,51.20364629277038,60.446
2026-08-14T23:55:40.493521,LTC_IRT,LTC,8181845.0,-0.0207,73580932842186.0,8154393.0,8188408.0,8171400.5,0.4162689125321908,1869.931,1833.78,50.48803753856605,60.414
2026-08-14T23:55:40.493521,AAVE_IRT,AAVE,16078713.0,-0.0185,14268233011872.0,15976798.0,16083000.0,16029899.0,0.6625244488440009,44.252,87.0129,33.711982411139616,60.37
2026-08-14T23:55:40.493521,BCH_IRT,BCH,38188819.0,-0.0175,18109229636337.0,37976750.0,38200000.0,38088375.0,0.5861368462162011,58.5377,74.4822,44.00672380598692,60.35
2026-08-14T23:55:40.493521,WLD_IRT,WLD,64569.0,0.0171,12045843990810.0,64224.0,64590.0,64407.0,0.5682612138432158,33526.7962,36894.2905,47.60902986747008,60.342
2026-08-14T23:55:40.493521,SEI_IRT,SEI,7538.0,-0.0168,80443751164959.0,7510.0,7555.0,7532.5,0.5974112180550946,1460586.0888999999,1336843.1644000001,52.2117257184257,60.336
2026-08-14T23:55:40.493521,IMX_IRT,IMX,20250.0,-0.0158,7660100905905.0,20080.0,20231.0,20155.5,0.7491751631068443,9867.0273,15297.1769,39.21056760459764,60.316
2026-08-14T23:55:55.508513,UNI_IRT,UNI,598636.0,-0.0855,24056184799941.0,598001.0,599776.0,598888.5,0.29638238169542414,18346.2161,16506.5117,52.63925453777538,61.71
2026-08-14T23:55:55.508513,INJ_IRT,INJ,805431.0,-0.068,17834977936104.0,801384.0,805925.0,803654.5,0.565043809248875,2467.965,2304.1965,51.71587340453587,61.36
2026-08-14T23:55:55.508513,CRV_IRT,CRV,45258.0,-0.0483,7876642198488.0,44986.0,45312.0,45149.0,0.7220536445989945,46385.4225,42204.9896,52.359416104352896,60.966
2026-08-14T23:55:55.508513,SHIB_IRT,SHIB,0.8583,0.0338,20412819032340.0,0.8564,0.859,0.8577,0.3031362947417437,42705664493.1181,18439308998.6363,69.84329545727435,60.676
2026-08-14T23:55:55.508513,AXS_IRT,AXS,166110.0,0.0291,6100334553348.0,164234.0,167480.0,165857.0,1.9571076288610065,1396.56,1482.2573,48.51158842209264,60.582
2026-08-14T23:55:55.508513,POL_IRT,POL,13948.0,0.0269,56083556102301.0,13931.0,13970.0,13950.5,0.27955987240600694,134184.5221,231131.5508,36.73107537667281,60.538
2026-08-14T23:55:55.508513,SAND_IRT,SAND,7429.0,0.0253,9781154243406.0,7413.0,7441.0,7427.0,0.3770028275212064,105904.3659,131915.8985,44.53126236621912,60.506
2026-08-14T23:55:55.508513,LUNC_IRT,LUNC,8.907,-0.0243,6359317176471.0,20.0,5.0,12.5,-120.0,27221977.873,4780048.4013,85.0632945541366,60.486
2026-08-14T23:55:55.508513,S_IRT,S,4115.0,-0.023,10485115841298.0,4108.0,4134.0,4121.0,0.6309148264984227,2724741.05,2490404.07,52.246696636507025,60.46
2026-08-14T23:55:55.508513,GMT_IRT,GMT,1176.0,-0.0223,11891937879297.0,1174.0,1179.0,1176.5,0.4249893752656183,697481.302,655982.3185,51.53306608583499,60.446
2026-08-14T23:55:55.508513,LTC_IRT,LTC,8181845.0,-0.0207,73580932842186.0,8162222.0,8186682.0,8174452.0,0.2992249511037559,1891.857,1831.462,50.81103714186187,60.414
2026-08-14T23:55:55.508513,AAVE_IRT,AAVE,16080502.0,-0.0185,14268233011872.0,15976798.0,16083006.0,16029902.0,0.6625617549003107,47.0437,86.5631,35.2105581452441,60.37
2026-08-14T23:55:55.508513,BCH_IRT,BCH,38188819.0,-0.0175,18109229636337.0,37976750.0,38199999.0,38088374.5,0.5861342284376037,58.6698,74.9669,43.90246092577863,60.35
2026-08-14T23:55:55.508513,WLD_IRT,WLD,64569.0,0.0171,12045843990810.0,64125.0,64633.0,64379.0,0.7890771835536433,35211.3419,38588.8449,47.7117246266916,60.342
2026-08-14T23:55:55.508513,SEI_IRT,SEI,7540.0,-0.0168,80443751164959.0,7510.0,7576.0,7543.0,0.8749834283441602,1460586.0888999999,1336714.5420000001,52.214126460553956,60.336
2026-08-14T23:55:55.508513,IMX_IRT,IMX,20267.0,-0.0158,7660100905905.0,20080.0,20231.0,20155.5,0.7491751631068443,9867.0273,15297.1769,39.21056760459764,60.316
2026-08-14T23:56:10.406216,UNI_IRT,UNI,598636.0,-0.0855,24056184799941.0,598001.0,599776.0,598888.5,0.29638238169542414,17746.2531,16534.2672,51.767747235738426,61.71
2026-08-14T23:56:10.406216,INJ_IRT,INJ,805431.0,-0.068,17834977936104.0,801384.0,805925.0,803654.5,0.565043809248875,2467.965,2304.3094,51.714649937145275,61.36
2026-08-14T23:56:10.406216,CRV_IRT,CRV,45258.0,-0.0483,7876642198488.0,44986.0,45304.0,45145.0,0.7043969431830768,46385.4225,41610.5312,52.7131311720757,60.966
2026-08-14T23:56:10.406216,SHIB_IRT,SHIB,0.8583,0.0338,20412819032340.0,0.854,0.858,0.856,0.4672897196261686,41778938501.5675,17991739258.203598,69.89871968573692,60.676
2026-08-14T23:56:10.406216,AXS_IRT,AXS,166110.0,0.0291,6100334553348.0,164234.0,166556.0,165395.0,1.4039118473956287,1457.4487,1525.1677,48.86477188283415,60.582
2026-08-14T23:56:10.406216,POL_IRT,POL,13948.0,0.0269,56083556102301.0,13932.0,13977.0,13954.5,0.32247662044501774,136105.8789,230767.8277,37.09883713427175,60.538
2026-08-14T23:56:10.406216,SAND_IRT,SAND,7429.0,0.0253,9781154243406.0,7413.0,7444.0,7428.5,0.4173117049202396,124352.9903,131843.8755,48.538060725956,60.506
2026-08-14T23:56:10.406216,LUNC_IRT,LUNC,8.907,-0.0243,6359317176471.0,20.0,5.0,12.5,-120.0,27221977.873,4780048.4013,85.0632945541366,60.486
2026-08-14T23:56:10.406216,S_IRT,S,4115.0,-0.023,10485115841298.0,4106.0,4119.0,4112.5,0.3161094224924012,2725385.25,2492175.29,52.23485629167227,60.46
2026-08-14T23:56:10.406216,GMT_IRT,GMT,1176.0,-0.0223,11891937879297.0,1173.0,1179.0,1176.0,0.5102040816326531,700003.6992,656005.2193,51.62235215785566,60.446
2026-08-14T23:56:10.406216,LTC_IRT,LTC,8181845.0,-0.0207,73580932842186.0,8154395.0,8186266.0,8170330.5,0.3900821392720894,1878.275,1811.971,50.898368293062305,60.414
2026-08-14T23:56:10.406216,AAVE_IRT,AAVE,16080502.0,-0.0185,14268233011872.0,15976798.0,16083004.0,16029901.0,0.6625493195497589,47.0437,87.0461,35.083727472186546,60.37
2026-08-14T23:56:10.406216,BCH_IRT,BCH,38188819.0,-0.0175,18109229636337.0,37976750.0,38199999.0,38088374.5,0.5861342284376037,58.6698,74.9669,43.90246092577863,60.35
2026-08-14T23:56:10.406216,WLD_IRT,WLD,64569.0,0.0171,12045843990810.0,64125.0,64631.0,64378.0,0.7859827891515736,35211.3419,35986.6316,49.45553948947718,60.342
2026-08-14T23:56:10.406216,SEI_IRT,SEI,7540.0,-0.0168,80443751164959.0,7510.0,7552.0,7531.0,0.5576948612402072,1460586.0888999999,1338529.2067,52.18027607494168,60.336
2026-08-14T23:56:10.406216,IMX_IRT,IMX,20267.0,-0.0158,7660100905905.0,20080.0,20231.0,20155.5,0.7491751631068443,9867.0273,15297.1769,39.21056760459764,60.316
2026-08-14T23:56:25.612540,UNI_IRT,UNI,598636.0,-0.0855,24056184799941.0,598003.0,601446.0,599724.5,0.5740969395113923,17746.6305,16538.4257,51.76199915343875,61.71
2026-08-14T23:56:25.612540,INJ_IRT,INJ,805431.0,-0.068,17834977936104.0,801384.0,805925.0,803654.5,0.565043809248875,2467.965,2316.0735,51.58748199873391,61.36
2026-08-14T23:56:25.612540,CRV_IRT,CRV,45258.0,-0.0483,7876642198488.0,44986.0,45306.0,45146.0,0.7088114118637311,46385.4225,41610.5312,52.7131311720757,60.966
2026-08-14T23:56:25.612540,SHIB_IRT,SHIB,0.8583,0.0338,20412819032340.0,0.8549,0.859,0.85695,0.4784409825544072,40656501536.9533,17780196184.4878,69.57357811482896,60.676
2026-08-14T23:56:25.612540,AXS_IRT,AXS,166110.0,0.0291,6100334553348.0,164234.0,166556.0,165395.0,1.4039118473956287,1457.4487,1525.594,48.857788726926366,60.582
2026-08-14T23:56:25.612540,POL_IRT,POL,13948.0,0.0269,56083556102301.0,13933.0,13977.0,13955.0,0.31529917592260837,143869.7924,230839.9828,38.39499311786302,60.538
2026-08-14T23:56:25.612540,SAND_IRT,SAND,7429.0,0.0253,9781154243406.0,7411.0,7437.0,7424.0,0.35021551724137934,124542.6655,131846.971,48.57554587624684,60.506
2026-08-14T23:56:25.612540,LUNC_IRT,LUNC,8.907,-0.0243,6359317176471.0,20.0,5.0,12.5,-120.0,27221977.873,4780048.4013,85.0632945541366,60.486
2026-08-14T23:56:25.612540,S_IRT,S,4115.0,-0.023,10485115841298.0,4103.0,4118.0,4110.5,0.3649191095973726,2691572.2,2492367.74,51.92136157349076,60.46
2026-08-14T23:56:25.612540,GMT_IRT,GMT,1176.0,-0.0223,11891937879297.0,1173.0,1179.0,1176.0,0.5102040816326531,693973.4358,656012.8529,51.405961794491816,60.446
2026-08-14T23:56:25.612540,LTC_IRT,LTC,8181845.0,-0.0207,73580932842186.0,8154393.0,8186264.0,8170328.5,0.3900822347595938,1869.931,1811.971,50.787093192594476,60.414
2026-08-14T23:56:25.612540,AAVE_IRT,AAVE,16080502.0,-0.0185,14268233011872.0,15976798.0,16083001.0,16029899.5,0.6625306665210222,47.0437,87.1631,35.05314186762519,60.37
2026-08-14T23:56:25.612540,BCH_IRT,BCH,38188819.0,-0.0175,18109229636337.0,37976750.0,38199999.0,38088374.5,0.5861342284376037,58.6698,74.9669,43.90246092577863,60.35
2026-08-14T23:56:25.612540,WLD_IRT,WLD,64569.0,0.0171,12045843990810.0,64125.0,64668.0,64396.5,0.8432135286855652,35211.3419,38703.8247,47.637505967550645,60.342
2026-08-14T23:56:25.612540,SEI_IRT,SEI,7540.0,-0.0168,80443751164959.0,7510.0,7577.0,7543.5,0.8881818784383907,1460586.0888999999,1335979.0402,52.22785887236071,60.336
2026-08-14T23:56:25.612540,IMX_IRT,IMX,20267.0,-0.0158,7660100905905.0,20080.0,20231.0,20155.5,0.7491751631068443,9867.0273,15297.1769,39.21056760459764,60.316
2026-08-14T23:56:40.784802,UNI_IRT,UNI,598468.0,-0.0855,24056184799941.0,598002.0,600129.0,599065.5,0.35505299503977444,17742.0561,16517.7513,51.78679463329382,61.71
2026-08-14T23:56:40.784802,INJ_IRT,INJ,805431.0,-0.068,17834977936104.0,801384.0,805925.0,803654.5,0.565043809248875,2457.3224,2256.9895,52.124731076872536,61.36
2026-08-14T23:56:40.784802,CRV_IRT,CRV,45225.0,-0.0483,7876642198488.0,44986.0,45306.0,45146.0,0.7088114118637311,46385.4225,40866.8578,53.162418610164394,60.966
2026-08-14T23:56:40.784802,SHIB_IRT,SHIB,0.8581,0.0308,20412819032340.0,0.855,0.859,0.857,0.46674445740956866,40748613584.757,17780196184.4878,69.62146290931277,60.616
2026-08-14T23:56:40.784802,AXS_IRT,AXS,166110.0,0.0291,6100334553348.0,164234.0,166556.0,165395.0,1.4039118473956287,1457.4487,1526.4586,48.843631972079024,60.582
2026-08-14T23:56:40.784802,POL_IRT,POL,13948.0,0.0269,56083556102301.0,13934.0,13978.0,13956.0,0.31527658354829463,133210.7199,230779.2899,36.5973560574354,60.538
2026-08-14T23:56:40.784802,LUNC_IRT,LUNC,8.891,-0.026,6359317176471.0,20.0,5.0,12.5,-120.0,27221977.873,4780048.4013,85.0632945541366,60.52
2026-08-14T23:56:40.784802,SAND_IRT,SAND,7426.0,0.0253,9781154243406.0,7381.0,7439.0,7410.0,0.7827260458839407,124124.0213,131743.384,48.51107203532501,60.506
2026-08-14T23:56:40.784802,AAVE_IRT,AAVE,16068921.0,-0.0236,14268233011872.0,15976798.0,16082981.0,16029889.5,0.6624063129068981,46.952,87.6607,34.87932416480762,60.472
2026-08-14T23:56:40.784802,S_IRT,S,4114.0,-0.0233,10485115841298.0,4108.0,4119.0,4113.5,0.26741217940926215,2681924.91,2492373.02,51.83166772153764,60.466
2026-08-14T23:56:40.784802,GMT_IRT,GMT,1176.0,-0.0223,11891937879297.0,1173.0,1179.0,1176.0,0.5102040816326531,693988.0478000001,656858.4848,51.374307225282514,60.446
2026-08-14T23:56:40.784802,LTC_IRT,LTC,8178837.0,-0.0207,73580932842186.0,8161183.0,8186136.0,8173659.5,0.3052855333648288,1891.9,1832.67,50.795125343328216,60.414
2026-08-14T23:56:40.784802,BCH_IRT,BCH,38188819.0,-0.0175,18109229636337.0,37976750.0,38199999.0,38088374.5,0.5861342284376037,58.6698,74.9669,43.90246092577863,60.35
2026-08-14T23:56:40.784802,WLD_IRT,WLD,64481.0,0.0171,12045843990810.0,64125.0,64644.0,64384.5,0.8060946345781982,35211.3419,37415.1941,48.482750024040804,60.342
2026-08-14T23:56:40.784802,SEI_IRT,SEI,7541.0,-0.0168,80443751164959.0,7510.0,7553.0,7531.5,0.570935404633871,1460586.0888999999,1336714.5420000001,52.214126460553956,60.336
2026-08-14T23:56:40.784802,IMX_IRT,IMX,20243.0,-0.0158,7660100905905.0,20080.0,20231.0,20155.5,0.7491751631068443,9867.0273,15297.1769,39.21056760459764,60.316
2026-08-14T23:56:56.057093,UNI_IRT,UNI,598468.0,-0.0855,24056184799941.0,598001.0,600305.0,599153.0,0.3845428463180523,17766.7522,16821.0084,51.36716541284261,61.71
2026-08-14T23:56:56.057093,INJ_IRT,INJ,805431.0,-0.068,17834977936104.0,801384.0,805925.0,803654.5,0.565043809248875,2457.3224,2256.9895,52.124731076872536,61.36
2026-08-14T23:56:56.057093,CRV_IRT,CRV,45225.0,-0.0483,7876642198488.0,44986.0,45306.0,45146.0,0.7088114118637311,46385.4225,41607.2099,52.71512084004888,60.966
2026-08-14T23:56:56.057093,SHIB_IRT,SHIB,0.8581,0.0308,20412819032340.0,0.855,0.858,0.8565,0.35026269702276736,40632630435.5879,17804719911.5123,69.53195207216336,60.616
2026-08-14T23:56:56.057093,AXS_IRT,AXS,166110.0,0.0291,6100334553348.0,164234.0,166556.0,165395.0,1.4039118473956287,1396.56,1526.7283,47.773597971845604,60.582
2026-08-14T23:56:56.057093,POL_IRT,POL,13948.0,0.0269,56083556102301.0,13931.0,13974.0,13952.5,0.3081884966851819,131141.16389999999,231688.5935,36.143993491532726,60.538
2026-08-14T23:56:56.057093,LUNC_IRT,LUNC,8.891,-0.026,6359317176471.0,20.0,5.0,12.5,-120.0,27221977.873,4780048.4013,85.0632945541366,60.52
2026-08-14T23:56:56.057093,SAND_IRT,SAND,7426.0,0.0253,9781154243406.0,7411.0,7439.0,7425.0,0.3771043771043771,124346.62299999999,131745.266,48.55547104031865,60.506
2026-08-14T23:56:56.057093,AAVE_IRT,AAVE,16068921.0,-0.0236,14268233011872.0,15976798.0,16079025.0,16027911.5,0.6378061171600554,46.952,92.9111,33.56996949159571,60.472
2026-08-14T23:56:56.057093,S_IRT,S,4114.0,-0.0233,10485115841298.0,4108.0,4122.0,4115.0,0.3402187120291616,2683171.22,2490671.0300000003,51.86032140813725,60.466
2026-08-14T23:56:56.057093,GMT_IRT,GMT,1176.0,-0.0223,11891937879297.0,1172.0,1183.0,1177.5,0.9341825902335457,694450.6407,653877.008,51.50459099237189,60.446
2026-08-14T23:56:56.057093,LTC_IRT,LTC,8178837.0,-0.0207,73580932842186.0,8158589.0,8184818.0,8171703.5,0.32097346654831516,1899.081,1831.843,50.9010904537321,60.414
2026-08-14T23:56:56.057093,BCH_IRT,BCH,38188819.0,-0.0175,18109229636337.0,37976750.0,38199998.0,38088374.0,0.5861316106589376,58.536300000000004,74.9466,43.853032860388865,60.35
2026-08-14T23:56:56.057093,WLD_IRT,WLD,64481.0,0.0171,12045843990810.0,64125.0,64643.0,64384.0,0.8045477137176938,35211.3419,36117.6378,49.3647070911348,60.342
2026-08-14T23:56:56.057093,SEI_IRT,SEI,7541.0,-0.0168,80443751164959.0,7510.0,7551.0,7530.5,0.5444525595909966,1460586.0888999999,1338648.1019000001,52.17805976007228,60.336
2026-08-14T23:56:56.057093,IMX_IRT,IMX,20243.0,-0.0158,7660100905905.0,20080.0,20231.0,20155.5,0.7491751631068443,9867.0273,15297.1769,39.21056760459764,60.316
2026-08-14T23:57:12.756833,UNI_IRT,UNI,598468.0,-0.0855,24056184799941.0,598170.0,600305.0,599237.5,0.35628611360270346,18083.1479,16820.9451,51.808101416644746,61.71
2026-08-14T23:57:12.756833,INJ_IRT,INJ,805431.0,-0.068,17834977936104.0,801384.0,805925.0,803654.5,0.565043809248875,2522.044,2260.7069,52.73207935625499,61.36
2026-08-14T23:57:12.756833,CRV_IRT,CRV,45225.0,-0.0483,7876642198488.0,44986.0,45301.0,45143.5,0.6977748734590805,46385.4225,44383.8839,51.102541530492516,60.966
2026-08-14T23:57:12.756833,SHIB_IRT,SHIB,0.8581,0.0308,20412819032340.0,0.8544,0.857,0.8557,0.3038448054224536,42077722294.7636,18121849604.8139,69.89704572144792,60.616
2026-08-14T23:57:12.756833,AXS_IRT,AXS,166110.0,0.0291,6100334553348.0,164234.0,166556.0,165395.0,1.4039118473956287,1457.4487,1326.1417,52.35859054550554,60.582
2026-08-14T23:57:12.756833,POL_IRT,POL,13948.0,0.0269,56083556102301.0,13931.0,13970.0,13950.5,0.27955987240600694,130169.27189999999,231185.6785,36.0225511663559,60.538
2026-08-14T23:57:12.756833,LUNC_IRT,LUNC,8.891,-0.026,6359317176471.0,20.0,5.0,12.5,-120.0,27221977.873,4780048.4013,85.0632945541366,60.52
2026-08-14T23:57:12.756833,SAND_IRT,SAND,7426.0,0.0253,9781154243406.0,7411.0,7439.0,7425.0,0.3771043771043771,124277.0008,131749.0299,48.54076769468113,60.506
2026-08-14T23:57:12.756833,AAVE_IRT,AAVE,16068921.0,-0.0236,14268233011872.0,15976798.0,16081969.0,16029383.5,0.656113817477759,46.952,86.6402,35.1457644982267,60.472
2026-08-14T23:57:12.756833,S_IRT,S,4114.0,-0.0233,10485115841298.0,4107.0,4134.0,4120.5,0.6552602839461231,2671182.57,2490404.07,51.751191180237555,60.466
2026-08-14T23:57:12.756833,GMT_IRT,GMT,1176.0,-0.0223,11891937879297.0,1171.0,1177.0,1174.0,0.5110732538330494,687250.9328,658395.0749,51.07219349423556,60.446
2026-08-14T23:57:12.756833,LTC_IRT,LTC,8178837.0,-0.0207,73580932842186.0,8158590.0,8183597.0,8171093.5,0.30604226961789144,1904.482,1824.1,51.07791648406821,60.414
2026-08-14T23:57:12.756833,BCH_IRT,BCH,38188819.0,-0.0175,18109229636337.0,37976750.0,38199995.0,38088372.5,0.5861237573225266,58.536300000000004,74.9466,43.853032860388865,60.35
2026-08-14T23:57:12.756833,WLD_IRT,WLD,64481.0,0.0171,12045843990810.0,64125.0,64619.0,64372.0,0.7674144037780402,35211.3419,38712.8195,47.63170962396606,60.342
2026-08-14T23:57:12.756833,SEI_IRT,SEI,7541.0,-0.0168,80443751164959.0,7510.0,7551.0,7530.5,0.5444525595909966,1460586.0888999999,1337677.2333,52.196163145635786,60.336
2026-08-14T23:57:12.756833,IMX_IRT,IMX,20243.0,-0.0158,7660100905905.0,20080.0,20231.0,20155.5,0.7491751631068443,9867.0273,15297.1769,39.21056760459764,60.316
2026-08-14T23:57:27.659839,UNI_IRT,UNI,598689.0,-0.0855,24056184799941.0,598006.0,599815.0,598910.5,0.3020484696795264,17829.4445,16820.9453,51.455249429834694,61.71
2026-08-14T23:57:27.659839,INJ_IRT,INJ,805431.0,-0.068,17834977936104.0,801384.0,805720.0,803552.0,0.53960415754052,2511.4014,2297.8592,52.22011466793878,61.36
2026-08-14T23:57:27.659839,CRV_IRT,CRV,45222.0,-0.0517,7876642198488.0,44986.0,45284.0,45135.0,0.6602414977290351,46385.4225,40828.6643,53.18569992754887,61.034
2026-08-14T23:57:27.659839,SHIB_IRT,SHIB,0.857,0.0308,20412819032340.0,0.8544,0.8569,0.85565,0.29217553906386334,42077722294.7636,18304453836.6709,69.68566717962035,60.616
2026-08-14T23:57:27.659839,AXS_IRT,AXS,166110.0,0.0291,6100334553348.0,164234.0,166556.0,165395.0,1.4039118473956287,1457.4487,1528.6137,48.80838056163863,60.582
2026-08-14T23:57:27.659839,POL_IRT,POL,13948.0,0.0269,56083556102301.0,13925.0,13975.0,13950.0,0.35842293906810035,140238.55419999998,230725.6563,37.803796223625184,60.538
2026-08-14T23:57:27.659839,SAND_IRT,SAND,7426.0,0.0253,9781154243406.0,7381.0,7439.0,7410.0,0.7827260458839407,120052.1774,131750.9119,47.67700735274498,60.506
2026-08-14T23:57:27.659839,LUNC_IRT,LUNC,8.9,-0.025,6359317176471.0,20.0,5.0,12.5,-120.0,27221977.873,4780048.4013,85.0632945541366,60.5
2026-08-14T23:57:27.659839,AAVE_IRT,AAVE,16071557.0,-0.0236,14268233011872.0,15966772.0,16035634.0,16001203.0,0.43035514267271036,48.7247,84.9761,36.44308784988571,60.472
2026-08-14T23:57:27.659839,S_IRT,S,4117.0,-0.0233,10485115841298.0,4107.0,4118.0,4112.5,0.2674772036474164,2720228.63,2492383.77,52.18551507877316,60.466
2026-08-14T23:57:27.659839,GMT_IRT,GMT,1178.0,-0.0223,11891937879297.0,1172.0,1177.0,1174.5,0.4257130693912303,690098.4717,659266.7826,51.14245157127579,60.446
2026-08-14T23:57:27.659839,LTC_IRT,LTC,8178837.0,-0.0207,73580932842186.0,8158598.0,8182137.0,8170367.5,0.28810209577476165,1901.369,1857.35,50.5855585373634,60.414
2026-08-14T23:57:27.659839,BCH_IRT,BCH,38152136.0,-0.0175,18109229636337.0,37976750.0,38199998.0,38088374.0,0.5861316106589376,58.536300000000004,74.3958,44.03473653090563,60.35
2026-08-14T23:57:27.659839,WLD_IRT,WLD,64479.0,0.0171,12045843990810.0,64125.0,64618.0,64371.5,0.7658668820829093,35509.9041,38591.3173,47.9208080907557,60.342
2026-08-14T23:57:27.659839,SEI_IRT,SEI,7542.0,-0.0168,80443751164959.0,7499.0,7551.0,7525.0,0.6910299003322259,1461352.5961,1337687.2928,52.20906646937068,60.336
2026-08-14T23:57:27.659839,IMX_IRT,IMX,20248.0,-0.0158,7660100905905.0,20080.0,20231.0,20155.5,0.7491751631068443,9867.0273,15297.1769,39.21056760459764,60.316
2026-08-14T23:57:42.692186,UNI_IRT,UNI,598689.0,-0.0855,24056184799941.0,598009.0,599815.0,598912.0,0.3015468048728361,17875.5657,16820.8536,51.519914909490396,61.71
2026-08-14T23:57:42.692186,INJ_IRT,INJ,805431.0,-0.068,17834977936104.0,800706.0,805719.0,803212.5,0.6241187730519632,2508.9292,2297.9089,52.19500111726251,61.36
2026-08-14T23:57:42.692186,CRV_IRT,CRV,45222.0,-0.0517,7876642198488.0,44986.0,45329.0,45157.5,0.7595637491003709,46318.6085,41494.372,52.74688119713691,61.034
2026-08-14T23:57:42.692186,SHIB_IRT,SHIB,0.857,0.0308,20412819032340.0,0.855,0.8569,0.85595,0.22197558268590603,42063149905.4216,18350122127.909,69.62567742103911,60.616
2026-08-14T23:57:42.692186,AXS_IRT,AXS,166110.0,0.0291,6100334553348.0,164234.0,166831.0,165532.5,1.56887620255841,1457.4487,1482.8326,49.5683423215323,60.582
2026-08-14T23:57:42.692186,POL_IRT,POL,13948.0,0.0269,56083556102301.0,13927.0,13970.0,13948.5,0.30827687564971146,141614.2906,230680.51189999998,38.038213171133386,60.538
2026-08-14T23:57:42.692186,SAND_IRT,SAND,7426.0,0.0253,9781154243406.0,7411.0,7440.0,7425.5,0.3905460911723116,124188.9567,131844.5348,48.50496549198525,60.506
2026-08-14T23:57:42.692186,LUNC_IRT,LUNC,8.9,-0.025,6359317176471.0,20.0,5.0,12.5,-120.0,27221977.873,4780048.4013,85.0632945541366,60.5
2026-08-14T23:57:42.692186,AAVE_IRT,AAVE,16071557.0,-0.0236,14268233011872.0,15966772.0,16035634.0,16001203.0,0.43035514267271036,49.6475,84.9868,36.87581842071449,60.472
2026-08-14T23:57:42.692186,S_IRT,S,4117.0,-0.0233,10485115841298.0,4106.0,4132.0,4119.0,0.6312211701869386,2611728.89,2493128.7600000002,51.16163993328981,60.466
2026-08-14T23:57:42.692186,GMT_IRT,GMT,1178.0,-0.0223,11891937879297.0,1171.0,1177.0,1174.0,0.5110732538330494,687250.9328,661879.6004,50.94028456756596,60.446
2026-08-14T23:57:42.692186,LTC_IRT,LTC,8178837.0,-0.0207,73580932842186.0,8158604.0,8180067.0,8169335.5,0.2627263869870444,1908.286,1829.47,51.054322433032006,60.414
2026-08-14T23:57:42.692186,BCH_IRT,BCH,38152136.0,-0.0175,18109229636337.0,37976750.0,38199999.0,38088374.5,0.5861342284376037,57.4223,74.4799,43.53399715850077,60.35
2026-08-14T23:57:42.692186,WLD_IRT,WLD,64479.0,0.0171,12045843990810.0,64072.0,64616.0,64344.0,0.8454556757428819,33649.3357,36787.2342,47.772535982051,60.342
2026-08-14T23:57:42.692186,SEI_IRT,SEI,7542.0,-0.0168,80443751164959.0,7499.0,7549.0,7524.0,0.6645401382243488,1466926.5733,1338123.2850000001,52.29591798375486,60.336
2026-08-14T23:57:42.692186,IMX_IRT,IMX,20248.0,-0.0158,7660100905905.0,20080.0,20231.0,20155.5,0.7491751631068443,9867.0273,15297.1769,39.21056760459764,60.316
2026-08-14T23:57:57.864985,UNI_IRT,UNI,598689.0,-0.0855,24056184799941.0,598010.0,601587.0,599798.5,0.5963669465662218,18132.8221,16578.3139,52.239206749096326,61.71
2026-08-14T23:57:57.864985,INJ_IRT,INJ,805431.0,-0.068,17834977936104.0,800375.0,805719.0,803047.0,0.6654654086248999,2335.9442,2463.0969999999998,48.675227043268556,61.36
2026-08-14T23:57:57.864985,CRV_IRT,CRV,45222.0,-0.0517,7876642198488.0,44980.0,45228.0,45104.0,0.5498403689251508,46353.176,41499.6292,52.762317486021495,61.034
2026-08-14T23:57:57.864985,SHIB_IRT,SHIB,0.857,0.0308,20412819032340.0,0.8551,0.857,0.85605,0.22194965247357198,41822661621.2204,18762758755.6027,69.03090109979598,60.616
2026-08-14T23:57:57.864985,AXS_IRT,AXS,166110.0,0.0291,6100334553348.0,164234.0,166556.0,165395.0,1.4039118473956287,1457.4487,1318.4986000000001,52.50275104286022,60.582
2026-08-14T23:57:57.864985,POL_IRT,POL,13948.0,0.0269,56083556102301.0,13927.0,13967.0,13947.0,0.28680002868000287,134096.0442,230969.9626,36.73199961163846,60.538
2026-08-14T23:57:57.864985,SAND_IRT,SAND,7426.0,0.0253,9781154243406.0,7411.0,7440.0,7425.5,0.3905460911723116,124314.7214,131848.2982,48.52953466668145,60.506
2026-08-14T23:57:57.864985,LUNC_IRT,LUNC,8.9,-0.025,6359317176471.0,20.0,5.0,12.5,-120.0,27221977.873,4780048.4013,85.0632945541366,60.5
2026-08-14T23:57:57.864985,AAVE_IRT,AAVE,16071557.0,-0.0236,14268233011872.0,15977741.0,16035634.0,16006687.5,0.36168007902946814,49.6883,84.34479999999999,37.07166364129458,60.472
2026-08-14T23:57:57.864985,S_IRT,S,4117.0,-0.0233,10485115841298.0,4110.0,4118.0,4114.0,0.19445794846864364,2629986.93,2484116.71,51.42615627555017,60.466
2026-08-14T23:57:57.864985,GMT_IRT,GMT,1178.0,-0.0223,11891937879297.0,1171.0,1177.0,1174.0,0.5110732538330494,687250.9328,659310.8063,51.0374617698062,60.446
2026-08-14T23:57:57.864985,LTC_IRT,LTC,8178837.0,-0.0207,73580932842186.0,8158609.0,8180063.0,8169336.0,0.2626162028346,1908.5439999999999,1813.362,51.278672809039236,60.414
2026-08-14T23:57:57.864985,BCH_IRT,BCH,38152136.0,-0.0175,18109229636337.0,37976750.0,38195282.0,38086016.0,0.573785401970109,57.4225,76.6831,42.818868115872874,60.35
2026-08-14T23:57:57.864985,WLD_IRT,WLD,64479.0,0.0171,12045843990810.0,64072.0,64612.0,64342.0,0.8392651767119456,33649.3357,34553.1378,49.3374125206764,60.342
2026-08-14T23:57:57.864985,SEI_IRT,SEI,7542.0,-0.0168,80443751164959.0,7499.0,7549.0,7524.0,0.6645401382243488,1466926.5733,1337142.2628000001,52.31421405974663,60.336
2026-08-14T23:57:57.864985,IMX_IRT,IMX,20248.0,-0.0158,7660100905905.0,20080.0,20231.0,20155.5,0.7491751631068443,9867.0273,15297.1769,39.21056760459764,60.316
2026-08-14T23:58:13.007140,UNI_IRT,UNI,598689.0,-0.0855,24056184799941.0,598156.0,600509.0,599332.5,0.39260343799143216,18206.0504,17084.5307,51.58897879411797,61.71
2026-08-14T23:58:13.007140,INJ_IRT,INJ,805431.0,-0.068,17834977936104.0,800375.0,806368.0,803371.5,0.7459811556670856,2340.7186,2468.5122,48.67137172954977,61.36
2026-08-14T23:58:13.007140,CRV_IRT,CRV,45222.0,-0.0517,7876642198488.0,44980.0,45258.0,45119.0,0.6161484075444934,46353.176,44514.8888,51.01151444352098,61.034
2026-08-14T23:58:13.007140,SHIB_IRT,SHIB,0.857,0.0308,20412819032340.0,0.855,0.857,0.856,0.2336448598130843,41819392920.0656,18782726982.019302,69.00648523126479,60.616
2026-08-14T23:58:13.007140,AXS_IRT,AXS,166110.0,0.0291,6100334553348.0,164234.0,166719.0,165476.5,1.5017238097252479,1457.4487,1482.771,49.5693808187191,60.582
2026-08-14T23:58:13.007140,POL_IRT,POL,13948.0,0.0269,56083556102301.0,13930.0,13965.0,13947.5,0.2509410288582183,134089.9627,230693.8719,36.75874586028051,60.538
2026-08-14T23:58:13.007140,SAND_IRT,SAND,7426.0,0.0253,9781154243406.0,7381.0,7442.0,7411.5,0.823045267489712,124109.2779,131852.1409,48.48749412386052,60.506
2026-08-14T23:58:13.007140,LUNC_IRT,LUNC,8.9,-0.025,6359317176471.0,20.0,5.0,12.5,-120.0,27221977.873,4780048.4013,85.0632945541366,60.5
2026-08-14T23:58:13.007140,AAVE_IRT,AAVE,16071557.0,-0.0236,14268233011872.0,15977741.0,16035634.0,16006687.5,0.36168007902946814,49.6883,84.34479999999999,37.07166364129458,60.472
2026-08-14T23:58:13.007140,S_IRT,S,4117.0,-0.0233,10485115841298.0,4112.0,4120.0,4116.0,0.1943634596695821,2628671.07,2483639.88,51.41845039766214,60.466
2026-08-14T23:58:13.007140,GMT_IRT,GMT,1178.0,-0.0223,11891937879297.0,1171.0,1178.0,1174.5,0.5959982971477225,687250.9328,661897.3596,50.93961402696877,60.446
2026-08-14T23:58:13.007140,LTC_IRT,LTC,8178837.0,-0.0207,73580932842186.0,8158355.0,8181066.0,8169710.5,0.2779902666073663,1923.507,1820.405,51.37692873123086,60.414
2026-08-14T23:58:13.007140,BCH_IRT,BCH,38152136.0,-0.0175,18109229636337.0,37976750.0,38154370.0,38065560.0,0.46661601720820606,58.5114,78.9488,42.56606639594588,60.35
2026-08-14T23:58:13.007140,WLD_IRT,WLD,64479.0,0.0171,12045843990810.0,64072.0,64844.0,64458.0,1.1976791088770982,33649.3357,34039.2028,49.71201394753117,60.342
2026-08-14T23:58:13.007140,SEI_IRT,SEI,7542.0,-0.0168,80443751164959.0,7499.0,7571.0,7535.0,0.9555408095554082,1466823.2254,1337142.2628000001,52.31245646827216,60.336
2026-08-14T23:58:13.007140,IMX_IRT,IMX,20248.0,-0.0158,7660100905905.0,20080.0,20231.0,20155.5,0.7491751631068443,9867.0273,15297.1769,39.21056760459764,60.316
2026-08-14T23:58:27.889845,UNI_IRT,UNI,598728.0,-0.0855,24056184799941.0,598845.0,602487.0,600666.0,0.6063269770554683,18209.4067,17084.7466,51.59326686553493,61.71
2026-08-14T23:58:27.889845,INJ_IRT,INJ,805431.0,-0.068,17834977936104.0,800375.0,806616.0,803495.5,0.7767311702430194,2340.7186,2455.3815,48.804623573223594,61.36
2026-08-14T23:58:27.889845,CRV_IRT,CRV,45210.0,-0.0517,7876642198488.0,44980.0,45294.0,45137.0,0.6956598799211291,46353.176,44371.812,51.09196156631071,61.034
2026-08-14T23:58:27.889845,SHIB_IRT,SHIB,0.8566,0.0308,20412819032340.0,0.856,0.8576,0.8568,0.18674136321195678,41794815622.444,18949165643.392002,68.80486716788597,60.616
2026-08-14T23:58:27.889845,AXS_IRT,AXS,166110.0,0.0291,6100334553348.0,164234.0,166719.0,165476.5,1.5017238097252479,1457.4487,1482.771,49.5693808187191,60.582
2026-08-14T23:58:27.889845,SAND_IRT,SAND,7415.0,0.0253,9781154243406.0,7417.0,7444.0,7430.5,0.3633672027454411,124298.20539999999,131854.10080000001,48.52511665577188,60.506
2026-08-14T23:58:27.889845,LUNC_IRT,LUNC,8.9,-0.025,6359317176471.0,20.0,5.0,12.5,-120.0,27221977.873,4780048.4013,85.0632945541366,60.5
2026-08-14T23:58:27.889845,AAVE_IRT,AAVE,16051686.0,-0.0236,14268233011872.0,15977741.0,16035634.0,16006687.5,0.36168007902946814,49.6883,84.3203,37.07844123436853,60.472
2026-08-14T23:58:27.889845,S_IRT,S,4110.0,-0.0233,10485115841298.0,4107.0,4119.0,4113.0,0.29175784099197666,2630903.47,2483581.7600000002,51.44023986163706,60.466
2026-08-14T23:58:27.889845,GMT_IRT,GMT,1177.0,-0.0223,11891937879297.0,1173.0,1178.0,1175.5,0.4253509145044662,684314.3719,651330.1525,51.234767889113954,60.446
2026-08-14T23:58:27.889845,LTC_IRT,LTC,8178837.0,-0.0207,73580932842186.0,8158620.0,8181756.0,8170188.0,0.2831758583768207,1937.1779999999999,1819.844,51.56152931763508,60.414
2026-08-14T23:58:27.889845,POL_IRT,POL,13948.0,0.0196,56083556102301.0,13937.0,13981.0,13959.0,0.31520882584712373,136369.8724,230949.74779999998,37.1256706423002,60.392
2026-08-14T23:58:27.889845,ETC_IRT,ETC,1155080.0,-0.0189,14985944032143.0,1151840.0,1157773.0,1154806.5,0.5137657261194841,361.40421100000003,278.856491,56.44641469811776,60.378
2026-08-14T23:58:27.889845,BCH_IRT,BCH,38152136.0,-0.0175,18109229636337.0,37976750.0,38192922.0,38084836.0,0.5676064877895234,58.5114,78.3725,42.745275375701596,60.35
2026-08-14T23:58:27.889845,SOL_IRT,SOL,14093769.0,-0.0171,273113805845265.0,14077958.0,14100508.0,14089233.0,0.16005129590801714,2029.3189,2061.5995,49.6054602311305,60.342
2026-08-14T23:58:27.889845,WLD_IRT,WLD,64479.0,0.0171,12045843990810.0,64216.0,64644.0,64430.0,0.664286822908583,33650.3933,35469.9782,48.6837564233867,60.342
2026-08-14T23:58:43.047617,UNI_IRT,UNI,598728.0,-0.0855,24056184799941.0,598846.0,602487.0,600666.5,0.6061599906104302,17732.0365,16970.4567,51.09729839238179,61.71
2026-08-14T23:58:43.047617,INJ_IRT,INJ,805431.0,-0.068,17834977936104.0,800375.0,807040.0,803707.5,0.8292817971712345,2340.7186,2455.4308,48.80412190662785,61.36
2026-08-14T23:58:43.047617,CRV_IRT,CRV,45210.0,-0.0517,7876642198488.0,44919.0,45329.0,45124.0,0.9086073929616169,46354.1936,44424.7298,51.06272674742913,61.034
2026-08-14T23:58:43.047617,SHIB_IRT,SHIB,0.8566,0.0308,20412819032340.0,0.855,0.8575,0.85625,0.2919708029197148,41812933367.062096,18774120983.555702,69.0129827489059,60.616
2026-08-14T23:58:43.047617,AXS_IRT,AXS,166110.0,0.0291,6100334553348.0,164234.0,167478.0,165856.0,1.95591356357322,1457.4487,1420.748,50.637564138684475,60.582
2026-08-14T23:58:43.047617,SAND_IRT,SAND,7415.0,0.0253,9781154243406.0,7417.0,7449.0,7433.0,0.43051257903941886,105801.96889999999,131789.0051,44.5311398487722,60.506
2026-08-14T23:58:43.047617,LUNC_IRT,LUNC,8.9,-0.025,6359317176471.0,20.0,5.0,12.5,-120.0,27221977.873,4780048.4013,85.0632945541366,60.5
2026-08-14T23:58:43.047617,AAVE_IRT,AAVE,16051686.0,-0.0236,14268233011872.0,15977741.0,16035634.0,16006687.5,0.36168007902946814,49.6883,84.3203,37.07844123436853,60.472
2026-08-14T23:58:43.047617,S_IRT,S,4110.0,-0.0233,10485115841298.0,4101.0,4121.0,4111.0,0.48649963512527367,2602517.93,2483245.73,51.17260855963567,60.466
2026-08-14T23:58:43.047617,GMT_IRT,GMT,1177.0,-0.0223,11891937879297.0,1173.0,1178.0,1175.5,0.4253509145044662,693219.3469,658076.9629,51.300321171053945,60.446
2026-08-14T23:58:43.047617,LTC_IRT,LTC,8178837.0,-0.0207,73580932842186.0,8158626.0,8181287.0,8169956.5,0.27736989786910127,1933.426,1841.615,51.216026527923795,60.414
2026-08-14T23:58:43.047617,POL_IRT,POL,13948.0,0.0196,56083556102301.0,13862.0,13980.0,13921.0,0.847640255728755,135079.5953,231300.09579999998,36.86874534296478,60.392
2026-08-14T23:58:43.047617,ETC_IRT,ETC,1155080.0,-0.0189,14985944032143.0,1152342.0,1157769.0,1155055.5,0.46984755277993134,351.721347,304.817141,53.57208349984808,60.378
2026-08-14T23:58:43.047617,BCH_IRT,BCH,38152136.0,-0.0175,18109229636337.0,37976750.0,38187427.0,38082088.5,0.5532180830891141,58.5927,76.6964,43.30925403450833,60.35
2026-08-14T23:58:43.047617,SOL_IRT,SOL,14093769.0,-0.0171,273113805845265.0,14074314.0,14100536.0,14087425.0,0.18613763693506796,2016.1335,2061.5995,49.44250886460688,60.342
2026-08-14T23:58:43.047617,WLD_IRT,WLD,64479.0,0.0171,12045843990810.0,64216.0,64625.0,64420.5,0.6348910672844824,33650.3933,36788.1144,47.77272318618414,60.342
2026-08-14T23:59:00.680120,UNI_IRT,UNI,598728.0,-0.0855,24056184799941.0,598846.0,602487.0,600666.5,0.6061599906104302,17851.8699,16751.3187,51.59024535675305,61.71
2026-08-14T23:59:00.680120,INJ_IRT,INJ,805431.0,-0.068,17834977936104.0,800375.0,807408.0,803891.5,0.8748693076117858,2340.7186,2466.2093,48.69468917975657,61.36
2026-08-14T23:59:00.680120,CRV_IRT,CRV,45210.0,-0.0517,7876642198488.0,44919.0,45320.0,45119.5,0.8887509834993739,46354.1936,44381.1088,51.08727515521016,61.034
2026-08-14T23:59:00.680120,SHIB_IRT,SHIB,0.8566,0.0308,20412819032340.0,0.855,0.8569,0.85595,0.22197558268590603,41817694549.762,18785885241.5245,69.00202049743353,60.616
2026-08-14T23:59:00.680120,AXS_IRT,AXS,166110.0,0.0291,6100334553348.0,164234.0,167381.0,165807.5,1.8979841080771376,1457.4487,1521.4883,48.92512664752561,60.582
2026-08-14T23:59:00.680120,SAND_IRT,SAND,7415.0,0.0253,9781154243406.0,7417.0,7449.0,7433.0,0.43051257903941886,106141.49829999999,131793.0325,44.60953941536929,60.506
2026-08-14T23:59:00.680120,LUNC_IRT,LUNC,8.9,-0.025,6359317176471.0,20.0,5.0,12.5,-120.0,27221977.873,4780048.4013,85.0632945541366,60.5
2026-08-14T23:59:00.680120,AAVE_IRT,AAVE,16051686.0,-0.0236,14268233011872.0,15977741.0,16035634.0,16006687.5,0.36168007902946814,49.6883,84.3203,37.07844123436853,60.472
2026-08-14T23:59:00.680120,S_IRT,S,4110.0,-0.0233,10485115841298.0,4108.0,4132.0,4120.0,0.5825242718446602,2624273.19,2493128.7600000002,51.28135752557017,60.466
2026-08-14T23:59:00.680120,GMT_IRT,GMT,1177.0,-0.0223,11891937879297.0,1171.0,1183.0,1177.0,1.0195412064570943,680048.2368,653499.9014,50.99540221457002,60.446
2026-08-14T23:59:00.680120,LTC_IRT,LTC,8178837.0,-0.0207,73580932842186.0,8158626.0,8181278.0,8169952.0,0.27725989087818387,1925.801,1807.881,51.57913823405421,60.414
2026-08-14T23:59:00.680120,POL_IRT,POL,13948.0,0.0196,56083556102301.0,13932.0,13977.0,13954.5,0.32247662044501774,136525.2079,230751.2125,37.17233133325322,60.392
2026-08-14T23:59:00.680120,ETC_IRT,ETC,1155080.0,-0.0189,14985944032143.0,1152343.0,1157767.0,1155055.0,0.46958802827570983,354.000879,278.774118,55.944195121224105,60.378
2026-08-14T23:59:00.680120,BCH_IRT,BCH,38152136.0,-0.0175,18109229636337.0,37976750.0,38187424.0,38082087.0,0.5532102271600818,58.5927,74.9563,43.87355951748047,60.35
2026-08-14T23:59:00.680120,SOL_IRT,SOL,14093769.0,-0.0171,273113805845265.0,14078449.0,14097858.0,14088153.5,0.1377682320113846,2016.0407,2061.5996,49.441357051528065,60.342
2026-08-14T23:59:00.680120,WLD_IRT,WLD,64479.0,0.0171,12045843990810.0,64216.0,64623.0,64419.5,0.6317962728676876,33695.4922,36792.3896,47.80324126579159,60.342
2026-08-14T23:59:16.488786,UNI_IRT,UNI,598728.0,-0.0855,24056184799941.0,598848.0,601324.0,600086.0,0.4126075262545702,17813.8091,16756.3621,51.529421121293154,61.71
2026-08-14T23:59:16.488786,INJ_IRT,INJ,805431.0,-0.068,17834977936104.0,802106.0,807408.0,804757.0,0.6588324177360371,2333.265,2414.0123,49.149540937918246,61.36
2026-08-14T23:59:16.488786,CRV_IRT,CRV,45210.0,-0.0517,7876642198488.0,44919.0,45318.0,45118.5,0.8843379101698859,46354.1936,44532.0685,51.00242052973593,61.034
2026-08-14T23:59:16.488786,SHIB_IRT,SHIB,0.8566,0.0308,20412819032340.0,0.856,0.8569,0.8564499999999999,0.10508494366279549,41795319973.0694,18754824440.9645,69.02596249362927,60.616
2026-08-14T23:59:16.488786,AXS_IRT,AXS,166110.0,0.0291,6100334553348.0,164375.0,166545.0,165460.0,1.3114952254321286,1460.5058,1636.3501,47.16092214687806,60.582
2026-08-14T23:59:16.488786,SAND_IRT,SAND,7415.0,0.0253,9781154243406.0,7401.0,7449.0,7425.0,0.6464646464646464,123851.3006,131828.7362,48.43995728023143,60.506
2026-08-14T23:59:16.488786,LUNC_IRT,LUNC,8.9,-0.025,6359317176471.0,20.0,5.0,12.5,-120.0,27221977.873,4780048.4013,85.0632945541366,60.5
2026-08-14T23:59:16.488786,AAVE_IRT,AAVE,16051686.0,-0.0236,14268233011872.0,15977741.0,16035634.0,16006687.5,0.36168007902946814,49.6883,84.3203,37.07844123436853,60.472
2026-08-14T23:59:16.488786,S_IRT,S,4110.0,-0.0233,10485115841298.0,4105.0,4119.0,4112.0,0.3404669260700389,2621411.94,2483087.0100000002,51.35493151585426,60.466
2026-08-14T23:59:16.488786,GMT_IRT,GMT,1177.0,-0.0223,11891937879297.0,1173.0,1178.0,1175.5,0.4253509145044662,700370.0132,660021.6308,51.4829693558453,60.446
2026-08-14T23:59:16.488786,LTC_IRT,LTC,8178837.0,-0.0207,73580932842186.0,8159554.0,8181754.0,8170654.0,0.2717040765647401,1945.7,1824.411,51.6085600662686,60.414
2026-08-14T23:59:16.488786,POL_IRT,POL,13948.0,0.0196,56083556102301.0,13881.0,13974.0,13927.5,0.6677436725901992,136664.4754,231068.8634,37.16401560053493,60.392
2026-08-14T23:59:16.488786,ETC_IRT,ETC,1155080.0,-0.0189,14985944032143.0,1152503.0,1157761.0,1155132.0,0.4551860739724984,353.57183000000003,278.764519,55.915151890153325,60.378
2026-08-14T23:59:16.488786,BCH_IRT,BCH,38152136.0,-0.0175,18109229636337.0,37976750.0,38199997.0,38088373.5,0.5861289928802027,58.5927,74.9563,43.87355951748047,60.35
2026-08-14T23:59:16.488786,SOL_IRT,SOL,14093769.0,-0.0171,273113805845265.0,14078450.0,14100836.0,14089643.0,0.15888266296030354,2027.8566,2061.5996,49.58743903407011,60.342
2026-08-14T23:59:16.488786,WLD_IRT,WLD,64479.0,0.0171,12045843990810.0,64216.0,64674.0,64445.0,0.7106835285902707,33695.4922,34556.341,49.36935847753904,60.342
2026-08-14T23:59:32.757988,UNI_IRT,UNI,600031.0,-0.0855,24056184799941.0,599567.0,601051.0,600309.0,0.2472060222318839,18197.8959,17222.5591,51.37679880170934,61.71
2026-08-14T23:59:32.757988,INJ_IRT,INJ,806046.0,-0.068,17834977936104.0,802106.0,807705.0,804905.5,0.6956096088298563,2343.9076,2414.0647,49.262741609487726,61.36
2026-08-14T23:59:32.757988,CRV_IRT,CRV,45207.0,-0.0517,7876642198488.0,44919.0,45330.0,45124.5,0.9108134162151381,46354.1936,41559.0446,52.72720530956395,61.034
2026-08-14T23:59:32.757988,SHIB_IRT,SHIB,0.8561,0.0308,20412819032340.0,0.856,0.8582,0.8571,0.25667950064169637,41795319973.0694,18802685621.8192,68.97144479057708,60.616
2026-08-14T23:59:32.757988,AXS_IRT,AXS,166248.0,0.0291,6100334553348.0,164375.0,166364.0,165369.5,1.2027610895600458,1460.5058,1602.5184,47.68182373485655,60.582
2026-08-14T23:59:32.757988,SAND_IRT,SAND,7422.0,0.0253,9781154243406.0,7408.0,7449.0,7428.5,0.5519283839267686,123829.7567,131833.032,48.43479856010817,60.506
2026-08-14T23:59:32.757988,LUNC_IRT,LUNC,8.9,-0.025,6359317176471.0,20.0,5.0,12.5,-120.0,27221977.873,4780048.4013,85.0632945541366,60.5
2026-08-14T23:59:32.757988,AAVE_IRT,AAVE,16077573.0,-0.0236,14268233011872.0,15977741.0,16035634.0,16006687.5,0.36168007902946814,49.6883,84.3203,37.07844123436853,60.472
2026-08-14T23:59:32.757988,GMT_IRT,GMT,1178.0,-0.0223,11891937879297.0,1171.0,1179.0,1175.0,0.6808510638297872,687253.1941,658126.3826,51.08247560779253,60.446
2026-08-14T23:59:32.757988,S_IRT,S,4115.0,-0.0212,10485115841298.0,4103.0,4119.0,4111.0,0.3891997081002189,2641984.97,2492966.44,51.45102181210318,60.424
2026-08-14T23:59:32.757988,LTC_IRT,LTC,8169942.0,-0.0207,73580932842186.0,8159556.0,8181753.0,8170654.5,0.2716673431730592,1933.427,1823.585,51.46182657920709,60.414
2026-08-14T23:59:32.757988,POL_IRT,POL,13948.0,0.0196,56083556102301.0,13935.0,13975.0,13955.0,0.2866356144750985,136794.4708,230765.7701,37.21688462959107,60.392
2026-08-14T23:59:32.757988,ETC_IRT,ETC,1155493.0,-0.0189,14985944032143.0,1152504.0,1157759.0,1155131.5,0.45492656030936734,353.53328,304.812726,53.70022401259923,60.378
2026-08-14T23:59:32.757988,BCH_IRT,BCH,38077760.0,-0.0175,18109229636337.0,37976750.0,38199999.0,38088374.5,0.5861342284376037,58.5284,75.0179,43.82629844480903,60.35
2026-08-14T23:59:32.757988,WLD_IRT,WLD,64479.0,0.0171,12045843990810.0,64216.0,64674.0,64445.0,0.7106835285902707,33695.4922,34556.341,49.36935847753904,60.342
2026-08-14T23:59:32.757988,SEI_IRT,SEI,7542.0,-0.0168,80443751164959.0,7499.0,7572.0,7535.5,0.9687479264813217,1466823.2254,1336678.0923000001,52.321117744413456,60.336
2026-08-14T23:59:47.679018,UNI_IRT,UNI,600031.0,-0.0855,24056184799941.0,599004.0,601051.0,600027.5,0.3411510305777652,18460.273,17222.5591,51.734326883767736,61.71
2026-08-14T23:59:47.679018,INJ_IRT,INJ,806046.0,-0.068,17834977936104.0,802106.0,807303.0,804704.5,0.6458271328170776,2333.265,2450.2993,48.776704015455586,61.36
2026-08-14T23:59:47.679018,CRV_IRT,CRV,45207.0,-0.0517,7876642198488.0,44919.0,45330.0,45124.5,0.9108134162151381,46354.1936,41667.8759,52.66201290575201,61.034
2026-08-14T23:59:47.679018,SHIB_IRT,SHIB,0.8561,0.0308,20412819032340.0,0.854,0.857,0.8554999999999999,0.3506721215663358,42923088663.79,20202553366.6818,67.99628056546389,60.616
2026-08-14T23:59:47.679018,AXS_IRT,AXS,166248.0,0.0291,6100334553348.0,164375.0,166364.0,165369.5,1.2027610895600458,1460.5058,1573.4737,48.13828834374128,60.582
2026-08-14T23:59:47.679018,SAND_IRT,SAND,7422.0,0.0253,9781154243406.0,7417.0,7471.0,7444.0,0.7254164427727029,124526.5233,131627.4916,48.613926019708856,60.506
2026-08-14T23:59:47.679018,LUNC_IRT,LUNC,8.9,-0.025,6359317176471.0,20.0,5.0,12.5,-120.0,27221977.873,4780048.4013,85.0632945541366,60.5
2026-08-14T23:59:47.679018,AAVE_IRT,AAVE,16077573.0,-0.0236,14268233011872.0,15977741.0,16035634.0,16006687.5,0.36168007902946814,49.6883,84.3203,37.07844123436853,60.472
2026-08-14T23:59:47.679018,GMT_IRT,GMT,1178.0,-0.0223,11891937879297.0,1173.0,1179.0,1176.0,0.5102040816326531,693968.6693,658145.0425,51.32472685127606,60.446
2026-08-14T23:59:47.679018,S_IRT,S,4115.0,-0.0212,10485115841298.0,4107.0,4120.0,4113.5,0.31603257566549164,2645036.61,2493680.32,51.472705074649824,60.424
2026-08-14T23:59:47.679018,LTC_IRT,LTC,8169942.0,-0.0207,73580932842186.0,8153895.0,8181757.0,8167826.0,0.3411189219750763,1913.853,1821.192,51.24042682216681,60.414
2026-08-14T23:59:47.679018,POL_IRT,POL,13948.0,0.0196,56083556102301.0,13859.0,13982.0,13920.5,0.8835889515462807,132648.1643,230950.4828,36.482029115888864,60.392
2026-08-14T23:59:47.679018,ETC_IRT,ETC,1155493.0,-0.0189,14985944032143.0,1146730.0,1157756.0,1152243.0,0.9569162060433434,362.288946,304.81359,54.307835220101765,60.378
2026-08-14T23:59:47.679018,BCH_IRT,BCH,38077760.0,-0.0175,18109229636337.0,37976750.0,38199999.0,38088374.5,0.5861342284376037,58.5284,75.0179,43.82629844480903,60.35
2026-08-14T23:59:47.679018,WLD_IRT,WLD,64479.0,0.0171,12045843990810.0,64216.0,64654.0,64435.0,0.6797547916505005,33695.4922,35450.7816,48.730741872601094,60.342
2026-08-14T23:59:47.679018,SEI_IRT,SEI,7542.0,-0.0168,80443751164959.0,7499.0,7554.0,7526.5,0.7307513452467946,1466823.2254,1337824.1236,52.2997383583001,60.336
2026-08-15T00:00:02.740207,UNI_IRT,UNI,600031.0,-0.0855,24056184799941.0,599006.0,601051.0,600028.5,0.3408171445189687,18188.4471,17222.5591,51.3638245614156,61.71
2026-08-15T00:00:02.740207,INJ_IRT,INJ,806046.0,-0.068,17834977936104.0,802106.0,807302.0,804704.0,0.6457032648029586,2347.1514,2461.7187,48.80879190311255,61.36
2026-08-15T00:00:02.740207,CRV_IRT,CRV,45207.0,-0.0517,7876642198488.0,44919.0,45329.0,45124.0,0.9086073929616169,46354.1936,40669.9718,53.265886994648504,61.034
2026-08-15T00:00:02.740207,SHIB_IRT,SHIB,0.8561,0.0308,20412819032340.0,0.855,0.857,0.856,0.2336448598130843,43052230377.2958,20202357315.6468,68.06183068694509,60.616
2026-08-15T00:00:02.740207,AXS_IRT,AXS,166248.0,0.0291,6100334553348.0,165865.0,166551.0,166208.0,0.41273584905660377,1401.2934,1372.1985,50.524517486422084,60.582
2026-08-15T00:00:02.740207,SAND_IRT,SAND,7422.0,0.0253,9781154243406.0,7417.0,7449.0,7433.0,0.43051257903941886,106352.8158,132065.4122,44.6076697625653,60.506
2026-08-15T00:00:02.740207,LUNC_IRT,LUNC,8.9,-0.025,6359317176471.0,20.0,5.0,12.5,-120.0,27221977.873,4780048.4013,85.0632945541366,60.5
2026-08-15T00:00:02.740207,AAVE_IRT,AAVE,16077573.0,-0.0236,14268233011872.0,15977741.0,16035634.0,16006687.5,0.36168007902946814,49.6883,84.3203,37.07844123436853,60.472
2026-08-15T00:00:02.740207,GMT_IRT,GMT,1178.0,-0.0223,11891937879297.0,1174.0,1181.0,1177.5,0.59447983014862,694489.062,651032.8378,51.61484641039509,60.446
2026-08-15T00:00:02.740207,S_IRT,S,4115.0,-0.0212,10485115841298.0,4100.0,4121.0,4110.5,0.5108867534363216,2600858.95,2484106.54,51.14801575575688,60.424
2026-08-15T00:00:02.740207,LTC_IRT,LTC,8169942.0,-0.0207,73580932842186.0,8159553.0,8181756.0,8170654.5,0.27174077670277214,1935.86,1822.253,51.51148994189371,60.414
2026-08-15T00:00:02.740207,POL_IRT,POL,13948.0,0.0196,56083556102301.0,13934.0,14013.0,13973.5,0.5653558521487101,135070.1551,230372.15589999998,36.96073252448319,60.392
2026-08-15T00:00:02.740207,ETC_IRT,ETC,1155493.0,-0.0189,14985944032143.0,1153081.0,1157753.0,1155417.0,0.40435617616843095,358.85883,304.71858,54.07942232391546,60.378
2026-08-15T00:00:02.740207,BCH_IRT,BCH,38077760.0,-0.0175,18109229636337.0,37976750.0,38199997.0,38088373.5,0.5861289928802027,58.396100000000004,74.998,43.77712357593027,60.35
2026-08-15T00:00:02.740207,WLD_IRT,WLD,64479.0,0.0171,12045843990810.0,64216.0,64635.0,64425.5,0.6503635982646623,33695.4922,36771.4014,47.81747921409721,60.342
2026-08-15T00:00:02.740207,SEI_IRT,SEI,7542.0,-0.0168,80443751164959.0,7499.0,7552.0,7525.5,0.7042721413859544,1466823.2254,1337839.1486,52.29945818070151,60.336
2026-08-15T00:00:17.732758,UNI_IRT,UNI,600111.0,-0.0855,24056184799941.0,599010.0,601051.0,600030.5,0.34014937574006654,18245.2525,17222.5591,51.44172046972303,61.71
2026-08-15T00:00:17.732758,INJ_IRT,INJ,806760.0,-0.068,17834977936104.0,802106.0,807114.0,804610.0,0.6224133431103267,2347.1514,2456.1049,48.86583711970565,61.36
2026-08-15T00:00:17.732758,CRV_IRT,CRV,45222.0,-0.0517,7876642198488.0,44919.0,45339.0,45129.0,0.9306654257794323,46354.1936,44428.6076,51.06054559594268,61.034
2026-08-15T00:00:17.732758,SHIB_IRT,SHIB,0.8563,0.0308,20412819032340.0,0.855,0.857,0.856,0.2336448598130843,43573540251.7242,20138813901.850502,68.39103786165688,60.616
2026-08-15T00:00:17.732758,AXS_IRT,AXS,166248.0,0.0291,6100334553348.0,165866.0,167544.0,166705.0,1.006568489247473,1399.0633,1320.1244,51.45151620095958,60.582
2026-08-15T00:00:17.732758,SAND_IRT,SAND,7432.0,0.0253,9781154243406.0,7417.0,7441.0,7429.0,0.3230582850989366,105943.9971,131841.8713,44.55437062465904,60.506
2026-08-15T00:00:17.732758,LUNC_IRT,LUNC,8.913,-0.0241,6359317176471.0,20.0,5.0,12.5,-120.0,27221977.873,4780048.4013,85.0632945541366,60.482
2026-08-15T00:00:17.732758,AAVE_IRT,AAVE,16077096.0,-0.0236,14268233011872.0,15977741.0,16035634.0,16006687.5,0.36168007902946814,49.6883,84.3203,37.07844123436853,60.472
2026-08-15T00:00:17.732758,GMT_IRT,GMT,1178.0,-0.0223,11891937879297.0,1175.0,1181.0,1178.0,0.5093378607809848,701310.1745,658165.2603,51.58682213358078,60.446
2026-08-15T00:00:17.732758,S_IRT,S,4117.0,-0.0212,10485115841298.0,4109.0,4123.0,4116.0,0.3401360544217687,2608848.2399999998,2483098.45,51.2347909125498,60.424
2026-08-15T00:00:17.732758,LTC_IRT,LTC,8168112.0,-0.0207,73580932842186.0,8159556.0,8181752.0,8170654.0,0.271655120875269,1941.031,1820.329,51.604499436374084,60.414
2026-08-15T00:00:17.732758,POL_IRT,POL,13948.0,0.0196,56083556102301.0,13935.0,13982.0,13958.5,0.33671239746391085,135563.0221,231344.19999999998,36.947493517326436,60.392
2026-08-15T00:00:17.732758,ETC_IRT,ETC,1155752.0,-0.0189,14985944032143.0,1153081.0,1157750.0,1155415.5,0.4040970542631634,351.795129,304.719443,53.58527350402817,60.378
2026-08-15T00:00:17.732758,BCH_IRT,BCH,38105986.0,-0.0175,18109229636337.0,37976750.0,38199999.0,38088374.5,0.5861342284376037,58.5297,75.0179,43.82684525966772,60.35
2026-08-15T00:00:17.732758,WLD_IRT,WLD,64533.0,0.0171,12045843990810.0,64216.0,64648.0,64432.0,0.6704742984852247,33695.4922,34805.6075,49.18970986972346,60.342
2026-08-15T00:00:17.732758,SEI_IRT,SEI,7541.0,-0.0168,80443751164959.0,7507.0,7576.0,7541.5,0.9149373466816947,1466407.474,1336097.28,52.32488800980639,60.336
2026-08-15T00:00:32.782612,UNI_IRT,UNI,600111.0,-0.0855,24056184799941.0,599293.0,601051.0,600172.0,0.29291603073785516,18292.6249,16735.2957,52.22298265686944,61.71
2026-08-15T00:00:32.782612,INJ_IRT,INJ,806760.0,-0.068,17834977936104.0,802106.0,807114.0,804610.0,0.6224133431103267,2347.1514,2456.2201,48.86466516279243,61.36
2026-08-15T00:00:32.782612,CRV_IRT,CRV,45222.0,-0.0517,7876642198488.0,44919.0,45336.0,45127.5,0.9240485291673591,46354.1936,41302.5167,52.88151179910295,61.034
2026-08-15T00:00:32.782612,SHIB_IRT,SHIB,0.8563,0.0308,20412819032340.0,0.855,0.857,0.856,0.2336448598130843,42874434422.8033,19564611299.3706,68.66606292090937,60.616
2026-08-15T00:00:32.782612,AXS_IRT,AXS,166248.0,0.0291,6100334553348.0,164375.0,166551.0,165463.0,1.3150976351208428,1460.5058,1588.871,47.89522239429381,60.582
2026-08-15T00:00:32.782612,SAND_IRT,SAND,7432.0,0.0253,9781154243406.0,7417.0,7443.0,7430.0,0.34993270524899056,101522.0802,132074.5112,43.46042876377347,60.506
2026-08-15T00:00:32.782612,LUNC_IRT,LUNC,8.913,-0.0241,6359317176471.0,20.0,5.0,12.5,-120.0,27221977.873,4780048.4013,85.0632945541366,60.482
2026-08-15T00:00:32.782612,AAVE_IRT,AAVE,16077096.0,-0.0236,14268233011872.0,15977741.0,16035634.0,16006687.5,0.36168007902946814,49.6883,84.3203,37.07844123436853,60.472
2026-08-15T00:00:32.782612,GMT_IRT,GMT,1178.0,-0.0223,11891937879297.0,1176.0,1181.0,1178.5,0.42426813746287656,701031.2214,651061.627,51.84786105699515,60.446
2026-08-15T00:00:32.782612,S_IRT,S,4117.0,-0.0212,10485115841298.0,4115.0,4123.0,4119.0,0.19422189851905802,2739328.56,2608148.73,51.22655808417655,60.424
2026-08-15T00:00:32.782612,LTC_IRT,LTC,8168112.0,-0.0207,73580932842186.0,8169109.0,8197229.0,8183169.0,0.3436321552200621,1809.035,1812.739,49.94886483806002,60.414
2026-08-15T00:00:32.782612,POL_IRT,POL,13948.0,0.0196,56083556102301.0,13919.0,13964.0,13941.5,0.32277731951368216,137856.9679,232828.9908,37.189692424138755,60.392
2026-08-15T00:00:32.782612,ETC_IRT,ETC,1155752.0,-0.0189,14985944032143.0,1151461.0,1159419.0,1155440.0,0.6887419511181887,364.40689,397.4501,47.83140337138601,60.378
2026-08-15T00:00:32.782612,BCH_IRT,BCH,38105986.0,-0.0175,18109229636337.0,37976750.0,38199999.0,38088374.5,0.5861342284376037,58.1255,82.4799,41.339450689660566,60.35
2026-08-15T00:00:32.782612,WLD_IRT,WLD,64533.0,0.0171,12045843990810.0,63876.0,64549.0,64212.5,1.0480825384465642,33678.6938,34478.6201,49.413176477895206,60.342
2026-08-15T00:00:32.782612,SEI_IRT,SEI,7541.0,-0.0168,80443751164959.0,7497.0,7548.0,7522.5,0.6779661016949152,1478655.6461,1346813.1691,52.3331079835448,60.336
2026-08-15T00:08:01.132412,UNI_IRT,UNI,599975.0,-0.0797,24056184799941.0,598544.0,602460.0,600502.0,0.6521210587142091,17272.293,17170.0465,50.148431409544635,61.594
2026-08-15T00:08:01.132412,INJ_IRT,INJ,805071.0,-0.0651,17834977936104.0,801343.0,805169.0,803256.0,0.47631141255091775,2377.0827,2443.5090999999998,49.311014054332496,61.302
2026-08-15T00:08:01.132412,CRV_IRT,CRV,45254.0,-0.0517,7876642198488.0,45034.0,45438.0,45236.0,0.8930939959324431,46480.842599999996,42175.9448,52.42784445852816,61.034
2026-08-15T00:08:01.132412,SHIB_IRT,SHIB,0.856,0.0308,20412819032340.0,0.8541,0.8564,0.8552500000000001,0.26892721426484417,39702641766.1983,20459502606.1361,65.99273044605036,60.616
2026-08-15T00:08:01.132412,AXS_IRT,AXS,166231.0,0.0308,6100334553348.0,165244.0,167502.0,166373.0,1.3571913711960475,1386.8557,1517.9213,47.74396451087296,60.616
2026-08-15T00:08:01.132412,AAVE_IRT,AAVE,16048806.0,-0.0264,14268233011872.0,15951014.0,16043617.0,15997315.5,0.5788658728397275,46.0778,87.1264,34.59185220886428,60.528
2026-08-15T00:08:01.132412,SAND_IRT,SAND,7436.0,0.0253,9781154243406.0,7427.0,7457.0,7442.0,0.40311744154797097,110898.92330000001,126273.8946,46.75869869149959,60.506
2026-08-15T00:08:01.132412,GRT_IRT,GRT,2524.0,0.0246,8930378342424.0,2513.0,2531.0,2522.0,0.7137192704203014,58890.4858,75211.0484,43.91484866397599,60.492
2026-08-15T00:08:01.132412,LUNC_IRT,LUNC,8.916,-0.0235,6359317176471.0,20.0,5.0,12.5,-120.0,27221977.873,4780048.4013,85.0632945541366,60.47
2026-08-15T00:08:01.132412,POL_IRT,POL,13935.0,0.0229,56083556102301.0,13921.0,13965.0,13943.0,0.315570537187119,138268.7917,233428.8829,37.19926196708038,60.458
2026-08-15T00:08:01.132412,GMT_IRT,GMT,1176.0,-0.0223,11891937879297.0,1171.0,1176.0,1173.5,0.42607584149978694,735538.4594,735322.0443000001,50.00735675135254,60.446
2026-08-15T00:08:01.132412,LTC_IRT,LTC,8168632.0,-0.0207,73580932842186.0,8156275.0,8183470.0,8169872.5,0.3328693318041377,1793.502,1814.224,49.71281078441102,60.414
2026-08-15T00:08:01.132412,ATOM_IRT,ATOM,280591.0,-0.0198,17547712835541.0,278779.0,281760.0,280269.5,1.063619123736261,7207.4239,7995.9268,47.406812104913165,60.396
2026-08-15T00:08:01.132412,ETC_IRT,ETC,1154397.0,-0.0189,14985944032143.0,1151461.0,1157965.0,1154713.0,0.5632568439083998,353.492767,307.128326,53.50915536086281,60.378
2026-08-15T00:08:01.132412,DOT_IRT,DOT,141836.0,-0.0171,31046827984410.0,142100.0,142101.0,142100.5,0.0007037272915999592,110119.0248,112393.7021,49.48886579844435,60.342
2026-08-15T00:08:01.132412,WLD_IRT,WLD,64267.0,0.0171,12045843990810.0,63954.0,64548.0,64251.0,0.9244992295839755,33606.440800000004,35702.7416,48.48771784097687,60.342
2026-08-15T00:08:01.132412,SEI_IRT,SEI,7531.0,-0.0168,80443751164959.0,7497.0,7548.0,7522.5,0.6779661016949152,1478655.6461,1346822.5743,52.3329337817606,60.336
2026-08-15T00:08:16.146336,UNI_IRT,UNI,599975.0,-0.0797,24056184799941.0,598545.0,602460.0,600502.5,0.6519539885346023,17298.811,17170.0465,50.18678382362979,61.594
2026-08-15T00:08:16.146336,INJ_IRT,INJ,805071.0,-0.0651,17834977936104.0,801343.0,805343.0,803343.0,0.4979193196430416,2381.0715999999998,2449.4692999999997,49.29202855936899,61.302
2026-08-15T00:08:16.146336,CRV_IRT,CRV,45254.0,-0.0517,7876642198488.0,45046.0,45439.0,45242.5,0.86865226280599,46479.311,42027.101,52.51519065081973,61.034
2026-08-15T00:08:16.146336,SHIB_IRT,SHIB,0.856,0.0308,20412819032340.0,0.8551,0.8564,0.85575,0.1519135261466642,39823183618.3677,20478810713.0234,66.03957971857184,60.616
2026-08-15T00:08:16.146336,AXS_IRT,AXS,166231.0,0.0308,6100334553348.0,165244.0,167502.0,166373.0,1.3571913711960475,1386.8557,1517.9213,47.74396451087296,60.616
2026-08-15T00:08:16.146336,AAVE_IRT,AAVE,16048806.0,-0.0264,14268233011872.0,15951014.0,16043617.0,15997315.5,0.5788658728397275,46.0778,87.1264,34.59185220886428,60.528
2026-08-15T00:08:16.146336,SAND_IRT,SAND,7436.0,0.0253,9781154243406.0,7427.0,7459.0,7443.0,0.42993416633078063,110904.4437,126051.3578,46.80385244756289,60.506
2026-08-15T00:08:16.146336,GRT_IRT,GRT,2524.0,0.0246,8930378342424.0,2520.0,2531.0,2525.5,0.43555731538309245,61188.1048,76241.076,44.52337156040153,60.492
2026-08-15T00:08:16.146336,LUNC_IRT,LUNC,8.916,-0.0235,6359317176471.0,20.0,5.0,12.5,-120.0,27221977.873,4780048.4013,85.0632945541366,60.47
2026-08-15T00:08:16.146336,POL_IRT,POL,13935.0,0.0229,56083556102301.0,13872.0,14008.0,13940.0,0.975609756097561,129297.7855,232753.6493,35.712546083797484,60.458
2026-08-15T00:08:16.146336,GMT_IRT,GMT,1176.0,-0.0223,11891937879297.0,1171.0,1174.0,1172.5,0.255863539445629,720414.9803,747924.0792,49.063257947065466,60.446
2026-08-15T00:08:16.146336,LTC_IRT,LTC,8168632.0,-0.0207,73580932842186.0,8156282.0,8183476.0,8169879.0,0.33285682688813384,1814.206,1797.41,50.23252748907968,60.414
2026-08-15T00:08:16.146336,ATOM_IRT,ATOM,280591.0,-0.0198,17547712835541.0,278779.0,282536.0,280657.5,1.3386422953243722,7207.4239,7703.472299999999,48.33662446124466,60.396
2026-08-15T00:08:16.146336,ETC_IRT,ETC,1154397.0,-0.0189,14985944032143.0,1151461.0,1157961.0,1154711.0,0.5629114124659763,217.605758,278.101847,43.89800676953503,60.378
2026-08-15T00:08:16.146336,DOT_IRT,DOT,141836.0,-0.0171,31046827984410.0,142100.0,142101.0,142100.5,0.0007037272915999592,109851.1392,112418.5222,49.42246211565066,60.342
2026-08-15T00:08:16.146336,WLD_IRT,WLD,64267.0,0.0171,12045843990810.0,63955.0,64810.0,64382.5,1.3280006212868405,33628.8173,35219.9141,48.84449809920535,60.342
2026-08-15T00:08:16.146336,SEI_IRT,SEI,7531.0,-0.0168,80443751164959.0,7497.0,7547.0,7522.0,0.6647168306301515,1489683.2412,1338729.223,52.66852907966335,60.336
2026-08-15T00:08:31.166821,UNI_IRT,UNI,599814.0,-0.0797,24056184799941.0,598712.0,602878.0,600795.0,0.6934145590426019,17282.0227,17176.2881,50.1534239455522,61.594
2026-08-15T00:08:31.166821,INJ_IRT,INJ,805071.0,-0.0651,17834977936104.0,801343.0,805343.0,803343.0,0.4979193196430416,2381.0715999999998,2443.565,49.352351221644334,61.302
2026-08-15T00:08:31.166821,CRV_IRT,CRV,45293.0,-0.0517,7876642198488.0,45046.0,45367.0,45206.5,0.7100748786125889,46479.311,41507.2135,52.82548806664139,61.034
2026-08-15T00:08:31.166821,SHIB_IRT,SHIB,0.8561,0.0308,20412819032340.0,0.8561,0.8564,0.85625,0.03503649635037408,39900891329.3163,20429946937.0785,66.13680909443241,60.616
2026-08-15T00:08:31.166821,AXS_IRT,AXS,166231.0,0.0308,6100334553348.0,164508.0,167502.0,166005.0,1.8035601337309117,1515.909,1316.9432,53.51175751421129,60.616
2026-08-15T00:08:31.166821,AAVE_IRT,AAVE,16041621.0,-0.0264,14268233011872.0,15951014.0,16043617.0,15997315.5,0.5788658728397275,46.0778,87.1249,34.59224174885344,60.528
2026-08-15T00:08:31.166821,SAND_IRT,SAND,7432.0,0.0253,9781154243406.0,7433.0,7459.0,7446.0,0.34918076819769,106620.1208,126055.9161,45.82342136325084,60.506
2026-08-15T00:08:31.166821,GRT_IRT,GRT,2524.0,0.0246,8930378342424.0,2521.0,2531.0,2526.0,0.395882818685669,58792.6879,75220.9259,43.870683158907546,60.492
2026-08-15T00:08:31.166821,GMT_IRT,GMT,1173.0,-0.024,11891937879297.0,1170.0,1174.0,1172.0,0.3412969283276451,680848.6044,784663.8572,46.458056293610156,60.48
2026-08-15T00:08:31.166821,LUNC_IRT,LUNC,8.916,-0.0235,6359317176471.0,20.0,5.0,12.5,-120.0,27221977.873,4780048.4013,85.0632945541366,60.47
2026-08-15T00:08:31.166821,POL_IRT,POL,13935.0,0.0229,56083556102301.0,13925.0,13977.0,13951.0,0.3727331374095047,138584.0337,232927.8192,37.30272200421631,60.458
2026-08-15T00:08:31.166821,LTC_IRT,LTC,8167801.0,-0.0207,73580932842186.0,8156869.0,8190356.0,8173612.5,0.4096964469504763,1829.719,1814.094,50.21440452624765,60.414
2026-08-15T00:08:31.166821,ATOM_IRT,ATOM,280124.0,-0.0198,17547712835541.0,279403.0,281335.0,280369.0,0.6890918753499852,7207.6334,7704.2652,48.33478011981653,60.396
2026-08-15T00:08:31.166821,ETC_IRT,ETC,1154202.0,-0.0189,14985944032143.0,1151800.0,1157958.0,1154879.0,0.5332160338875328,361.414334,281.219569,56.23953736533568,60.378
2026-08-15T00:08:31.166821,DOT_IRT,DOT,141766.0,-0.0171,31046827984410.0,142100.0,142564.0,142332.0,0.32599837000814996,109569.0638,108895.6576,50.15412241291971,60.342
2026-08-15T00:08:31.166821,WLD_IRT,WLD,64245.0,0.0171,12045843990810.0,63955.0,64794.0,64374.5,1.3033110936783976,33628.8173,37802.1133,47.078789282916055,60.342
2026-08-15T00:08:31.166821,SEI_IRT,SEI,7533.0,-0.0168,80443751164959.0,7497.0,7569.0,7533.0,0.955794504181601,1489683.2412,1451344.3222,50.65179462234754,60.336
