timestamp,mid_price,best_bid,best_ask,spread,spread_percent,bid_volume,ask_volume,pressure_01,pressure_025,pressure_05,pressure_1,pressure_2
2026-08-14T23:01:52.448350,11812091326.5,11805715334.0,11818467319.0,12751985.0,0.10795704712671314,2.52542741,2.32043098,68.27807316174108,60.0413286807611,68.53833792493013,66.69408281601294,55.74519817961337
2026-08-14T23:01:54.124958,11812091326.5,11805715334.0,11818467319.0,12751985.0,0.10795704712671314,2.52542741,2.32043098,68.27807316174108,60.0413286807611,68.53833792493013,66.69408281601294,55.74519817961337
2026-08-14T23:01:55.726231,11811881721.5,11805715334.0,11818048109.0,12332775.0,0.10440990936737768,2.52607979,2.32233565,61.183867907890274,54.2816806614098,64.88390229211684,66.85163154025045,55.7929125401166
2026-08-14T23:01:57.302975,11811881721.5,11805715334.0,11818048109.0,12332775.0,0.10440990936737768,2.52349856,2.31849211,77.07223759229852,66.45015816021888,73.97497349311189,67.0380869784553,55.83167862101983
2026-08-14T23:01:58.943446,11811881721.5,11805715334.0,11818048109.0,12332775.0,0.10440990936737768,2.52349856,2.31849211,77.07223759229852,66.45015816021888,73.97497349311189,67.0380869784553,55.83167862101983
2026-08-14T23:02:00.568346,11811881721.5,11805715334.0,11818048109.0,12332775.0,0.10440990936737768,2.52349856,2.3199989,60.913832965753,58.774477462459714,68.41175116853461,66.93130662044786,55.80148341246911
2026-08-14T23:02:02.098738,11811881721.5,11805715334.0,11818048109.0,12332775.0,0.10440990936737768,2.52349856,2.3199989,60.913832965753,58.774477462459714,68.41175116853461,66.93130662044786,55.80148341246911
2026-08-14T23:02:03.737836,11810611170.5,11805715334.0,11815507007.0,9791673.0,0.08290572654239257,2.52542382,2.32263442,58.891119823566875,52.710303321819296,68.16094638965211,68.40909134756258,56.23447434020873
2026-08-14T23:02:05.431371,11808268733.5,11801030460.0,11815507007.0,14476547.0,0.12259669327248718,2.51597589,2.32263442,3.6326550417814913,14.53201632846017,73.81433452729638,71.07144669844544,56.94416074801342
2026-08-14T23:02:07.039820,11808268734.0,11801030461.0,11815507007.0,14476546.0,0.12259668479865408,2.54500817,2.32263442,74.79667904829418,71.43496491977996,84.59043900049615,71.83464734910959,57.367301303909734
2026-08-14T23:02:09.704009,11808188343.0,11801030462.0,11815346224.0,14315762.0,0.12123588804786056,2.53125916,2.32326526,73.01010793491244,63.50081360543789,80.84064061780872,71.56066695894239,57.19249433892226
2026-08-14T23:02:11.317771,11807007342.0,11801030460.0,11812984224.0,11953764.0,0.10124296236759298,2.51405596,2.32069555,6.6224680815775026,15.447606050584605,83.92834703476399,72.7744514552842,57.41566709770579
2026-08-14T23:02:13.001180,11807007344.0,11801030464.0,11812984224.0,11953760.0,0.10124292847225656,2.52848452,2.32069555,84.19795004854535,70.54158409746717,87.79614178429539,73.16768575550998,57.63495881136008
2026-08-14T23:02:14.808913,11807007344.0,11801030464.0,11812984224.0,11953760.0,0.10124292847225656,2.51944644,2.3199989,66.51712049575087,52.07021762075189,86.92297775378805,72.98230081472754,57.51525824335704
2026-08-14T23:02:16.409073,11807007344.5,11801030465.0,11812984224.0,11953759.0,0.10124291999842247,2.52867496,2.32069555,84.36255919715342,70.70408211502442,87.8171349415041,73.17221261323765,57.63770677739794
2026-08-14T23:02:18.045771,11807102505.5,11801030465.0,11813174546.0,12144081.0,0.10285403209079474,2.53059078,2.32263442,77.47991659902628,65.62852862784003,85.21318464617738,72.9578905201387,57.59013410429616
2026-08-14T23:02:19.645679,11807102506.0,11801030466.0,11813174546.0,12144080.0,0.10285402361696072,2.53587502,2.32263442,82.37699602693596,71.78179945421063,86.37909199970534,73.10035292482749,57.66953506112913
2026-08-14T23:02:21.277778,11807102506.0,11801030466.0,11813174546.0,12144080.0,0.10285402361696072,2.521417,2.32263442,56.12247303931813,44.38564249709642,82.6050370942235,72.70467236541816,57.44984764074158
2026-08-14T23:02:22.987740,11807102506.5,11801030467.0,11813174546.0,12144079.0,0.10285401514312667,2.52521914,2.32263442,68.02318065555788,55.241196360602416,83.73112453781405,72.80460421562218,57.50603472455725
2026-08-14T23:02:24.583513,11807082363.0,11801030467.0,11813134259.0,12103792.0,0.10251298015782292,2.52330819,2.32069555,76.97792525825805,60.44281893423937,86.31257913806508,72.92407827680198,57.52617270467629
2026-08-14T23:02:26.250732,11807082363.5,11801030468.0,11813134259.0,12103791.0,0.10251297168398887,2.52832438,2.32069555,84.08436748293072,70.02194213136809,87.54576291293765,73.06800968217505,57.60511514207628
2026-08-14T23:02:27.896844,11807082363.5,11801030468.0,11813134259.0,12103791.0,0.10251297168398887,2.51950605,2.32069555,66.78256618017055,49.308441766345254,85.31291150128989,72.82424360567211,57.46993531803598
2026-08-14T23:02:29.514522,11807082364.0,11801030469.0,11813134259.0,12103790.0,0.10251296321015485,2.52822377,2.32069555,83.99450126107018,69.88931196425102,87.52531798851734,73.06540466554453,57.60363428045202
2026-08-14T23:02:31.166898,11807138885.5,11801030469.0,11813247302.0,12216833.0,0.10346988477456748,2.53018532,2.32263442,77.0381429138827,64.88874379890744,85.00177592225582,72.90109353339817,57.570818379379354
2026-08-14T23:02:32.788592,11807138885.5,11801030469.0,11813247302.0,12216833.0,0.10346988477456748,2.53018532,2.32263442,77.0381429138827,64.88874379890744,85.00177592225582,72.90109353339817,57.570818379379354
2026-08-14T23:02:34.441888,11807138886.0,11801030470.0,11813247302.0,12216832.0,0.10346987630073347,2.52653904,2.32263442,71.7565923822973,58.85591915674861,84.09188805948997,72.8061179086641,57.517126105691254
2026-08-14T23:02:36.835674,11807138886.5,11801030471.0,11813247302.0,12216831.0,0.10346986782689947,2.5255956,2.32193777,68.89486463333336,57.70598174358238,84.89164758116901,72.83110223915465,57.516905560009945
2026-08-14T23:02:38.458596,11807263044.0,11801030471.0,11813495617.0,12465146.0,0.1055718497466211,2.52369413,2.32020995,80.05894068643073,63.27359923339313,87.0262078211234,72.75689755645428,57.480895552612246
2026-08-14T23:02:40.145902,11807263044.5,11801030472.0,11813495617.0,12465145.0,0.10557184127278718,2.52876557,2.32069555,84.21228852679786,70.32826676732965,87.18596126613411,72.85126814412207,57.54572885017923
2026-08-14T23:02:41.820504,11807263044.5,11801030472.0,11813495617.0,12465145.0,0.10557184127278718,2.51956613,2.32069555,66.57268154683182,48.59876087990177,84.69013037290651,72.59557624450052,57.40482699548808
2026-08-14T23:02:43.451079,11807263045.0,11801030473.0,11813495617.0,12465144.0,0.10557183279895328,2.52877711,2.32069555,84.22216835153904,70.34315651807206,87.18844063894196,72.8515684039422,57.54589858181419
2026-08-14T23:02:45.147719,11807263045.0,11801030473.0,11813495617.0,12465144.0,0.10557183279895328,2.5252884,2.32069555,77.25542244889641,62.02070313110985,86.22417124853175,72.75182531708172,57.49215210663902
2026-08-14T23:02:46.774714,11807000823.0,11801030474.0,11812971172.0,11940698.0,0.10113235510867043,2.5316564,2.32263442,77.52771192607786,66.8036167294926,85.74467999884008,73.11200981412242,57.6422176611084
2026-08-14T23:02:48.478442,11807000823.0,11801030474.0,11812971172.0,11940698.0,0.10113235510867043,2.52250126,2.32263442,56.5159623466836,46.99512987938423,83.3239791559402,72.86091538807268,57.502372294760406
2026-08-14T23:02:50.063724,11807000823.5,11801030475.0,11812971172.0,11940697.0,0.10113234663483633,2.53183626,2.32193777,77.72786648509333,68.46163203153279,86.79656565538434,73.1781805595649,57.66334474972747
2026-08-14T23:02:51.664462,11807000823.5,11801030475.0,11812971172.0,11940697.0,0.10113234663483633,2.52665263,2.32263442,68.97090778959722,58.2131132012217,84.54485315309067,72.97138936290688,57.56393307525121
2026-08-14T23:02:53.421208,11807096934.0,11801030475.0,11813163393.0,12132918.0,0.1027595357929328,2.52364436,2.32069555,79.18389722422216,63.635436715343516,86.59382526490977,72.9221619653249,57.52749250578704
2026-08-14T23:02:55.100116,11807096934.5,11801030476.0,11813163393.0,12132917.0,0.10275952731909876,2.52882799,2.32069555,85.30082894791724,72.30910903545522,87.82665977054077,73.07036964605516,57.60888081197288
2026-08-14T23:02:56.796723,11807096934.5,11801030476.0,11813163393.0,12132917.0,0.10275952731909876,2.51954934,2.32069555,70.30356164128992,53.072721903116395,85.54162143740422,72.81464828189607,57.4669307261798
2026-08-14T23:02:58.434603,11807096935.0,11801030477.0,11813163393.0,12132916.0,0.10275951884526474,2.52867441,2.32069555,85.18347874985639,72.12995138600007,87.79641337544435,73.06639602446876,57.606621115872905
2026-08-14T23:03:00.022310,11806996480.5,11801030477.0,11812962484.0,11932007.0,0.1010587834061479,2.52733785,2.32120452,77.29436180953549,64.62363281108502,87.07738603804185,73.11311005444112,57.609500889380335
2026-08-14T23:03:01.796195,11806996480.5,11801030477.0,11812962484.0,11932007.0,0.1010587834061479,2.52733785,2.32263442,70.38557278370642,59.63093441549934,84.73236336915981,72.99478118822405,57.57563929182209
2026-08-14T23:03:03.619715,11806996481.0,11801030478.0,11812962484.0,11932006.0,0.10105877493231379,2.53173104,2.32263442,77.61841903238972,67.30222026804921,85.85605871752317,73.12159291555666,57.64521427236801
2026-08-14T23:03:05.260831,11806996481.5,11801030479.0,11812962484.0,11932005.0,0.10105876645847969,2.52784654,2.32263442,72.25559700650115,61.51416854108995,84.98122692442699,73.02132796381441,57.58810604097081
2026-08-14T23:03:06.876140,11807092847.0,11801030479.0,11813155215.0,12124736.0,0.10269027403371955,2.53432678,2.32069555,88.5427673871966,77.49069057251536,88.82734538409646,73.21695507670879,57.69110012386497
2026-08-14T23:03:08.610334,11807092847.0,11801030479.0,11813155215.0,12124736.0,0.10269027403371955,2.52485537,2.3199989,81.50171733433518,68.17540983722553,88.09612874320759,73.03227060492823,57.57006504084858
2026-08-14T23:03:10.267318,11807092847.5,11801030480.0,11813155215.0,12124735.0,0.10269026555988553,2.52807247,2.32011453,84.69623852473312,72.11981475787017,88.29975390323231,73.09159430725452,57.61014544606068
2026-08-14T23:03:11.831997,11807092847.5,11801030480.0,11813155215.0,12124735.0,0.10269026555988553,2.52891985,2.32011453,85.36207496829056,73.11460416524682,88.4604949406083,73.11350364757656,57.622613461754405
2026-08-14T23:03:13.479703,11807092847.5,11801030480.0,11813155215.0,12124735.0,0.10269026555988553,2.52891985,2.32011453,85.36207496829056,73.11460416524682,88.4604949406083,73.11350364757656,57.622613461754405
2026-08-14T23:03:15.168597,11806995605.5,11801030481.0,11812960730.0,11930249.0,0.1010439014175849,2.53197714,2.3220534,77.8793866688385,68.19910679526464,86.45705054876916,73.16444235710391,57.660025991993514
2026-08-14T23:03:16.827003,11806995605.5,11801030481.0,11812960730.0,11930249.0,0.1010439014175849,2.53282452,2.3220534,78.76434186843727,69.20864980450536,86.62740322402993,73.18618621596706,57.672460320537965
2026-08-14T23:03:18.523687,11806995595.0,11801030460.0,11812960730.0,11930270.0,0.10104407936810109,2.51972526,2.3220534,4.313968666966987,31.447684977431685,83.08838755802402,72.82651178443547,57.47277439845162
2026-08-14T23:03:20.065934,11806995606.0,11801030482.0,11812960730.0,11930248.0,0.10104389294375078,2.5327166,2.3220534,78.6555681930882,69.0836466498259,86.60594428234882,73.18341827977179,57.670876935069145
2026-08-14T23:03:21.758766,11807090071.0,11801030482.0,11813149660.0,12119178.0,0.10264322476684189,2.52801353,2.32011453,84.65355641412825,72.06179580588471,88.29602779506675,73.09362052510305,57.61030077561627
2026-08-14T23:03:23.484132,11807090071.0,11801030482.0,11813149660.0,12119178.0,0.10264322476684189,2.52801353,2.32011453,84.65355641412825,72.06179580588471,88.29602779506675,73.09362052510305,57.61030077561627
2026-08-14T23:03:25.198399,11807090071.5,11801030483.0,11813149660.0,12119177.0,0.10264321629300786,2.53363782,2.32011453,88.33872426288897,77.77281890846197,89.32655797077557,73.24469185680879,57.69478648282597
2026-08-14T23:03:26.858585,11807090071.5,11801030483.0,11813149660.0,12119177.0,0.10264321629300786,2.52417264,2.32011453,80.65409878233525,66.41697736138651,87.50693700343452,72.99386437781928,57.553693558207655
2026-08-14T23:03:28.464428,11807680572.0,11801030484.0,11814330660.0,13300176.0,0.1126400389890222,2.53602782,2.3188407,91.40907635725428,81.76685221577017,90.50007997542059,72.64390984498861,57.537711018141444
2026-08-14T23:03:30.288106,11807040042.5,11801030484.0,11813049601.0,12019117.0,0.10179619071957595,2.53219966,2.32193777,78.15175942805794,68.70662339078598,86.75879891136465,73.13762768866353,57.65424794270134
2026-08-14T23:03:32.093827,11807040042.5,11801030484.0,11813049601.0,12019117.0,0.10179619071957595,2.53135228,2.32193777,77.21250731852443,67.64166472128889,86.58623711434805,73.1158251009883,57.641806177807055
2026-08-14T23:04:35.863619,11807022356.5,11801030463.0,11813014250.0,11983787.0,0.1014971144981587,2.52436,2.31926534,81.97155114741456,66.0516120096161,88.75532558575075,73.12206744757833,57.59081538425613
2026-08-14T23:04:37.728508,11807022355.0,11801030460.0,11813014250.0,11983790.0,0.10149713991966097,2.51499081,2.31914971,8.711181645648429,21.12060196682887,87.06521341450177,72.89933511945854,57.458612351794045
2026-08-14T23:04:39.447659,11807022357.5,11801030465.0,11813014250.0,11983785.0,0.10149709755049052,2.52643049,2.31926534,85.21586897298351,70.65283992140313,89.25171483725123,73.1890799793671,57.6263213555914
2026-08-14T23:04:41.047138,11807022357.5,11801030465.0,11813014250.0,11983785.0,0.10149709755049052,2.51827943,2.31926534,62.74415740296272,46.22226525909066,87.38518420275008,72.96313580301097,57.50090794527918
2026-08-14T23:04:42.731308,11811215260.5,11803461988.0,11818968533.0,15506545.0,0.13128661749022738,2.52921299,2.32299737,62.4700700817813,62.972205649208576,70.61758080319265,67.77474937246623,56.073617575687294
2026-08-14T23:04:44.336579,11811215260.5,11803461988.0,11818968533.0,15506545.0,0.13128661749022738,2.51950309,2.32299737,46.56473738755618,44.081015332677595,59.80564157116345,67.47601057402908,55.92774210557874
2026-08-14T23:04:46.043637,11811215260.5,11803461988.0,11818968533.0,15506545.0,0.13128661749022738,2.52866879,2.32299737,62.114686375641256,62.58431601521794,70.37339257630381,67.76568208615629,56.067408082113666
2026-08-14T23:04:47.725862,11811215260.5,11803461988.0,11818968533.0,15506545.0,0.13128661749022738,2.52866879,2.32299737,62.114686375641256,62.58431601521794,70.37339257630381,67.76568208615629,56.067408082113666
2026-08-14T23:04:49.382577,11811215260.5,11803461988.0,11818968533.0,15506545.0,0.13128661749022738,2.52638853,2.32299737,58.90047240743898,58.935772224409156,68.12310016127753,67.68841433328264,56.03128339732032
2026-08-14T23:04:51.114651,11811215261.0,11803461989.0,11818968533.0,15506544.0,0.1312866090181404,2.52869352,2.32299737,66.13838082773812,63.0333662727744,70.49840130970688,67.76818915869896,56.06818945602002
2026-08-14T23:04:52.699467,11811190021.0,11803411509.0,11818968533.0,15557024.0,0.1317142808839753,2.52632517,2.31916004,62.2892821597773,68.3860373985953,76.79279786916268,67.9631481494621,56.11259181157995
2026-08-14T23:04:54.257099,11811190021.0,11803411509.0,11818968533.0,15557024.0,0.1317142808839753,2.52632517,2.31916004,62.2892821597773,68.3860373985953,76.79279786916268,67.9631481494621,56.11259181157995
2026-08-14T23:04:55.880841,11811190021.0,11803411509.0,11818968533.0,15557024.0,0.1317142808839753,2.52431296,2.31916004,58.51434597471668,64.33092361215336,74.6222044891219,67.8858786072181,56.07722793562523
2026-08-14T23:04:57.530901,11811190021.5,11803411510.0,11818968533.0,15557023.0,0.1317142724118521,2.51747776,2.31904441,52.9556350358655,48.02459960940067,67.49544299071069,67.7017001360794,55.98212472900518
2026-08-14T23:04:59.247597,11811190021.5,11803411510.0,11818968533.0,15557023.0,0.1317142724118521,2.52659338,2.31916004,75.35405006308429,70.45086520892805,77.39821466070094,67.97830470811328,56.11821531909289
2026-08-14T23:05:01.228409,11811908618.5,11804848704.0,11818968533.0,14119829.0,0.11953892851732106,2.32457609,2.3252118,64.11647256640845,55.656211260575915,61.44389466081397,66.67111761499474,54.23025440280982
2026-08-14T23:05:02.855025,11811908619.0,11804848705.0,11818968533.0,14119828.0,0.11953892004622864,2.52668186,2.32299736,69.33652391920452,60.69665610280538,66.09875021831863,66.82121380228995,55.785344028413995
2026-08-14T23:05:04.501575,11811908619.0,11804848705.0,11818968533.0,14119828.0,0.11953892004622864,2.52668186,2.32299736,69.33652391920452,60.69665610280538,66.09875021831863,66.82121380228995,55.785344028413995
2026-08-14T23:05:06.273489,11811908619.0,11804848705.0,11818968533.0,14119828.0,0.11953892004622864,2.52668186,2.32299736,69.33652391920452,60.69665610280538,66.09875021831863,66.82121380228995,55.785344028413995
2026-08-14T23:05:07.904996,11811908619.0,11804848705.0,11818968533.0,14119828.0,0.11953892004622864,2.52668186,2.32299736,69.33652391920452,60.69665610280538,66.09875021831863,66.82121380228995,55.785344028413995
2026-08-14T23:05:09.695329,11811908619.0,11804848705.0,11818968533.0,14119828.0,0.11953892004622864,2.52668186,2.32299736,69.33652391920452,60.69665610280538,66.09875021831863,66.82121380228995,55.785344028413995
2026-08-14T23:05:12.426203,11812369655.0,11805770777.0,11818968533.0,13197756.0,0.11172826778591022,2.52625207,2.318888,65.33980844463949,69.13991100801933,74.00587769493964,66.47186056297265,55.688329491798704
2026-08-14T23:05:14.162203,11812369655.0,11805770777.0,11818968533.0,13197756.0,0.11172826778591022,2.52664436,2.31916004,67.24180269491725,69.10845023909582,73.50223439954505,66.4679152111749,55.68944499314061
2026-08-14T23:05:15.819009,11812369655.0,11805770777.0,11818968533.0,13197756.0,0.11172826778591022,2.52664436,2.31916004,67.24180269491725,69.10845023909582,73.50223439954505,66.4679152111749,55.68944499314061
2026-08-14T23:05:17.428456,11812369655.0,11805770777.0,11818968533.0,13197756.0,0.11172826778591022,2.52664436,2.31916004,67.24180269491725,69.10845023909582,73.50223439954505,66.4679152111749,55.68944499314061
2026-08-14T23:05:19.131209,11812369655.0,11805770777.0,11818968533.0,13197756.0,0.11172826778591022,2.52453047,2.31916004,60.58420351583615,64.61500398223079,70.37325569004597,66.38118586017536,55.65168702597446
2026-08-14T23:05:21.187348,11812369655.5,11805770778.0,11818968533.0,13197755.0,0.11172825931547906,2.51752854,2.31904441,53.945732664113436,48.27133062530952,59.299019613378135,66.17905820873379,55.55278318776967
2026-08-14T23:05:22.853474,11812704795.0,11806441057.0,11818968533.0,12527476.0,0.10605086825925374,2.52707207,2.32288173,67.54245274829968,61.77212492076711,65.0230130865592,65.83620130997903,55.50949148108446
2026-08-14T23:05:24.424557,11812704795.0,11806441057.0,11818968533.0,12527476.0,0.10605086825925374,2.52495838,2.32288173,61.53066395053668,57.03729089986549,61.37223996645993,65.7475443658076,55.47151561146409
2026-08-14T23:05:26.049541,11812704795.5,11806441058.0,11818968533.0,12527475.0,0.10605085978930319,2.52709818,2.32288173,68.27950301775726,61.93943967046077,65.09860997059923,65.83761726191288,55.510012957754164
2026-08-14T23:05:27.757470,11812704795.5,11806441058.0,11818968533.0,12527475.0,0.10605085978930319,2.52709818,2.32288173,68.27950301775726,61.93943967046077,65.09860997059923,65.83761726191288,55.510012957754164
2026-08-14T23:05:29.432669,11812704795.5,11806441058.0,11818968533.0,12527475.0,0.10605085978930319,2.52709818,2.32288173,68.27950301775726,61.93943967046077,65.09860997059923,65.83761726191288,55.510012957754164
2026-08-14T23:05:31.039629,11812704795.5,11806441058.0,11818968533.0,12527475.0,0.10605085978930319,2.52709818,2.32288173,68.27950301775726,61.93943967046077,65.09860997059923,65.83761726191288,55.510012957754164
2026-08-14T23:05:32.700898,11812704795.5,11806441058.0,11818968533.0,12527475.0,0.10605085978930319,2.52706135,2.31904441,71.92015439421485,71.71459503517295,74.70614680941594,66.07858581512676,55.58218108663028
2026-08-14T23:05:34.370328,11812704795.5,11806441058.0,11818968533.0,12527475.0,0.10605085978930319,2.52706135,2.31904441,71.92015439421485,71.71459503517295,74.70614680941594,66.07858581512676,55.58218108663028
2026-08-14T23:05:36.051472,11812704795.5,11806441058.0,11818968533.0,12527475.0,0.10605085978930319,2.52706135,2.31904441,71.92015439421485,71.71459503517295,74.70614680941594,66.07858581512676,55.58218108663028
2026-08-14T23:05:37.674006,11812704795.5,11806441058.0,11818968533.0,12527475.0,0.10605085978930319,2.52706135,2.31904441,71.92015439421485,71.71459503517295,74.70614680941594,66.07858581512676,55.58218108663028
2026-08-14T23:05:39.373554,11812899315.0,11806830097.0,11818968533.0,12138436.0,0.10275577295902821,2.52712476,2.32288173,67.13883907124134,61.788451457982596,64.75545934798495,65.58712943979826,55.43964862529549
2026-08-14T23:05:41.119642,11812899315.0,11806830097.0,11818968533.0,12138436.0,0.10275577295902821,2.52495845,2.32288173,60.2398832496644,56.84954134491137,60.929161624581106,65.49554809372576,55.40070628896966
2026-08-14T23:05:42.681755,11812899315.0,11806830097.0,11818968533.0,12138436.0,0.10275577295902821,2.51504903,2.32288173,33.41217073126712,24.618776462337376,36.499445900377395,65.15793688517171,55.2474429495323
2026-08-14T23:05:44.462992,11812899315.0,11806830097.0,11818968533.0,12138436.0,0.10275577295902821,2.52441821,2.32288173,64.36283917950604,56.69931305984412,60.39216905869247,65.480353804015,55.393067079623734
2026-08-14T23:05:46.112732,11812899315.5,11806830098.0,11818968533.0,12138435.0,0.10275576448935662,2.5265478,2.31904441,71.89697544690311,71.26302174517947,73.9811553619287,65.81134516334384,55.50385827758918
2026-08-14T23:05:47.787971,11812899315.5,11806830098.0,11818968533.0,12138435.0,0.10275576448935662,2.52900929,2.31904441,75.05401025064208,74.50464700667148,76.61441483756538,65.90183135654254,55.54364535446092
2026-08-14T23:05:49.465194,11812899315.5,11806830098.0,11818968533.0,12138435.0,0.10275576448935662,2.52900929,2.31904441,75.05401025064208,74.50464700667148,76.61441483756538,65.90183135654254,55.54364535446092
2026-08-14T23:05:51.194384,11811902904.0,11804837275.0,11818968533.0,14131258.0,0.11963574467933165,2.52654826,2.31904441,78.30051393366905,72.84845224462431,76.63520107759958,67.09962446837557,55.867184235415024
2026-08-14T23:05:52.827414,11812143255.0,11805317977.0,11818968533.0,13650556.0,0.11556375253256274,2.52661218,2.32288173,76.6966298121876,63.16586855249346,66.52153241849635,66.5512289093781,55.70798138898054
2026-08-14T23:05:54.434962,11812143255.5,11805317978.0,11818968533.0,13650555.0,0.11556374406180685,2.52910058,2.32288173,79.86882013283777,67.01862891112313,69.46138051028655,66.64092053722344,55.7481492536581
2026-08-14T23:05:56.018004,11812143255.5,11805317978.0,11818968533.0,13650555.0,0.11556374406180685,2.52663909,2.32288173,77.07692196924634,63.297924132668705,66.582492389282,66.55249757587428,55.70848108664468
2026-08-14T23:05:57.600386,11812143255.5,11805317978.0,11818968533.0,13650555.0,0.11556374406180685,2.52663909,2.32288173,77.07692196924634,63.297924132668705,66.582492389282,66.55249757587428,55.70848108664468
2026-08-14T23:05:59.236717,11812143255.5,11805317978.0,11818968533.0,13650555.0,0.11556374406180685,2.52596779,2.32437004,74.2326115177898,58.18599088683298,61.87376424128671,66.41134258030895,55.66248791575933
2026-08-14T23:06:00.824883,11812694186.0,11806419839.0,11818968533.0,12548694.0,0.10623058383135223,2.5243546,2.31904441,66.98761915077041,66.33819832327458,70.73429307407028,65.98360150567181,55.539117588029654
2026-08-14T23:06:02.542221,11812694186.5,11806419840.0,11818968533.0,12548693.0,0.10623057536138646,2.52660197,2.31904441,72.58567598613844,70.92087960129268,74.13128166369086,66.07703891443674,55.57927309190506
2026-08-14T23:06:04.235230,11812694186.5,11806419840.0,11818968533.0,12548693.0,0.10623057536138646,2.51766182,2.31904441,53.172375731434975,48.5988056660714,57.9103375462941,65.75966645883148,55.43633376079789
2026-08-14T23:06:05.866034,11812694186.5,11806419840.0,11818968533.0,12548693.0,0.10623057536138646,2.51766182,2.31904441,53.172375731434975,48.5988056660714,57.9103375462941,65.75966645883148,55.43633376079789
2026-08-14T23:06:07.576888,11812694186.5,11806419840.0,11818968533.0,12548693.0,0.10623057536138646,2.52649081,2.32288173,73.7561633284423,62.452723802525256,64.88884842577619,65.83772892047676,55.50575122509914
2026-08-14T23:06:09.230941,11812682828.0,11806397123.0,11818968533.0,12571410.0,0.10642298775856035,2.52424344,2.32288173,68.37839454471467,57.32270168351417,60.92311148300118,65.75873293419772,55.46972628177992
2026-08-14T23:06:10.855029,11812682828.5,11806397124.0,11818968533.0,12571409.0,0.1064229792885783,2.52649082,2.32288173,73.85259156204937,62.474003273542,64.91502152582851,65.85244773820571,55.50989157951302
2026-08-14T23:06:12.523374,11812682828.0,11806397123.0,11818968533.0,12571410.0,0.10642298775856035,2.52424344,2.32288173,68.37839454471467,57.32270168351417,60.92311148300118,65.75873293419772,55.46972628177992
2026-08-14T23:06:14.182684,11812132236.0,11805295939.0,11818968533.0,13672594.0,0.11575043122468477,2.52614517,2.3209309,75.51477336171854,65.86069629873151,69.77659723953626,66.65448124638914,55.7362051877189
2026-08-14T23:06:15.804028,11812132236.5,11805295940.0,11818968533.0,13672593.0,0.11575042275391309,2.52842042,2.3209309,79.09536722926894,69.87184815792116,72.73538154121336,66.74592548736919,55.77643160979605
2026-08-14T23:06:17.469509,11812132236.5,11805295940.0,11818968533.0,13672593.0,0.11575042275391309,2.52842042,2.3209309,79.09536722926894,69.87184815792116,72.73538154121336,66.74592548736919,55.77643160979605
2026-08-14T23:06:19.151461,11812132236.5,11805295940.0,11818968533.0,13672593.0,0.11575042275391309,2.52842042,2.3209309,79.09536722926894,69.87184815792116,72.73538154121336,66.74592548736919,55.77643160979605
2026-08-14T23:06:20.746325,11812227035.0,11805485537.0,11818968533.0,13482996.0,0.11414440274513399,2.52455493,2.32099524,74.53440686376928,64.12680756161343,68.1342379561575,66.49438058032054,55.68168542175754
2026-08-14T23:06:22.415292,11812227035.5,11805485538.0,11818968533.0,13482995.0,0.11414439427449828,2.52455488,2.32099524,74.70542229727445,64.16845083666628,68.14732254986893,66.49453548888853,55.68171991531877
2026-08-14T23:06:24.075289,11812227035.0,11805485537.0,11818968533.0,13482996.0,0.11414440274513399,2.52227968,2.32099524,69.16454167853725,58.34352656624458,64.05353663956575,66.40192854765687,55.64133313229601
2026-08-14T23:06:25.766225,11812227035.0,11805485537.0,11818968533.0,13482996.0,0.11414440274513399,2.52227968,2.32099524,69.16454167853725,58.34352656624458,64.05353663956575,66.40192854765687,55.64133313229601
2026-08-14T23:06:27.411362,11812227035.0,11805485537.0,11818968533.0,13482996.0,0.11414440274513399,2.52408234,2.32269464,71.82654642336368,58.668328649235335,63.05093023835061,66.36181424998601,55.63889731240154
2026-08-14T23:06:29.008729,11812200744.0,11805432955.0,11818968533.0,13535578.0,0.11458980670367787,2.52668407,2.3209309,61.24436175568818,64.2188253589846,69.45660772837957,66.57419361313225,55.717367510621294
2026-08-14T23:06:30.684129,11812227035.5,11805485538.0,11818968533.0,13482995.0,0.11414439427449828,2.53155827,2.3209309,74.43060570607327,71.99873012548808,74.92399484231636,66.72521317179945,55.78986754989344
2026-08-14T23:06:32.341847,11812227035.5,11805485538.0,11818968533.0,13482995.0,0.11414439427449828,2.53155827,2.3209309,74.43060570607327,71.99873012548808,74.92399484231636,66.72521317179945,55.78986754989344
2026-08-14T23:06:34.015312,11812227035.5,11805485538.0,11818968533.0,13482995.0,0.11414439427449828,2.53155827,2.3209309,74.43060570607327,71.99873012548808,74.92399484231636,66.72521317179945,55.78986754989344
2026-08-14T23:06:35.779507,11812274733.0,11805580933.0,11818968533.0,13387600.0,0.11333634124339326,2.52769761,2.32099524,68.77885985952746,67.43076460649064,71.29413068457654,66.53590665615886,55.71258909511542
2026-08-14T23:06:37.465192,11812274733.0,11805580933.0,11818968533.0,13387600.0,0.11333634124339326,2.52769761,2.32099524,68.77885985952746,67.43076460649064,71.29413068457654,66.53590665615886,55.71258909511542
2026-08-14T23:06:39.192929,11812274733.0,11805580933.0,11818968533.0,13387600.0,0.11333634124339326,2.52282341,2.32099524,44.50871362328334,56.22826114434425,63.799381551709324,66.34919473126703,55.63025669653439
2026-08-14T23:06:40.799300,11812274733.0,11805580933.0,11818968533.0,13387600.0,0.11333634124339326,2.52282341,2.32099524,44.50871362328334,56.22826114434425,63.799381551709324,66.34919473126703,55.63025669653439
2026-08-14T23:06:42.423812,11811336519.5,11803704506.0,11818968533.0,15264027.0,0.1292320049877485,2.52668229,2.3209309,67.36549158200292,64.90337632000357,72.75960824917101,67.67978835715238,56.03170203591279
2026-08-14T23:06:44.115212,11811336520.0,11803704507.0,11818968533.0,15264026.0,0.12923199651583545,2.52901391,2.3209309,73.13616644551624,69.07426085698822,75.19775022253343,67.76913884405778,56.07232676126531
2026-08-14T23:06:45.826353,11811336520.0,11803704507.0,11818968533.0,15264026.0,0.12923199651583545,2.52904238,2.3209309,73.18359125100723,69.11097404311653,75.21993235935895,67.77002997320713,56.072758258053234
2026-08-14T23:06:47.497844,11811336520.0,11803704507.0,11818968533.0,15264026.0,0.12923199651583545,2.52904238,2.3209309,73.18359125100723,69.11097404311653,75.21993235935895,67.77002997320713,56.072758258053234
2026-08-14T23:06:49.181947,11812049982.5,11805131432.0,11818968533.0,13837101.0,0.11714394216499413,2.51587941,2.31906228,40.9145400572574,39.10189587912961,56.81628388411307,66.54249413247582,55.64481933105613
2026-08-14T23:06:50.870847,11812049982.5,11805131432.0,11818968533.0,13837101.0,0.11714394216499413,2.52221568,2.32099524,13.677719716058249,52.37106726335827,63.01944243214898,66.61223264617637,55.70151399901487
2026-08-14T23:06:52.621555,11812049982.5,11805131432.0,11818968533.0,13837101.0,0.11714394216499413,2.52221568,2.32099524,13.677719716058249,52.37106726335827,63.01944243214898,66.61223264617637,55.70151399901487
2026-08-14T23:06:54.294003,11812049982.5,11805131432.0,11818968533.0,13837101.0,0.11714394216499413,2.51309029,2.32099524,13.677719716058249,11.890827508962953,39.54464492544326,66.31929954713291,55.5628522596614
2026-08-14T23:06:55.997815,11812049982.5,11805131432.0,11818968533.0,13837101.0,0.11714394216499413,2.52264908,2.32099524,13.677719716058249,53.37885506359069,63.68294395341142,66.62588983250758,55.7080309508388
2026-08-14T23:06:57.740855,11810839429.0,11802710325.0,11818968533.0,16258208.0,0.1376549744642202,2.52335444,2.3209309,51.831077044308536,58.8035678169972,71.46826865389323,68.20925667103621,56.161967166767305
2026-08-14T23:06:59.460383,11810839429.5,11802710326.0,11818968533.0,16258207.0,0.137654965991594,2.52574349,2.3209309,64.48120071305752,64.65620931077258,74.20302644789892,68.29856337814294,56.20327065206777
2026-08-14T23:07:01.169905,11810839429.5,11802710326.0,11818968533.0,16258207.0,0.137654965991594,2.52574349,2.3209309,64.48120071305752,64.65620931077258,74.20302644789892,68.29856337814294,56.20327065206777
2026-08-14T23:07:02.888273,11810839429.5,11802710326.0,11818968533.0,16258207.0,0.137654965991594,2.52574349,2.3209309,64.48120071305752,64.65620931077258,74.20302644789892,68.29856337814294,56.20327065206777
2026-08-14T23:07:04.576059,11811724233.0,11804479933.0,11818968533.0,14488600.0,0.12266287050218504,2.52889889,2.3231894,56.07821433137503,62.08892374040883,68.65157904480826,67.12296487843088,55.885420451903435
2026-08-14T23:07:06.283276,11811724233.0,11804479933.0,11818968533.0,14488600.0,0.12266287050218504,2.52650984,2.3231894,47.50620285447797,57.42815692821948,65.61856742931867,67.03111690024024,55.84402661386048
2026-08-14T23:07:07.988052,11811724233.0,11804479933.0,11818968533.0,14488600.0,0.12266287050218504,2.52650984,2.3231894,47.50620285447797,57.42815692821948,65.61856742931867,67.03111690024024,55.84402661386048
2026-08-14T23:07:09.836886,11811724233.0,11804479933.0,11818968533.0,14488600.0,0.12266287050218504,2.52650984,2.3231894,47.50620285447797,57.42815692821948,65.61856742931867,67.03111690024024,55.84402661386048
2026-08-14T23:07:11.729017,11811313956.0,11803659379.0,11818968533.0,15309154.0,0.12961431773831683,2.52506283,2.31873674,44.275853544279784,67.29788256788724,76.91973173255437,67.80694235347575,56.06091572919447
2026-08-14T23:07:13.811983,11811313956.0,11803659379.0,11818968533.0,15309154.0,0.12961431773831683,2.52264445,2.31873674,33.673898778678826,61.551691915673615,74.08879830625406,67.71642290273249,56.019339578111726
2026-08-14T23:07:15.444588,11811313956.0,11803659379.0,11818968533.0,15309154.0,0.12961431773831683,2.52264445,2.31873674,33.673898778678826,61.551691915673615,74.08879830625406,67.71642290273249,56.019339578111726
2026-08-14T23:07:17.051861,11811313956.0,11803659379.0,11818968533.0,15309154.0,0.12961431773831683,2.51308566,2.31873674,14.061789969943526,15.68797528222908,57.24871890550883,67.41838677881418,55.87462524678271
2026-08-14T23:07:18.637474,11811488941.5,11804009350.0,11818968533.0,14959183.0,0.12664942645326016,2.52351893,2.32318926,33.886214174377415,50.762382145806676,62.75195602444541,67.23285838304639,55.8837264320304
2026-08-14T23:07:20.186534,11811488942.0,11804009351.0,11818968533.0,14959182.0,0.1266494179815658,2.5169016,2.32318926,40.950173840179275,33.58941506089396,52.322700042993354,67.02950970086128,55.78482765186161
2026-08-14T23:07:21.791468,11811488942.0,11804009351.0,11818968533.0,14959182.0,0.1266494179815658,2.52563626,2.32318926,62.369670640714716,58.28534310390025,66.47125258836878,67.32273339331115,55.92262117211264
2026-08-14T23:07:23.374444,11811488942.0,11804009351.0,11818968533.0,14959182.0,0.1266494179815658,2.52563626,2.32318926,62.369670640714716,58.28534310390025,66.47125258836878,67.32273339331115,55.92262117211264
2026-08-14T23:07:24.946799,11811488942.0,11804009351.0,11818968533.0,14959182.0,0.1266494179815658,2.52563626,2.32318926,62.369670640714716,58.28534310390025,66.47125258836878,67.32273339331115,55.92262117211264
2026-08-14T23:07:26.591881,11811921814.0,11804875095.0,11818968533.0,14093438.0,0.11931536816723463,2.52847844,2.32038454,72.9922342130425,69.86569460516144,74.28513046413498,67.04386459442271,55.86245899750048
2026-08-14T23:07:28.170919,11811921814.5,11804875096.0,11818968533.0,14093437.0,0.11931535969616117,2.52850779,2.32038454,73.97652356011379,70.05585884818456,74.35606176723773,67.04555822873898,55.86307805296508
2026-08-14T23:07:29.813968,11811921814.5,11804875096.0,11818968533.0,14093437.0,0.11931535969616117,2.52850779,2.32038454,73.97652356011379,70.05585884818456,74.35606176723773,67.04555822873898,55.86307805296508
2026-08-14T23:07:31.378437,11811921814.5,11804875096.0,11818968533.0,14093437.0,0.11931535969616117,2.52856129,2.3248328,73.76303234087277,60.57100724980771,64.69891068828045,66.74845550777782,55.77334705167713
2026-08-14T23:07:33.260358,11812245005.5,11805521478.0,11818968533.0,13447055.0,0.11383996009004896,2.52755324,2.3215416,69.45728567729633,65.89898087180889,69.89966249059954,66.53486374438286,55.710946368877714
2026-08-14T23:07:34.960067,11812245005.5,11805521478.0,11818968533.0,13447055.0,0.11383996009004896,2.52755324,2.3215416,69.45728567729633,65.89898087180889,69.89966249059954,66.53486374438286,55.710946368877714
2026-08-14T23:07:36.685233,11812245005.5,11805521478.0,11818968533.0,13447055.0,0.11383996009004896,2.52480882,2.3215416,62.30115651169045,60.85617583958128,66.31133416877768,66.43657637382621,55.66687463691623
2026-08-14T23:07:38.422340,11812245005.5,11805521478.0,11818968533.0,13447055.0,0.11383996009004896,2.52233232,2.3215416,52.51431093959599,54.25435055544353,61.80492829368765,66.33818448476069,55.62361520849133
2026-08-14T23:07:40.143889,11811876977.5,11804785422.0,11818968533.0,14183111.0,0.12007499762329793,2.52602933,2.32038454,63.50772696110014,64.55475234884037,71.17447881828919,67.00202373426193,55.835602894094016
2026-08-14T23:07:41.935087,11811876978.0,11804785423.0,11818968533.0,14183110.0,0.12007498915216014,2.51980096,2.32038454,57.72786446460773,51.81141488865173,62.77082006006969,66.80492513722699,55.74150821268594
2026-08-14T23:07:43.517530,11811876977.5,11804785422.0,11818968533.0,14183111.0,0.12007499762329793,2.52657484,2.32038454,61.86143638633036,65.08859090751812,71.65992301877088,67.01814060088314,55.843588467519965
2026-08-14T23:07:45.198216,11811876977.5,11804785422.0,11818968533.0,14183111.0,0.12007499762329793,2.52657484,2.32038454,61.86143638633036,65.08859090751812,71.65992301877088,67.01814060088314,55.843588467519965
2026-08-14T23:07:46.804953,11811155389.0,11803342245.0,11818968533.0,15626288.0,0.1323010957467643,2.52288006,2.3215416,66.01698173028143,57.779366706029776,68.55902806588901,67.75883712999051,56.02939758660555
2026-08-14T23:07:48.470328,11811155389.5,11803342246.0,11818968533.0,15626287.0,0.1323010872745914,2.52541688,2.3215416,73.11576425018414,63.889139531607874,71.80667015861188,67.85441998041063,56.07313803294246
2026-08-14T23:07:50.110150,11811155389.5,11803342246.0,11818968533.0,15626287.0,0.1323010872745914,2.52541688,2.3215416,73.11576425018414,63.889139531607874,71.80667015861188,67.85441998041063,56.07313803294246
2026-08-14T23:07:51.725101,11811155389.5,11803342246.0,11818968533.0,15626287.0,0.1323010872745914,2.52541688,2.3215416,73.11576425018414,63.889139531607874,71.80667015861188,67.85441998041063,56.07313803294246
2026-08-14T23:07:53.342251,11811926725.0,11804884917.0,11818968533.0,14083616.0,0.11923216531805907,2.52657264,2.32038454,64.15264221675002,65.50613602798077,71.6212118319141,66.95619148190305,55.82572333188024
2026-08-14T23:07:55.090183,11811926725.0,11804884917.0,11818968533.0,14083616.0,0.11923216531805907,2.52657264,2.32038454,64.15264221675002,65.50613602798077,71.6212118319141,66.95619148190305,55.82572333188024
2026-08-14T23:07:56.770651,11811926725.0,11804884917.0,11818968533.0,14083616.0,0.11923216531805907,2.52657264,2.32038454,64.15264221675002,65.50613602798077,71.6212118319141,66.95619148190305,55.82572333188024
2026-08-14T23:07:58.375196,11811926725.0,11804884917.0,11818968533.0,14083616.0,0.11923216531805907,2.52657264,2.32038454,64.15264221675002,65.50613602798077,71.6212118319141,66.95619148190305,55.82572333188024
2026-08-14T23:07:59.989846,11811471008.0,11803973483.0,11818968533.0,14995050.0,0.12695328117762586,2.52609239,2.32318936,68.73203920248983,59.97390236846074,67.39968143548816,67.36508444172628,55.93667214453297
2026-08-14T23:08:01.662887,11811471008.0,11803973483.0,11818968533.0,14995050.0,0.12695328117762586,2.52609239,2.32318936,68.73203920248983,59.97390236846074,67.39968143548816,67.36508444172628,55.93667214453297
2026-08-14T23:08:03.270766,11811471008.0,11803973483.0,11818968533.0,14995050.0,0.12695328117762586,2.52609239,2.32318936,68.73203920248983,59.97390236846074,67.39968143548816,67.36508444172628,55.93667214453297
2026-08-14T23:08:04.862039,11811471008.0,11803973483.0,11818968533.0,14995050.0,0.12695328117762586,2.5157773,2.32318936,49.04322848344319,34.37139584066936,52.79039423032778,67.04719666634993,55.780306890107
2026-08-14T23:08:06.534127,11811471008.0,11803973483.0,11818968533.0,14995050.0,0.12695328117762586,2.32997558,2.32540667,76.87627291521646,63.3200021556627,68.04017764383508,67.38612602093225,54.471953996806775
2026-08-14T23:08:08.202168,11811930080.0,11804891627.0,11818968533.0,14076906.0,0.11917532447838534,2.53280502,2.32045841,75.92722968507711,73.65756738259275,77.03615373710629,67.15525550744685,55.92115298015955
2026-08-14T23:08:10.688738,11811930080.0,11804891627.0,11818968533.0,14076906.0,0.11917532447838534,2.53280502,2.32045841,75.92722968507711,73.65756738259275,77.03615373710629,67.15525550744685,55.92115298015955
2026-08-14T23:08:12.424045,11811930080.0,11804891627.0,11818968533.0,14076906.0,0.11917532447838534,2.52972284,2.32045841,71.79094269540978,70.29247395627934,74.64912209991252,67.05690076963788,55.874339064815935
2026-08-14T23:08:14.233788,11811930080.0,11804891627.0,11818968533.0,14076906.0,0.11917532447838534,2.52972284,2.32045841,71.79094269540978,70.29247395627934,74.64912209991252,67.05690076963788,55.874339064815935
2026-08-14T23:08:15.886181,11812125972.0,11805283411.0,11818968533.0,13685122.0,0.1158565531085584,2.5232634,2.31999657,51.66622917265431,59.37423078639483,67.11903389897579,66.6089259866774,55.70797467366829
2026-08-14T23:08:17.487467,11812125972.0,11805283411.0,11818968533.0,13685122.0,0.1158565531085584,2.5232634,2.31999657,51.66622917265431,59.37423078639483,67.11903389897579,66.6089259866774,55.70797467366829
2026-08-14T23:08:19.075170,11812125972.0,11805283411.0,11818968533.0,13685122.0,0.1158565531085584,2.5232634,2.31999657,51.66622917265431,59.37423078639483,67.11903389897579,66.6089259866774,55.70797467366829
2026-08-14T23:08:20.769161,11812125972.0,11805283411.0,11818968533.0,13685122.0,0.1158565531085584,2.5232634,2.31999657,51.66622917265431,59.37423078639483,67.11903389897579,66.6089259866774,55.70797467366829
2026-08-14T23:08:22.383423,11812125972.0,11805283411.0,11818968533.0,13685122.0,0.1158565531085584,2.5232634,2.31999657,51.66622917265431,59.37423078639483,67.11903389897579,66.6089259866774,55.70797467366829
2026-08-14T23:08:24.075782,11811426334.0,11803884135.0,11818968533.0,15084398.0,0.12771021529024423,2.52974792,2.32192958,74.27676363275599,67.37830654652637,73.10066905626168,67.60677883311381,56.02992622217043
2026-08-14T23:08:25.709608,11811426334.0,11803884135.0,11818968533.0,15084398.0,0.12771021529024423,2.52974792,2.32192958,74.27676363275599,67.37830654652637,73.10066905626168,67.60677883311381,56.02992622217043
2026-08-14T23:08:27.354892,11811426334.0,11803884135.0,11818968533.0,15084398.0,0.12771021529024423,2.523649,2.32192958,69.82709952787023,57.52074428298665,66.70747981050123,67.40244273261457,55.93310793822974
2026-08-14T23:08:28.977521,11811426334.0,11803884135.0,11818968533.0,15084398.0,0.12771021529024423,2.52930184,2.32192958,73.1318481505916,66.71468050228398,72.70890848579955,67.59240550929792,56.023080571071816
2026-08-14T23:08:30.659936,11812088475.5,11805208418.0,11818968533.0,13760115.0,0.11649180437939058,2.52544884,2.31999656,58.16372215303662,64.28750035293908,70.62131448668289,66.74233944237399,55.75989170699008
2026-08-14T23:08:32.319126,11812088475.5,11805208418.0,11818968533.0,13760115.0,0.11649180437939058,2.52544884,2.31999656,58.16372215303662,64.28750035293908,70.62131448668289,66.74233944237399,55.75989170699008
2026-08-14T23:08:33.999816,11812088475.5,11805208418.0,11818968533.0,13760115.0,0.11649180437939058,2.52544884,2.31999656,58.16372215303662,64.28750035293908,70.62131448668289,66.74233944237399,55.75989170699008
2026-08-14T23:08:35.681391,11812088476.0,11805208419.0,11818968533.0,13760114.0,0.11649179590855616,2.52544848,2.31999656,61.33074610151756,64.64041126452852,70.71969428619266,66.7435671439593,55.76016728071676
2026-08-14T23:08:37.355945,11811874856.5,11804781180.0,11818968533.0,14187353.0,0.12011093219627864,2.52663852,2.32192958,64.42602621862936,61.60497446948542,67.90949974539427,66.92004493433676,55.814392770334806
2026-08-14T23:08:38.998881,11811874856.5,11804781180.0,11818968533.0,14187353.0,0.12011093219627864,2.52663852,2.32192958,64.42602621862936,61.60497446948542,67.90949974539427,66.92004493433676,55.814392770334806
2026-08-14T23:08:40.560602,11811874857.0,11804781181.0,11818968533.0,14187352.0,0.12011092372513779,2.52933042,2.32192958,72.19353806949313,66.73588189579127,71.30432255181992,67.02378402022666,55.860831831511895
2026-08-14T23:08:42.158686,11811874857.0,11804781181.0,11818968533.0,14187352.0,0.12011092372513779,2.52933042,2.32192958,72.19353806949313,66.73588189579127,71.30432255181992,67.02378402022666,55.860831831511895
2026-08-14T23:08:43.732440,11812128697.5,11805288862.0,11818968533.0,13679671.0,0.11581037889381665,2.52548293,2.31999656,60.33935078298926,64.90246868331188,70.75288440518041,66.69393006729122,55.74609901596664
2026-08-14T23:08:45.428598,11812128697.5,11805288862.0,11818968533.0,13679671.0,0.11581037889381665,2.52279085,2.31999656,47.624753274857355,57.96610916367716,66.3037876375711,66.58929154640443,55.699631504412295
2026-08-14T23:08:47.125108,11812128697.5,11805288862.0,11818968533.0,13679671.0,0.11581037889381665,2.52279085,2.31999656,47.624753274857355,57.96610916367716,66.3037876375711,66.58929154640443,55.699631504412295
2026-08-14T23:08:48.780323,11812128697.5,11805288862.0,11818968533.0,13679671.0,0.11581037889381665,2.51356494,2.31999656,15.317821676880621,13.485531893915592,41.669159006636846,66.28801706126256,55.55838785976752
2026-08-14T23:08:50.432408,11811315154.0,11803661775.0,11818968533.0,15306758.0,0.1295940189591524,2.52440978,2.32192958,56.01201819398548,56.68952655384866,67.45249415928195,67.56001748665173,55.98343500947802
2026-08-14T23:08:52.206932,11811315154.5,11803661776.0,11818968533.0,15306757.0,0.1295940104872087,2.5301266,2.32192958,70.1659532861094,67.28404286790341,73.63025830362454,67.76257451558708,56.07717353445846
2026-08-14T23:08:53.796341,11811315154.5,11803661776.0,11818968533.0,15306757.0,0.1295940104872087,2.5301266,2.32192958,70.1659532861094,67.28404286790341,73.63025830362454,67.76257451558708,56.07717353445846
2026-08-14T23:08:55.387471,11811315154.5,11803661776.0,11818968533.0,15306757.0,0.1295940104872087,2.5301266,2.32192958,70.1659532861094,67.28404286790341,73.63025830362454,67.76257451558708,56.07717353445846
2026-08-14T23:08:57.003113,11811886059.0,11804803585.0,11818968533.0,14164948.0,0.11992113646581527,2.52911989,2.31999656,68.02343934167575,70.21823922562338,75.22949950824604,67.12068127070884,55.88944847115106
2026-08-14T23:08:58.668137,11811886059.0,11804803585.0,11818968533.0,14164948.0,0.11992113646581527,2.52911989,2.31999656,68.02343934167575,70.21823922562338,75.22949950824604,67.12068127070884,55.88944847115106
2026-08-14T23:09:00.416174,11811886059.0,11804803585.0,11818968533.0,14164948.0,0.11992113646581527,2.52639567,2.31999656,60.54491413604772,65.38817327108039,72.09523112619102,67.01704739255653,55.842754792635496
2026-08-14T23:09:03.133107,11811886059.0,11804803585.0,11818968533.0,14164948.0,0.11992113646581527,2.52639567,2.31999656,60.54491413604772,65.38817327108039,72.09523112619102,67.01704739255653,55.842754792635496
2026-08-14T23:09:04.830081,11811359035.5,11803749538.0,11818968533.0,15218995.0,0.1288504985265292,2.52716573,2.32192958,65.77422678695785,63.01054856605132,70.8471866414076,67.60820494857313,56.01463020170237
2026-08-14T23:09:06.585528,11811359035.5,11803749538.0,11818968533.0,15218995.0,0.1288504985265292,2.52440884,2.32192958,58.43037343084181,57.0648742701242,67.40630732173567,67.50590301737918,55.96771966716224
2026-08-14T23:09:08.214785,11811359035.5,11803749538.0,11818968533.0,15218995.0,0.1288504985265292,2.52440884,2.32192958,58.43037343084181,57.0648742701242,67.40630732173567,67.50590301737918,55.96771966716224
2026-08-14T23:09:09.764989,11811359036.0,11803749539.0,11818968533.0,15218994.0,0.12885049005464844,2.5271981,2.32192958,68.05806520382606,63.35263459778376,70.95029228457112,67.61032568768792,56.015378120481365
2026-08-14T23:09:11.441290,11811841288.0,11804714043.0,11818968533.0,14254490.0,0.12067966079498173,2.51969903,2.31999656,58.50977804548416,51.68842626350055,63.39796304539226,66.86529688428752,55.75840210688894
2026-08-14T23:09:13.167584,11811841288.5,11804714044.0,11818968533.0,14254489.0,0.12067965232379274,2.52884084,2.31999656,75.3128838031225,71.05177659791605,75.48264772973509,67.17458058433954,55.90270584408709
2026-08-14T23:09:14.746030,11811841288.5,11804714044.0,11818968533.0,14254489.0,0.12067965232379274,2.52884084,2.31999656,75.3128838031225,71.05177659791605,75.48264772973509,67.17458058433954,55.90270584408709
2026-08-14T23:09:16.418315,11811841288.5,11804714044.0,11818968533.0,14254489.0,0.12067965232379274,2.52884084,2.31999656,75.3128838031225,71.05177659791605,75.48264772973509,67.17458058433954,55.90270584408709
2026-08-14T23:09:18.000576,11811841288.5,11804714044.0,11818968533.0,14254489.0,0.12067965232379274,2.52884084,2.31999656,75.3128838031225,71.05177659791605,75.48264772973509,67.17458058433954,55.90270584408709
2026-08-14T23:09:19.707703,11812082108.0,11805195683.0,11818968533.0,13772850.0,0.11659968051417477,2.5268563,2.32192958,70.81803584288444,63.63822811991719,68.11901015711732,66.6817491964882,55.748428977271324
2026-08-14T23:09:21.330860,11812082108.0,11805195683.0,11818968533.0,13772850.0,0.11659968051417477,2.52406731,2.32192958,62.64266960147796,57.276564104513675,63.749825320815035,66.57363847919014,55.70039353574426
2026-08-14T23:09:22.934677,11812082108.0,11805195683.0,11818968533.0,13772850.0,0.11659968051417477,2.52406731,2.32192958,62.64266960147796,57.276564104513675,63.749825320815035,66.57363847919014,55.70039353574426
2026-08-14T23:09:24.585038,11812082108.0,11805195683.0,11818968533.0,13772850.0,0.11659968051417477,2.52406731,2.32192958,62.64266960147796,57.276564104513675,63.749825320815035,66.57363847919014,55.70039353574426
2026-08-14T23:09:26.220770,11811993373.5,11805018214.0,11818968533.0,13950319.0,0.11810300394594951,2.5269927,2.31999656,65.69798314416853,66.51580497655506,72.27611158566903,66.89925702445436,55.813224847745936
2026-08-14T23:09:28.043918,11811993373.5,11805018214.0,11818968533.0,13950319.0,0.11810300394594951,2.5269927,2.31999656,65.69798314416853,66.51580497655506,72.27611158566903,66.89925702445436,55.813224847745936
2026-08-14T23:09:30.678061,11811993373.5,11805018214.0,11818968533.0,13950319.0,0.11810300394594951,2.5269927,2.31999656,65.69798314416853,66.51580497655506,72.27611158566903,66.89925702445436,55.813224847745936
2026-08-14T23:09:35.376012,11811859688.5,11804750844.0,11818968533.0,14217689.0,0.12036791305472677,2.52344506,2.32318942,12.262440230530764,46.388799928948465,59.36909867959469,66.74153503827554,55.74420798823796
2026-08-14T23:09:36.998088,11811859688.5,11804750844.0,11818968533.0,14217689.0,0.12036791305472677,2.52344506,2.32318942,12.262440230530764,46.388799928948465,59.36909867959469,66.74153503827554,55.74420798823796
2026-08-14T23:09:39.664066,11811131961.0,11803295389.0,11818968533.0,15673144.0,0.13269806866735762,2.52436961,2.31873672,25.844755400026486,62.95084224776555,75.86485387908833,67.98913663488455,56.108436720087504
2026-08-14T23:09:41.290004,11811131961.5,11803295390.0,11818968533.0,15673143.0,0.1326980601951511,2.52725897,2.31873672,53.925928767886575,69.70371359169224,78.82197457038903,68.09511377894366,56.15745243767045
2026-08-14T23:09:42.963894,11811131961.5,11803295390.0,11818968533.0,15673143.0,0.1326980601951511,2.52725897,2.31873672,53.925928767886575,69.70371359169224,78.82197457038903,68.09511377894366,56.15745243767045
2026-08-14T23:09:44.548014,11811131961.5,11803295390.0,11818968533.0,15673143.0,0.1326980601951511,2.52725897,2.31873672,53.925928767886575,69.70371359169224,78.82197457038903,68.09511377894366,56.15745243767045
2026-08-14T23:09:46.223739,11811798266.0,11804627999.0,11818968533.0,14340534.0,0.12140855843499215,2.52965905,2.32318942,57.24502262797898,61.49218312818907,68.42082636050336,67.03947268699902,55.86684079843147
2026-08-14T23:09:47.964115,11811798266.0,11804627999.0,11818968533.0,14340534.0,0.12140855843499215,2.52965905,2.32318942,57.24502262797898,61.49218312818907,68.42082636050336,67.03947268699902,55.86684079843147
2026-08-14T23:09:49.623281,11811798266.0,11804627999.0,11818968533.0,14340534.0,0.12140855843499215,2.52965905,2.32318942,57.24502262797898,61.49218312818907,68.42082636050336,67.03947268699902,55.86684079843147
2026-08-14T23:09:51.316002,11811798266.0,11804627999.0,11818968533.0,14340534.0,0.12140855843499215,2.52676973,2.32318942,43.370909504681585,55.407213177549984,64.67101956584219,66.93080103322218,55.81770178804659
2026-08-14T23:09:52.890571,11811218496.5,11803468460.0,11818968533.0,15500073.0,0.13123178615816067,2.52397699,2.31873672,21.17189647019975,61.669318152168294,75.06226692642447,67.86571696339779,56.07086864697494
2026-08-14T23:09:54.550549,11811218496.5,11803468460.0,11818968533.0,15500073.0,0.13123178615816067,2.51409236,2.31873672,21.17189647019975,21.878419801032344,59.883391675815375,67.56472166803186,55.922712146001885
2026-08-14T23:09:56.296011,11811218496.5,11803468460.0,11818968533.0,15500073.0,0.13123178615816067,2.52323999,2.31873672,21.17189647019975,58.83130663551175,74.12279841397968,67.84077681248051,56.05925615346526
2026-08-14T23:09:57.939756,11811218496.5,11803468460.0,11818968533.0,15500073.0,0.13123178615816067,2.52323999,2.31873672,21.17189647019975,58.83130663551175,74.12279841397968,67.84077681248051,56.05925615346526
2026-08-14T23:09:59.478212,11811218496.5,11803468460.0,11818968533.0,15500073.0,0.13123178615816067,2.52323999,2.31873672,21.17189647019975,58.83130663551175,74.12279841397968,67.84077681248051,56.05925615346526
2026-08-14T23:10:01.254238,11811206364.0,11803444195.0,11818968533.0,15524338.0,0.13143736144783186,2.5144961,2.32318926,23.053441048280444,17.4552292430999,47.980740554314885,67.30778639428222,55.84845631111749
2026-08-14T23:10:02.942218,11811206364.0,11803444195.0,11818968533.0,15524338.0,0.13143736144783186,2.52623577,2.32318926,23.053441048280444,48.735902893982356,65.80517340279656,67.66565129335449,56.02567868705191
2026-08-14T23:10:04.553164,11811206364.0,11803444195.0,11818968533.0,15524338.0,0.13143736144783186,2.52388545,2.32318926,23.053441048280444,47.33805950763511,63.49461222602609,67.59025263291463,55.98818651383194
2026-08-14T23:10:06.432629,11811206364.0,11803444195.0,11818968533.0,15524338.0,0.13143736144783186,2.52388545,2.32318926,23.053441048280444,47.33805950763511,63.49461222602609,67.59025263291463,55.98818651383194
2026-08-14T23:10:08.158596,11811162196.0,11803355859.0,11818968533.0,15612674.0,0.13218575565144158,2.52388545,2.31873688,25.82268943778318,59.8902186382834,74.94687638969756,67.93121499872859,56.08911764675503
2026-08-14T23:10:09.867868,11811162196.0,11803355859.0,11818968533.0,15612674.0,0.13218575565144158,2.52388545,2.31873688,25.82268943778318,59.8902186382834,74.94687638969756,67.93121499872859,56.08911764675503
2026-08-14T23:10:12.575761,11811162196.0,11803355859.0,11818968533.0,15612674.0,0.13218575565144158,2.52387908,2.31873688,59.46099177798592,65.09302483392166,75.86017761654847,67.94404554543722,56.09207151477206
2026-08-14T23:10:14.264500,11811299756.5,11803630980.0,11818968533.0,15337553.0,0.12985491280550585,2.52509264,2.31873688,63.381210064565444,68.16341119740092,76.94552357669124,67.82206318278624,56.065550158953755
2026-08-14T23:10:15.962086,11811299756.5,11803630980.0,11818968533.0,15337553.0,0.12985491280550585,2.52586771,2.32318927,59.76962847312613,56.88555412297954,66.51184895371873,67.54624032153018,55.9872327906179
2026-08-14T23:10:17.513083,11811299756.5,11803630980.0,11818968533.0,15337553.0,0.12985491280550585,2.52586771,2.32318927,59.76962847312613,56.88555412297954,66.51184895371873,67.54624032153018,55.9872327906179
2026-08-14T23:10:19.163623,11811299756.5,11803630980.0,11818968533.0,15337553.0,0.12985491280550585,2.52586771,2.32318927,59.76962847312613,56.88555412297954,66.51184895371873,67.54624032153018,55.9872327906179
2026-08-14T23:10:20.753029,11811299756.5,11803630980.0,11818968533.0,15337553.0,0.12985491280550585,2.52586771,2.32318927,59.76962847312613,56.88555412297954,66.51184895371873,67.54624032153018,55.9872327906179
2026-08-14T23:10:22.363474,11811168559.0,11803368585.0,11818968533.0,15599948.0,0.13207793896153472,2.52387579,2.31873687,59.906827565074316,65.22567389686564,75.88116289526675,67.93629546643399,56.089770703252015
2026-08-14T23:10:24.061570,11811168559.0,11803368585.0,11818968533.0,15599948.0,0.13207793896153472,2.52387579,2.31873687,59.906827565074316,65.22567389686564,75.88116289526675,67.93629546643399,56.089770703252015
2026-08-14T23:10:25.628348,11811168559.0,11803368585.0,11818968533.0,15599948.0,0.13207793896153472,2.52387579,2.31873687,59.906827565074316,65.22567389686564,75.88116289526675,67.93629546643399,56.089770703252015
2026-08-14T23:10:27.365987,11811168559.0,11803368585.0,11818968533.0,15599948.0,0.13207793896153472,2.52387579,2.31873687,59.906827565074316,65.22567389686564,75.88116289526675,67.93629546643399,56.089770703252015
2026-08-14T23:10:29.075876,11811235981.0,11803503429.0,11818968533.0,15465104.0,0.1309355263486205,2.3248846,2.32344265,64.62746296033055,58.799682279740054,67.36008754928706,67.64219765344606,54.510799668974784
2026-08-14T23:10:31.808737,11811235981.0,11803503429.0,11818968533.0,15465104.0,0.1309355263486205,2.52559545,2.32318927,39.36520300308164,52.82131246727151,65.72048955922443,67.60922095252097,56.0039428019116
2026-08-14T23:10:33.463555,11811235981.0,11803503429.0,11818968533.0,15465104.0,0.1309355263486205,2.52559545,2.32318927,39.36520300308164,52.82131246727151,65.72048955922443,67.60922095252097,56.0039428019116
2026-08-14T23:10:35.075403,11811235981.0,11803503429.0,11818968533.0,15465104.0,0.1309355263486205,2.52559545,2.32318927,39.36520300308164,52.82131246727151,65.72048955922443,67.60922095252097,56.0039428019116
2026-08-14T23:10:36.711726,11811144509.0,11803320485.0,11818968533.0,15648048.0,0.1324854503987849,2.52360602,2.31873687,25.8811527558964,60.20344055768677,74.90031095039694,67.9474534383316,56.09186850133333
2026-08-14T23:10:38.361541,11811144509.0,11803320485.0,11818968533.0,15648048.0,0.1324854503987849,2.52360602,2.31873687,25.8811527558964,60.20344055768677,74.90031095039694,67.9474534383316,56.09186850133333
2026-08-14T23:10:39.967623,11811144509.0,11803320485.0,11818968533.0,15648048.0,0.1324854503987849,2.52360602,2.31873687,25.8811527558964,60.20344055768677,74.90031095039694,67.9474534383316,56.09186850133333
2026-08-14T23:10:41.583830,11811144509.0,11803320485.0,11818968533.0,15648048.0,0.1324854503987849,2.52360602,2.31873687,25.8811527558964,60.20344055768677,74.90031095039694,67.9474534383316,56.09186850133333
2026-08-14T23:10:43.289298,11811192506.5,11803416480.0,11818968533.0,15552053.0,0.13167216596835002,2.52360803,2.32318926,23.289769680700488,47.67503905428686,63.42276244542159,67.60171562687451,55.98958228391891
2026-08-14T23:10:44.964839,11811192506.5,11803416480.0,11818968533.0,15552053.0,0.13167216596835002,2.52360803,2.32318926,23.289769680700488,47.67503905428686,63.42276244542159,67.60171562687451,55.98958228391891
2026-08-14T23:10:46.600584,11811192506.5,11803416480.0,11818968533.0,15552053.0,0.13167216596835002,2.52360803,2.32318926,23.289769680700488,47.67503905428686,63.42276244542159,67.60171562687451,55.98958228391891
2026-08-14T23:10:48.263747,11811192506.5,11803416480.0,11818968533.0,15552053.0,0.13167216596835002,2.52360803,2.32318926,23.289769680700488,47.67503905428686,63.42276244542159,67.60171562687451,55.98958228391891
2026-08-14T23:10:53.112503,11810616838.0,11802265143.0,11818968533.0,16703390.0,0.14142690622438767,2.51409973,2.31873688,22.520389348808997,23.67260080221187,65.6812372577541,68.34280168888628,56.14312350684313
2026-08-14T23:10:54.783426,11810616838.0,11802265143.0,11818968533.0,16703390.0,0.14142690622438767,2.52365154,2.31873688,22.520389348808997,62.48860333999643,77.34246793627806,68.62527782288672,56.28544721011598
2026-08-14T23:10:56.366933,11810616838.0,11802265143.0,11818968533.0,16703390.0,0.14142690622438767,2.52365154,2.31873688,22.520389348808997,62.48860333999643,77.34246793627806,68.62527782288672,56.28544721011598
2026-08-14T23:10:57.925868,11811186709.0,11803404885.0,11818968533.0,15563648.0,0.13177040024386935,2.52371957,2.31883133,24.5600860784291,62.11048412514408,75.46685736514051,67.9128367765159,56.08308506078541
2026-08-14T23:10:59.758351,11811186709.0,11803404885.0,11818968533.0,15563648.0,0.13177040024386935,2.52404791,2.31829133,27.015442659039234,63.94973450390985,77.25267006351476,67.94993364899763,56.09572115040022
2026-08-14T23:11:01.369142,11811186709.0,11803404885.0,11818968533.0,15563648.0,0.13177040024386935,2.5180968,2.32318926,38.74277721226608,36.078161578872226,56.180585063272346,67.44872961867266,55.91108964120522
2026-08-14T23:11:03.038340,11811186709.0,11803404885.0,11818968533.0,15563648.0,0.13177040024386935,2.52753482,2.32318926,38.74277721226608,57.136159732088466,68.34257126912387,67.74550510773389,56.055798356505335
2026-08-14T23:11:04.645880,11808257427.0,11803500604.0,11813014250.0,9513646.0,0.08056773879477518,2.53046046,2.35749992,18.44148246237959,27.740410122984855,48.49113716503241,69.16943250539221,56.48597457423203
2026-08-14T23:11:06.282282,11808257427.0,11803500604.0,11813014250.0,9513646.0,0.08056773879477518,2.53046046,2.35749992,18.44148246237959,27.740410122984855,48.49113716503241,69.16943250539221,56.48597457423203
2026-08-14T23:11:07.944949,11808257427.0,11803500604.0,11813014250.0,9513646.0,0.08056773879477518,2.52728879,2.35749992,13.588779074754889,23.305694951247443,46.24826598142243,69.06396487954821,56.433815868075065
2026-08-14T23:11:09.563645,11808257427.0,11803500604.0,11813014250.0,9513646.0,0.08056773879477518,2.52728879,2.35749992,13.588779074754889,23.305694951247443,46.24826598142243,69.06396487954821,56.433815868075065
2026-08-14T23:11:11.208323,11808257427.0,11803500604.0,11813014250.0,9513646.0,0.08056773879477518,2.52716534,2.35805194,14.049193139193832,23.578191411819414,46.157745813781716,69.03353758534008,56.42428560103393
2026-08-14T23:11:12.863339,11807022355.0,11801030460.0,11813014250.0,11983790.0,0.10149713991966097,2.52342373,2.35304752,11.530749504965373,20.39156828863009,54.85760792965295,70.78398456035782,56.90733365817684
2026-08-14T23:11:14.514883,11807022355.5,11801030461.0,11813014250.0,11983789.0,0.10149713144582688,2.52663228,2.35304752,19.225125086822672,26.012487347599922,56.68175096037681,70.88558615789658,56.95984207854524
2026-08-14T23:11:16.164013,11807022355.5,11801030461.0,11813014250.0,11983789.0,0.10149713144582688,2.52663228,2.35304752,19.225125086822672,26.012487347599922,56.68175096037681,70.88558615789658,56.95984207854524
2026-08-14T23:11:17.819173,11807022355.5,11801030461.0,11813014250.0,11983789.0,0.10149713144582688,2.52663228,2.35304752,19.225125086822672,26.012487347599922,56.68175096037681,70.88558615789658,56.95984207854524
2026-08-14T23:11:19.432183,11807022355.5,11801030461.0,11813014250.0,11983789.0,0.10149713144582688,2.53053331,2.35749939,24.294678559060692,29.16579988272013,56.124866191503685,70.71481802989823,56.93269612882725
2026-08-14T23:11:21.143037,11807022355.5,11801030461.0,11813014250.0,11983789.0,0.10149713144582688,2.53053331,2.35749939,24.294678559060692,29.16579988272013,56.124866191503685,70.71481802989823,56.93269612882725
2026-08-14T23:11:22.763730,11807022355.5,11801030461.0,11813014250.0,11983789.0,0.10149713144582688,2.52109529,2.35749939,17.667578338147177,17.526789136977634,51.63539035857957,70.45110609375769,56.79031812934624
2026-08-14T23:11:24.367723,11807022355.5,11801030461.0,11813014250.0,11983789.0,0.10149713144582688,2.52109529,2.35749939,17.667578338147177,17.526789136977634,51.63539035857957,70.45110609375769,56.79031812934624
2026-08-14T23:11:26.077247,11807022356.0,11801030462.0,11813014250.0,11983788.0,0.10149712297199279,2.52638837,2.35304805,29.07890972967643,27.749569573194567,56.86534124769065,70.88659341698468,56.9583943795829
2026-08-14T23:11:27.763751,11807022356.5,11801030463.0,11813014250.0,11983787.0,0.1014971144981587,2.52638837,2.35304805,29.078907979173586,27.749569062907508,56.86533813006589,70.88659278704013,56.958394198477535
2026-08-14T23:11:29.435261,11807022356.5,11801030463.0,11813014250.0,11983787.0,0.1014971144981587,2.51781847,2.35304805,12.911955447867262,13.173865856016171,52.174475269194986,70.63747912147073,56.8262556098316
2026-08-14T23:11:31.063854,11807022357.0,11801030464.0,11813014250.0,11983786.0,0.1014971060243246,2.52656411,2.35304805,29.33267745907277,27.98343188173993,56.94702075339436,70.89136938263462,56.9609927941441
2026-08-14T23:11:32.646285,11807022357.0,11801030464.0,11813014250.0,11983786.0,0.1014971060243246,2.32687,2.35179458,32.20087986332237,31.71993035574467,58.957099649610825,71.05815791746386,55.51023860294557
2026-08-14T23:11:34.350546,11807022357.0,11801030464.0,11813014250.0,11983786.0,0.1014971060243246,2.52984268,2.35093516,34.48820016121716,33.316081947891405,59.92509255110085,71.14225253393873,57.05725287253125
2026-08-14T23:11:36.163348,11807022357.0,11801030464.0,11813014250.0,11983786.0,0.1014971060243246,2.52984268,2.35506903,34.34773980412828,31.429816410729345,57.49662701908915,70.86287023972751,56.97208101904672
2026-08-14T23:11:37.759422,11807022356.5,11801030463.0,11813014250.0,11983787.0,0.1014971144981587,2.52109704,2.35506903,19.155081495723163,18.447783870126607,53.03446952880208,70.60992302952292,56.8376174182095
2026-08-14T23:11:39.446319,11807022357.0,11801030464.0,11813014250.0,11983786.0,0.1014971060243246,2.53343376,2.35506903,39.09154819505824,35.67370632873499,59.10684710126712,70.96643197985945,57.02688264581871
2026-08-14T23:11:41.158055,11807022357.0,11801030464.0,11813014250.0,11983786.0,0.1014971060243246,2.52991996,2.35506903,34.45053387525024,31.520784500256177,57.53029906817522,70.86496276455622,56.97322139252392
2026-08-14T23:11:42.875612,11807022357.0,11801030464.0,11813014250.0,11983786.0,0.1014971060243246,2.52991996,2.35506903,34.45053387525024,31.520784500256177,57.53029906817522,70.86496276455622,56.97322139252392
2026-08-14T23:11:44.579739,11807022357.0,11801030464.0,11813014250.0,11983786.0,0.1014971060243246,2.52991996,2.35506903,34.45053387525024,31.520784500256177,57.53029906817522,70.86496276455622,56.97322139252392
2026-08-14T23:11:46.161598,11807022357.0,11801030464.0,11813014250.0,11983786.0,0.1014971060243246,2.52991996,2.35506903,34.45053387525024,31.520784500256177,57.53029906817522,70.86496276455622,56.97322139252392
2026-08-14T23:11:47.732319,11807022357.0,11801030464.0,11813014250.0,11983786.0,0.1014971060243246,2.52605498,2.35562122,30.1153908919199,26.688082913507017,55.471228940023785,70.71911237557144,56.903610977969386
2026-08-14T23:11:49.791390,11807022355.5,11801030461.0,11813014250.0,11983789.0,0.10149713144582688,2.5172696,2.35061769,12.614663509247762,12.845572606107025,53.44555752884004,70.78542824029,56.86588112240501
2026-08-14T23:11:51.480337,11807022355.5,11801030461.0,11813014250.0,11983789.0,0.10149713144582688,2.5172696,2.35061769,12.614663509247762,12.845572606107025,53.44555752884004,70.78542824029,56.86588112240501
2026-08-14T23:11:53.179164,11807022356.0,11801030462.0,11813014250.0,11983788.0,0.10149712297199279,2.52258788,2.35061769,23.650559829775855,22.641908676212346,56.3294093611458,70.93144457686674,56.944877885230774
2026-08-14T23:11:54.813589,11807022356.0,11801030462.0,11813014250.0,11983788.0,0.10149712297199279,2.52258788,2.35061769,23.650559829775855,22.641908676212346,56.3294093611458,70.93144457686674,56.944877885230774
2026-08-14T23:11:56.517796,11807022356.5,11801030463.0,11813014250.0,11983787.0,0.1014971144981587,2.52594743,2.35061769,30.0833826455177,28.49721280209343,58.215153296406775,71.036907170414,56.999629842995795
2026-08-14T23:11:58.280870,11807022356.5,11801030463.0,11813014250.0,11983787.0,0.1014971144981587,2.51819324,2.35061769,14.754615454132669,14.721131840829804,53.973417209914324,70.81089129785676,56.8796211651896
2026-08-14T23:11:59.998821,11807022357.0,11801030464.0,11813014250.0,11983786.0,0.1014971060243246,2.52589032,2.35061769,29.99644676369847,28.417350928355766,58.18853821948191,71.03535760325192,56.99878504824481
2026-08-14T23:12:01.640854,11807022357.0,11801030464.0,11813014250.0,11983786.0,0.1014971060243246,2.52589032,2.35061769,29.99644676369847,28.417350928355766,58.18853821948191,71.03535760325192,56.99878504824481
2026-08-14T23:12:03.286516,11807022357.0,11801030464.0,11813014250.0,11983786.0,0.1014971060243246,2.53292718,2.35443468,38.58352309977285,35.451765906910964,59.252179844080274,70.99341637298687,57.0316481810895
2026-08-14T23:12:04.982494,11807022357.0,11801030464.0,11813014250.0,11983786.0,0.1014971060243246,2.53292718,2.35443468,38.58352309977285,35.451765906910964,59.252179844080274,70.99341637298687,57.0316481810895
2026-08-14T23:12:06.681075,11807022357.0,11801030464.0,11813014250.0,11983786.0,0.1014971060243246,2.53292718,2.35443468,38.58352309977285,35.451765906910964,59.252179844080274,70.99341637298687,57.0316481810895
2026-08-14T23:12:08.463927,11807022357.0,11801030464.0,11813014250.0,11983786.0,0.1014971060243246,2.53292718,2.35443468,38.58352309977285,35.451765906910964,59.252179844080274,70.99341637298687,57.0316481810895
2026-08-14T23:12:10.163770,11807022357.0,11801030464.0,11813014250.0,11983786.0,0.1014971060243246,2.52929958,2.35443468,33.675407224545815,31.06860297409955,57.61307065876329,70.88885321015384,56.97629222492363
2026-08-14T23:12:11.818416,11807022357.0,11801030464.0,11813014250.0,11983786.0,0.1014971060243246,2.52594003,2.35443468,27.914686111808773,26.046792709751898,55.836565981780936,70.78353345784346,56.9216427872873
2026-08-14T23:12:13.560328,11807022357.5,11801030465.0,11813014250.0,11983785.0,0.10149709755049052,2.52937737,2.35443468,33.781649978703875,31.162451215837162,57.6472723419879,70.89095931874564,56.97744029233592
2026-08-14T23:12:15.263479,11807022357.5,11801030465.0,11813014250.0,11983785.0,0.10149709755049052,2.52083291,2.35443468,18.59488509490636,18.19086230953235,53.25412240476333,70.64353968537375,56.845930566580016
2026-08-14T23:12:17.103758,11807022358.0,11801030466.0,11813014250.0,11983784.0,0.10149708907665643,2.53018502,2.35443468,34.86494906058846,32.12194171820382,57.999162457706866,70.91281375867655,56.98935811147351
2026-08-14T23:12:18.808663,11807022358.5,11801030467.0,11813014250.0,11983783.0,0.10149708060282234,2.52052599,2.35125204,20.60189816874504,19.783866243392403,55.141667392380036,70.84824312842635,56.907060796060705
2026-08-14T23:12:20.567099,11807022358.5,11801030467.0,11813014250.0,11983783.0,0.10149708060282234,2.52952887,2.35125204,35.313497474616604,33.143630781033956,59.549246214876426,71.0996933772167,57.04217627066123
2026-08-14T23:12:22.362763,11807022357.5,11801030465.0,11813014250.0,11983785.0,0.10149709755049052,2.51787917,2.35125204,13.90908740522977,13.902885680344342,53.40624765703854,70.76128568755684,56.86270542041364
2026-08-14T23:12:24.011727,11807022359.0,11801030468.0,11813014250.0,11983782.0,0.10149707212898824,2.52730658,2.35125204,31.947400830440632,30.03289503899364,58.45966337718822,71.03299317283931,57.0074859306271
2026-08-14T23:12:25.660021,11807022355.0,11801030460.0,11813014250.0,11983790.0,0.10149713991966097,2.5140128,2.3512341,3.7713174248277066,5.218928153902967,51.050300933075064,70.65305683537932,56.80450170561945
2026-08-14T23:12:27.360433,11807022355.5,11801030461.0,11813014250.0,11983789.0,0.10149713144582688,2.52318816,2.3512341,24.593657370291094,23.348449959552955,56.25989777151047,70.90819890565339,56.94188933417984
2026-08-14T23:12:28.955525,11807022355.5,11801030461.0,11813014250.0,11983789.0,0.10149713144582688,2.52318816,2.3512341,24.593657370291094,23.348449959552955,56.25989777151047,70.90819890565339,56.94188933417984
2026-08-14T23:12:30.660003,11807022356.0,11801030462.0,11813014250.0,11983788.0,0.10149712297199279,2.52520258,2.3512341,28.801373044753227,27.15402501458249,57.49538817246949,70.97711283119015,56.9767269796603
2026-08-14T23:12:32.335678,11807022356.5,11801030463.0,11813014250.0,11983787.0,0.1014971144981587,2.52335986,2.3512341,24.89495017479953,23.61930914364735,56.34602507284665,70.91288595864631,56.9444336776226
2026-08-14T23:12:34.015129,11807022356.5,11801030463.0,11813014250.0,11983787.0,0.1014971144981587,2.5236647,2.3543975,25.230355674261105,22.98461442910886,54.757515612215656,70.72341878144816,56.88874185607139
2026-08-14T23:12:35.682409,11807022357.0,11801030464.0,11813014250.0,11983786.0,0.1014971060243246,2.52570437,2.3543975,29.403283455836572,26.648015135217722,56.00281772568743,70.79323551702167,56.923953637850445
2026-08-14T23:12:47.365351,11807165690.0,11801317130.0,11813014250.0,11697120.0,0.09906797538978213,2.52875741,2.35505109,32.56161627827069,29.98018107676893,56.09794252295547,70.65069681108068,56.90410945533745
2026-08-14T23:12:49.090792,11807165690.0,11801317130.0,11813014250.0,11697120.0,0.09906797538978213,2.52671774,2.35505109,29.052875757548218,26.76141126411296,54.88693746310753,70.58080564651584,56.86894424427849
2026-08-14T23:12:50.778974,11807165690.0,11801317130.0,11813014250.0,11697120.0,0.09906797538978213,2.52671774,2.35505109,29.052875757548218,26.76141126411296,54.88693746310753,70.58080564651584,56.86894424427849
2026-08-14T23:12:52.433757,11807165690.5,11801317131.0,11813014250.0,11697119.0,0.09906796691615377,2.52880861,2.35505109,32.799558535276816,30.08019480093879,56.128051919196785,70.65227564082684,56.904913813525624
2026-08-14T23:12:54.151461,11807165690.5,11801317131.0,11813014250.0,11697119.0,0.09906796691615377,2.51607692,2.35059975,9.685427203645165,10.24855179044495,51.60723015669463,70.5705515957558,56.79633421056279
2026-08-14T23:12:55.779385,11807165691.0,11801317132.0,11813014250.0,11697118.0,0.09906795844252542,2.523146,2.35059975,24.630726655449838,23.504009974072467,55.6541786422814,70.76640186574956,56.90155476969938
2026-08-14T23:12:57.472447,11807165691.0,11801317132.0,11813014250.0,11697118.0,0.09906795844252542,2.523146,2.35059975,24.630726655449838,23.504009974072467,55.6541786422814,70.76640186574956,56.90155476969938
2026-08-14T23:12:59.145257,11807165691.5,11801317133.0,11813014250.0,11697117.0,0.09906794996889708,2.52523687,2.35059975,28.96401949116994,27.45368821518217,56.980370404319125,70.83794219842018,56.93759515537652
2026-08-14T23:13:00.918707,11807165691.5,11801317133.0,11813014250.0,11697117.0,0.09906794996889708,2.51607692,2.35059975,9.685426162892185,10.24855125673629,51.60722197738231,70.57055031839965,56.79633384692514
2026-08-14T23:13:02.543485,11807165692.0,11801317134.0,11813014250.0,11697116.0,0.09906794149526872,2.5249528,2.35059975,28.51599590838525,27.04305049713611,56.83966244121943,70.83015984443419,56.9333836315194
2026-08-14T23:13:04.207905,11807165692.0,11801317134.0,11813014250.0,11697116.0,0.09906794149526872,2.53120086,2.35505109,36.08061626551955,33.70745707268596,57.636022131886456,70.74185940454683,56.94458129230967
2026-08-14T23:13:05.848840,11807165692.0,11801317134.0,11813014250.0,11697116.0,0.09906794149526872,2.52884194,2.35505109,32.58655105026586,30.624345308083257,56.46263212829926,70.67076116113536,56.90782775281669
2026-08-14T23:13:07.524079,11807165692.0,11801317134.0,11813014250.0,11697116.0,0.09906794149526872,2.52884194,2.35505109,32.58655105026586,30.624345308083257,56.46263212829926,70.67076116113536,56.90782775281669
2026-08-14T23:13:09.145507,11807165692.0,11801317134.0,11813014250.0,11697116.0,0.09906794149526872,2.52884194,2.35505109,32.58655105026586,30.624345308083257,56.46263212829926,70.67076116113536,56.90782775281669
2026-08-14T23:13:10.712772,11807165692.5,11801317135.0,11813014250.0,11697115.0,0.09906793302164037,2.52884187,2.35505109,32.76504024252252,30.663704490185978,56.46916025902288,70.67094249781569,56.90787500574576
2026-08-14T23:13:12.445703,11807165692.5,11801317135.0,11813014250.0,11697115.0,0.09906793302164037,2.52210921,2.35505109,21.497371466962196,21.149187554126147,53.10680012108604,70.48545529544728,56.8079916771238
2026-08-14T23:13:14.143503,11807165693.0,11801317136.0,11813014250.0,11697114.0,0.09906792454801201,2.52793543,2.35272299,32.8083794332146,30.79844664458581,57.35544059041878,70.79386566778588,56.940142586196664
2026-08-14T23:13:15.867693,11807165693.0,11801317136.0,11813014250.0,11697114.0,0.09906792454801201,2.52793543,2.35272299,32.8083794332146,30.79844664458581,57.35544059041878,70.79386566778588,56.940142586196664
2026-08-14T23:13:17.445601,11807165693.0,11801317136.0,11813014250.0,11697114.0,0.09906792454801201,2.52793543,2.35272299,32.8083794332146,30.79844664458581,57.35544059041878,70.79386566778588,56.940142586196664
2026-08-14T23:13:19.115733,11807165693.0,11801317136.0,11813014250.0,11697114.0,0.09906792454801201,2.52793543,2.35272299,32.8083794332146,30.79844664458581,57.35544059041878,70.79386566778588,56.940142586196664
2026-08-14T23:13:20.762650,11807165693.0,11801317136.0,11813014250.0,11697114.0,0.09906792454801201,2.52793543,2.35272299,32.8083794332146,30.79844664458581,57.35544059041878,70.79386566778588,56.940142586196664
2026-08-14T23:13:22.543685,11807165693.0,11801317136.0,11813014250.0,11697114.0,0.09906792454801201,2.52793543,2.35272299,32.8083794332146,30.79844664458581,57.35544059041878,70.79386566778588,56.940142586196664
2026-08-14T23:13:24.240866,11807165693.0,11801317136.0,11813014250.0,11697114.0,0.09906792454801201,2.53007513,2.35292785,34.81536863028411,33.186115977001535,58.20609027656054,70.83958738817778,56.96779679633913
2026-08-14T23:13:25.805016,11807165693.0,11801317136.0,11813014250.0,11697114.0,0.09906792454801201,2.52766386,2.35292785,31.288827898574052,29.915967873145217,56.99437574726165,70.76727827933823,56.930297287827635
2026-08-14T23:13:27.459156,11807165693.0,11801317136.0,11813014250.0,11697114.0,0.09906792454801201,2.52554698,2.35292785,27.19176094771141,26.30077967750861,55.71630923945096,70.6951467874063,56.8939219050675
2026-08-14T23:13:29.101523,11807165693.0,11801317136.0,11813014250.0,11697114.0,0.09906792454801201,2.52554698,2.35292785,27.19176094771141,26.30077967750861,55.71630923945096,70.6951467874063,56.8939219050675
2026-08-14T23:13:30.751699,11807165693.0,11801317136.0,11813014250.0,11697114.0,0.09906792454801201,2.52554698,2.35292785,27.19176094771141,26.30077967750861,55.71630923945096,70.6951467874063,56.8939219050675
2026-08-14T23:13:32.342963,11807022355.0,11801030460.0,11813014250.0,11983790.0,0.10149713991966097,2.51655868,2.35292785,8.800163416210191,10.509647688661355,51.8123376103436,70.62672326949352,56.811425605616165
2026-08-14T23:13:34.018018,11807165693.5,11801317137.0,11813014250.0,11697113.0,0.09906791607438366,2.52426504,2.35272299,26.03637849390245,24.584027301477636,55.14709875994971,70.67024273050355,56.87855350019072
2026-08-14T23:13:35.744197,11807165694.0,11801317138.0,11813014250.0,11697112.0,0.0990679076007553,2.52646149,2.35266378,30.4199657622635,28.497121304030117,56.535870044880475,70.74863150342397,56.91729733261316
2026-08-14T23:13:37.305646,11807022355.0,11801030460.0,11813014250.0,11983790.0,0.10149713991966097,2.51442039,2.35266378,4.365306860504534,5.996859484805317,50.631517507569754,70.58156510151514,56.784330570785116
2026-08-14T23:13:38.925056,11807165694.5,11801317139.0,11813014250.0,11697111.0,0.09906789912712698,2.52639753,2.35266378,26.75584593676334,27.632977393377345,56.38299353848309,70.74361678710154,56.9154900496189
2026-08-14T23:13:40.628522,11807165694.5,11801317139.0,11813014250.0,11697111.0,0.09906789912712698,2.52404976,2.35266378,25.703285501059437,24.286659636602728,55.07363266683105,70.66824165213407,56.876517146669016
2026-08-14T23:13:42.288782,11807165695.0,11801317140.0,11813014250.0,11697110.0,0.09906789065349862,2.11353578,2.35548485,34.11135576640017,31.773984014253298,56.66431233104402,70.6636043560492,53.648658569191234
2026-08-14T23:13:43.865576,11807165695.0,11801317140.0,11813014250.0,11697110.0,0.09906789065349862,2.51920981,2.35286864,15.15349586908395,15.85627778570753,52.3100540680567,70.52229227626181,56.800685458812175
2026-08-14T23:13:45.461479,11807165695.5,11801317141.0,11813014250.0,11697109.0,0.09906788217987027,2.52803277,2.35286864,31.95908446482666,30.37906816061967,57.17359189795478,70.77964207936861,56.936690848990956
2026-08-14T23:13:47.143068,11807165695.5,11801317141.0,11813014250.0,11697109.0,0.09906788217987027,2.52803277,2.35286864,31.95908446482666,30.37906816061967,57.17359189795478,70.77964207936861,56.936690848990956
2026-08-14T23:13:48.756343,11807165695.5,11801317141.0,11813014250.0,11697109.0,0.09906788217987027,2.52580929,2.35286864,27.763050887917878,26.667255107047932,55.85325655636155,70.70463713695771,56.898744640626006
2026-08-14T23:13:50.420115,11807165695.5,11801317141.0,11813014250.0,11697109.0,0.09906788217987027,2.52580929,2.35286864,27.763050887917878,26.667255107047932,55.85325655636155,70.70463713695771,56.898744640626006
2026-08-14T23:13:52.049707,11807165696.0,11801317142.0,11813014250.0,11697108.0,0.09906787370624191,2.51707424,2.35266378,11.308725176275658,11.971224998139645,51.217994980589665,70.47790241244847,56.773165646811044
2026-08-14T23:13:54.519633,11807165696.5,11801317143.0,11813014250.0,11697107.0,0.09906786523261359,2.52568266,2.35266378,29.17463149783122,27.529062501769346,56.21629091626254,70.73031752114426,56.90618713255127
2026-08-14T23:13:56.132351,11807165696.0,11801317142.0,11813014250.0,11697108.0,0.09906787370624191,2.51710161,2.35266378,11.37579154585255,12.027881087612455,51.234695764118285,70.47866616132458,56.77357383738973
2026-08-14T23:13:57.816987,11807165696.5,11801317143.0,11813014250.0,11697107.0,0.09906786523261359,2.52428238,2.35266378,26.04728202108945,24.736605131886684,55.2537992500219,70.6776860333149,56.88040052054348
2026-08-14T23:13:59.474648,11807165696.5,11801317143.0,11813014250.0,11697107.0,0.09906786523261359,2.5265333,2.35266378,30.27924134563152,28.658351642666936,56.62341439597574,70.75343863334692,56.91874087026518
2026-08-14T23:14:01.192130,11807165696.5,11801317143.0,11813014250.0,11697107.0,0.09906786523261359,2.32622423,2.35413525,31.45203727957527,30.335556874206087,56.686507657926875,70.70908426736833,55.39856870804943
2026-08-14T23:14:02.849618,11807165696.5,11801317143.0,11813014250.0,11697107.0,0.09906786523261359,2.52732468,2.3519168,29.78760555292128,29.648911803285483,57.357427666832685,70.82008018830696,56.944238980251846
2026-08-14T23:14:04.485500,11807165696.5,11801317143.0,11813014250.0,11697107.0,0.09906786523261359,2.52732468,2.3519168,29.78760555292128,29.648911803285483,57.357427666832685,70.82008018830696,56.944238980251846
2026-08-14T23:14:06.235765,11807165697.0,11801317144.0,11813014250.0,11697106.0,0.09906785675898523,2.52735224,2.3519168,30.033605914445875,29.730777803197938,57.377561436057455,70.82102563082012,56.94469778659854
2026-08-14T23:14:07.917479,11807165697.0,11801317144.0,11813014250.0,11697106.0,0.09906785675898523,2.51792062,2.3519168,10.648715864848933,13.29480627522692,52.077246908511285,70.5467092602663,56.799571162355925
2026-08-14T23:14:09.569067,11807165697.5,11801317145.0,11813014250.0,11697105.0,0.09906784828535688,2.52646757,2.3519168,28.656971284815675,28.52572833506456,56.95411390119758,70.79683406295995,56.93159662780509
2026-08-14T23:14:11.263359,11807165698.0,11801317146.0,11813014250.0,11697104.0,0.09906783981172855,2.52956654,2.35361562,34.74650617061115,32.069070405516754,57.45958782380873,70.77495642533448,56.94613119210521
2026-08-14T23:14:12.943923,11807165697.0,11801317144.0,11813014250.0,11697106.0,0.09906785675898523,2.51847306,2.35361562,14.031197804841922,14.229411186058178,51.3390531722384,70.44820108167403,56.774565892817805
2026-08-14T23:14:14.517269,11807165697.5,11801317145.0,11813014250.0,11697105.0,0.09906784828535688,2.52719472,2.35361562,31.077993533698955,28.79774516034444,56.24388098003663,70.70340212928107,56.90915121308826
2026-08-14T23:14:16.055992,11807165697.5,11801317145.0,11813014250.0,11697105.0,0.09906784828535688,2.52719472,2.35361562,31.077993533698955,28.79774516034444,56.24388098003663,70.70340212928107,56.90915121308826
2026-08-14T23:14:17.654886,11807165698.0,11801317146.0,11813014250.0,11697104.0,0.09906783981172855,2.52722259,2.35361562,31.119202631492023,28.83421686050595,56.25718144153977,70.70416485309558,56.909563742633864
2026-08-14T23:14:19.309259,11807165698.0,11801317146.0,11813014250.0,11697104.0,0.09906783981172855,2.51850093,2.35361562,14.095304764026476,14.282328872734432,51.35549820140199,70.44897651933472,56.77498082225439
2026-08-14T23:14:20.944881,11807165698.5,11801317147.0,11813014250.0,11697103.0,0.0990678313381002,2.11380468,2.35689931,34.5724205425822,31.178891680541287,55.87990203317712,70.57313876765993,53.62450002330198
2026-08-14T23:14:22.602002,11807165698.5,11801317147.0,11813014250.0,11697103.0,0.0990678313381002,2.52730686,2.3519168,31.44058548792996,29.651273462719452,57.23233538663648,70.812514863836,56.943151316070924
2026-08-14T23:14:24.286595,11807165699.0,11801317148.0,11813014250.0,11697102.0,0.09906782286447184,2.5299094,2.3519168,35.376315508391606,33.221575689360435,58.54098535600445,70.89017382656463,56.98353120705146
2026-08-14T23:14:25.945447,11807165699.0,11801317148.0,11813014250.0,11697102.0,0.09906782286447184,2.52028282,2.3519168,19.330073375365053,18.9725905535754,53.62391753026395,70.61930209426932,56.83891064233476
2026-08-14T23:14:27.590883,11807165699.5,11801317149.0,11813014250.0,11697101.0,0.09906781439084351,2.52684159,2.3519168,30.75196916553787,29.03173487811529,57.01076463303891,70.79979392161452,56.936261674117375
2026-08-14T23:14:29.245619,11807165699.5,11801317149.0,11813014250.0,11697101.0,0.09906781439084351,2.52684159,2.3519168,30.75196916553787,29.03173487811529,57.01076463303891,70.79979392161452,56.936261674117375
2026-08-14T23:14:30.861161,11807165699.5,11801317149.0,11813014250.0,11697101.0,0.09906781439084351,2.32479762,2.35460771,29.80360267431535,27.987430291155253,55.558064702498946,70.62978096964508,55.36537716748007
2026-08-14T23:14:32.550844,11807165700.0,11801317150.0,11813014250.0,11697100.0,0.09906780591721516,2.52739387,2.35361562,31.34559926450925,29.060036533482847,56.34346663189942,70.70913151902445,56.91213421396495
2026-08-14T23:14:34.199446,11807165700.0,11801317150.0,11813014250.0,11697100.0,0.09906780591721516,2.52140673,2.35361562,20.246955960491764,19.45978351792548,53.01646613236806,70.53001192218855,56.818270833400454
2026-08-14T23:14:35.770609,11807165700.5,11801317151.0,11813014250.0,11697099.0,0.09906779744358683,2.530205,2.35361562,35.24179531504409,32.53668557927969,57.64029469059911,70.7858986667921,56.95371698022639
2026-08-14T23:14:37.441945,11807165700.5,11801317151.0,11813014250.0,11697099.0,0.09906779744358683,2.11548151,2.35961581,35.91242070592419,31.892173901347427,55.28612140508082,70.4518463532584,53.60088610530376
2026-08-14T23:14:39.048994,11807165700.5,11801317151.0,11813014250.0,11697099.0,0.09906779744358683,2.52898401,2.3546333,32.932860799292285,30.535820485973392,56.53008511990982,70.68912520901732,56.916217833478285
2026-08-14T23:14:40.671436,11807165700.5,11801317151.0,11813014250.0,11697099.0,0.09906779744358683,2.52898401,2.3546333,32.932860799292285,30.535820485973392,56.53008511990982,70.68912520901732,56.916217833478285
2026-08-14T23:14:42.795938,11807165700.5,11801317151.0,11813014250.0,11697099.0,0.09906779744358683,2.52898401,2.3546333,32.932860799292285,30.535820485973392,56.53008511990982,70.68912520901732,56.916217833478285
2026-08-14T23:14:44.474585,11807238287.5,11801462325.0,11813014250.0,11551925.0,0.09783765448546683,2.52278467,2.35089912,23.548219867209433,22.683116576898303,54.743542268881086,70.64399452529241,56.86391527960091
2026-08-14T23:14:46.143407,11807238288.0,11801462326.0,11813014250.0,11551924.0,0.09783764601194267,2.51637805,2.35089912,10.530364826383073,10.833730881390828,50.99963098943717,70.46598858979803,56.768547625864244
2026-08-14T23:14:47.757324,11807238288.0,11801462326.0,11813014250.0,11551924.0,0.09783764601194267,2.51637805,2.35089912,10.530364826383073,10.833730881390828,50.99963098943717,70.46598858979803,56.768547625864244
2026-08-14T23:14:49.700100,11807238288.0,11801462326.0,11813014250.0,11551924.0,0.09783764601194267,2.52283555,2.35089912,24.039924375580945,22.857203841663672,54.78482774167283,70.64573472935604,56.86475874471149
2026-08-14T23:14:51.245229,11807238288.0,11801462326.0,11813014250.0,11551924.0,0.09783764601194267,2.52283555,2.35089912,24.039924375580945,22.857203841663672,54.78482774167283,70.64573472935604,56.86475874471149
2026-08-14T23:14:52.918199,11807238288.5,11801462327.0,11813014250.0,11551923.0,0.09783763753841851,2.52857274,2.35426903,31.886264396265368,30.198139882858367,56.143162674953686,70.61262797743908,56.891275245569794
2026-08-14T23:14:54.583654,11807022355.0,11801030460.0,11813014250.0,11983790.0,0.10149713991966097,2.51690291,2.35426903,8.644471690386384,10.704159602418875,51.17033342767394,70.54752004154629,56.79029188993645
2026-08-14T23:14:56.250574,11807022355.5,11801030461.0,11813014250.0,11983789.0,0.10149713144582688,2.52588943,2.35426903,27.403601897151002,26.11255543418624,55.98264852277719,70.79709219662703,56.92465810857431
2026-08-14T23:14:57.828242,11807022355.5,11801030461.0,11813014250.0,11983789.0,0.10149713144582688,2.52588943,2.35426903,27.403601897151002,26.11255543418624,55.98264852277719,70.79709219662703,56.92465810857431
2026-08-14T23:14:59.544777,11807022356.0,11801030462.0,11813014250.0,11983788.0,0.10149712297199279,2.5188312,2.3530257,15.43190509042568,15.944253135692277,53.22396604108906,70.69134618651813,56.84810421049392
2026-08-14T23:15:01.085439,11807022356.0,11801030462.0,11813014250.0,11983788.0,0.10149712297199279,2.5190245,2.35126339,16.11891519548503,17.14470752081678,54.431050946898765,70.81298404622541,56.88625608102722
2026-08-14T23:15:02.745509,11807022356.5,11801030463.0,11813014250.0,11983787.0,0.1014971144981587,2.5263981,2.35126339,30.620215880179114,28.829566595178154,58.058520366052825,71.00879681386863,56.99398953444918
2026-08-14T23:15:04.382257,11807022356.5,11801030463.0,11813014250.0,11983787.0,0.1014971144981587,2.5263981,2.35126339,30.620215880179114,28.829566595178154,58.058520366052825,71.00879681386863,56.99398953444918
2026-08-14T23:15:06.021373,11807022356.5,11801030463.0,11813014250.0,11983787.0,0.1014971144981587,2.52587024,2.34889504,29.038116975526666,28.148138552816178,59.074786433092584,71.15028668397628,57.031486758981856
2026-08-14T23:15:07.645563,11807214020.5,11801413791.0,11813014250.0,11600459.0,0.09824890935201966,2.53194778,2.35426903,35.966654073704035,34.02514280862122,57.73234588035382,70.73150785908311,56.95029280417091
2026-08-14T23:15:09.342508,11807214020.5,11801413791.0,11813014250.0,11600459.0,0.09824890935201966,2.52220802,2.35426903,21.86974236172018,21.124236931069237,52.902333064918686,70.45785889810439,56.804308445350294
2026-08-14T23:15:10.958236,11807214021.0,11801413792.0,11813014250.0,11600458.0,0.09824890087846068,2.53168375,2.35426903,36.42460375391414,33.912240594717076,57.64818239793487,70.72524242705545,56.946638176997574
2026-08-14T23:15:12.741050,11807214021.0,11801413792.0,11813014250.0,11600458.0,0.09824890087846068,2.53168375,2.35426903,36.42460375391414,33.912240594717076,57.64818239793487,70.72524242705545,56.946638176997574
2026-08-14T23:15:14.331514,11807214021.0,11801413792.0,11813014250.0,11600458.0,0.09824890087846068,2.52884664,2.35126339,33.846566003034994,32.16937889269082,58.13028037669,70.84109726969596,56.96276087678254
2026-08-14T23:15:15.929072,11807214021.0,11801413792.0,11813014250.0,11600458.0,0.09824890087846068,2.52370763,2.35126339,25.352369114069134,24.09922293926428,55.244420647868296,70.67971979557122,56.87981303944919
2026-08-14T23:15:17.742961,11807214021.5,11801413793.0,11813014250.0,11600457.0,0.09824889240490169,2.52618725,2.35126339,30.209949058230645,28.487875306781806,56.76756606467455,70.76211817101556,56.92163043042068
2026-08-14T23:15:19.396985,11807214021.5,11801413793.0,11813014250.0,11600457.0,0.09824889240490169,2.51697957,2.35126339,11.515448702932577,11.960454826476024,51.39727206134774,70.49288855643445,56.779648835582364
2026-08-14T23:15:21.069496,11807214022.0,11801413794.0,11813014250.0,11600456.0,0.0982488839313427,2.5236928,2.35126339,25.32662895879631,24.07614828904184,55.23660373167769,70.67930931912456,56.87959240608031
2026-08-14T23:15:22.840130,11807214022.0,11801413794.0,11813014250.0,11600456.0,0.0982488839313427,2.52900809,2.35426903,32.91359006631066,30.671458169632416,56.43013761630357,70.65121630586518,56.905975732655975
2026-08-14T23:15:24.554478,11807214022.0,11801413794.0,11813014250.0,11600456.0,0.0982488839313427,2.52900809,2.35426903,32.91359006631066,30.671458169632416,56.43013761630357,70.65121630586518,56.905975732655975
2026-08-14T23:15:26.301286,11807214022.0,11801413794.0,11813014250.0,11600456.0,0.0982488839313427,2.52652838,2.35426903,28.7435533155471,26.85815590083646,54.99643994995771,70.5692170578334,56.86429768875869
2026-08-14T23:15:28.002859,11807214022.5,11801413795.0,11813014250.0,11600455.0,0.09824887545778371,2.52903791,2.35426903,33.221537769254596,30.767285232718816,56.4541099025434,70.65231280388171,56.906490658177944
2026-08-14T23:15:29.685522,11807214022.5,11801413795.0,11813014250.0,11600455.0,0.09824887545778371,2.5195209,2.35126339,17.989843122003794,17.834534385975953,53.2103561630372,70.577715472491,56.82249793441451
2026-08-14T23:15:31.406509,11807214023.0,11801413796.0,11813014250.0,11600454.0,0.09824886698422473,2.52884143,2.35126339,34.08869637088633,32.21943867486358,58.136469068218965,70.84117024152401,56.962747297977415
2026-08-14T23:15:33.109231,11807214023.0,11801413796.0,11813014250.0,11600454.0,0.09824886698422473,2.52884143,2.35126339,34.08869637088633,32.21943867486358,58.136469068218965,70.84117024152401,56.962747297977415
2026-08-14T23:15:34.734374,11807214023.0,11801413796.0,11813014250.0,11600454.0,0.09824886698422473,2.52884143,2.35126339,34.08869637088633,32.21943867486358,58.136469068218965,70.84117024152401,56.962747297977415
2026-08-14T23:15:36.350195,11807214023.0,11801413796.0,11813014250.0,11600454.0,0.09824886698422473,2.52941336,2.35550224,33.347561725081896,30.61822450341879,55.901190344941895,70.57769461229934,56.88617748757817
2026-08-14T23:15:38.174622,11807214023.0,11801413796.0,11813014250.0,11600454.0,0.09824886698422473,2.52941336,2.35499192,33.347561725081896,30.838644727005466,56.21951215552393,70.61650955860608,56.898108965595306
2026-08-14T23:15:39.940075,11807214023.0,11801413796.0,11813014250.0,11600454.0,0.09824886698422473,2.52941336,2.35499192,33.347561725081896,30.838644727005466,56.21951215552393,70.61650955860608,56.898108965595306
2026-08-14T23:15:41.566075,11807214023.0,11801413796.0,11813014250.0,11600454.0,0.09824886698422473,2.52941336,2.35499192,33.347561725081896,30.838644727005466,56.21951215552393,70.61650955860608,56.898108965595306
2026-08-14T23:15:43.255031,11807214023.5,11801413797.0,11813014250.0,11600453.0,0.09824885851066574,2.5179021,2.3503449,13.072634005126643,14.012108776418295,52.68263392732941,70.59754139709705,56.81729304284114
2026-08-14T23:15:44.860279,11807214024.0,11801413798.0,11813014250.0,11600452.0,0.09824885003710679,2.52958025,2.35338658,34.71241307630603,32.184664526415595,57.31424081380532,70.72964227062593,56.93334447545983
2026-08-14T23:15:46.457454,11807214024.0,11801413798.0,11813014250.0,11600452.0,0.09824885003710679,2.52958025,2.35338658,34.71241307630603,32.184664526415595,57.31424081380532,70.72964227062593,56.93334447545983
2026-08-14T23:15:48.060830,11807214024.0,11801413798.0,11813014250.0,11600452.0,0.09824885003710679,2.52420221,2.35338658,25.738561332951765,24.037308435138588,54.32271437083208,70.56118959779978,56.84680034550591
2026-08-14T23:15:49.661535,11807214024.0,11801413798.0,11813014250.0,11600452.0,0.09824885003710679,2.52420221,2.35338658,25.738561332951765,24.037308435138588,54.32271437083208,70.56118959779978,56.84680034550591
2026-08-14T23:15:51.423086,11807214024.0,11801413798.0,11813014250.0,11600452.0,0.09824885003710679,2.52531344,2.35214585,27.196007942180806,25.997378281500357,55.54671674679824,70.66793440521248,56.88664995380266
2026-08-14T23:15:53.016878,11807214024.5,11801413799.0,11813014250.0,11600451.0,0.0982488415635478,2.52788364,2.35214585,31.949690519412936,30.224882773711325,57.06366977521265,70.75266032146656,56.92976687399093
2026-08-14T23:15:54.840900,11807214024.5,11801413799.0,11813014250.0,11600451.0,0.0982488415635478,2.51907468,2.35214585,15.220195349431453,15.664910527126615,52.126480389625115,70.49509566305525,56.79387910243956
2026-08-14T23:15:56.415726,11807214025.0,11801413800.0,11813014250.0,11600450.0,0.09824883308998882,2.52779512,2.35214585,31.821966214773333,30.110330110922106,57.02158678257294,70.75023557114972,56.92845580909491
2026-08-14T23:15:58.080228,11807214025.0,11801413800.0,11813014250.0,11600450.0,0.09824883308998882,2.5240835,2.35338657,25.594535737313713,23.85466741648438,54.25072353391466,70.55734692786059,56.84496408679478
2026-08-14T23:15:59.673751,11807214025.0,11801413800.0,11813014250.0,11600450.0,0.09824883308998882,2.5240835,2.35338657,25.594535737313713,23.85466741648438,54.25072353391466,70.55734692786059,56.84496408679478
2026-08-14T23:16:01.342218,11807214025.5,11801413801.0,11813014250.0,11600449.0,0.09824882461642982,2.52668454,2.35338657,30.601564679034354,28.26944779972948,55.8291400218204,70.64324420882471,56.88858013286122
2026-08-14T23:16:03.174699,11807214025.5,11801413801.0,11813014250.0,11600449.0,0.09824882461642982,2.5179641,2.35338657,13.311844253646985,13.38586982515159,50.79790473647196,70.38718637571168,56.75388324848393
2026-08-14T23:16:05.826257,11807214026.0,11801413802.0,11813014250.0,11600448.0,0.09824881614287086,2.52912167,2.35499192,32.86284989894491,30.48781907683687,56.09720021638249,70.60937374924387,56.89389433041311
2026-08-14T23:16:07.443924,11807214026.5,11801413803.0,11813014250.0,11600447.0,0.09824880766931188,2.53202186,2.35499192,37.00401641963439,34.118828752196826,57.51867880157441,70.69540757314984,56.938660725898046
2026-08-14T23:16:09.063980,11807214027.0,11801413804.0,11813014250.0,11600446.0,0.09824879919575291,2.5294509,2.35499192,33.32138590058673,30.886302058862352,56.25033749771213,70.61839635959927,56.898766195151836
2026-08-14T23:16:10.665001,11807214027.0,11801413804.0,11813014250.0,11600446.0,0.09824879919575291,2.5294509,2.35499192,33.32138590058673,30.886302058862352,56.25033749771213,70.61839635959927,56.898766195151836
2026-08-14T23:16:12.259707,11807214027.0,11801413804.0,11813014250.0,11600446.0,0.09824879919575291,2.52558599,2.35054051,29.1972672432193,27.906301391921655,56.87581904542238,70.79058817503197,56.926426921603266
2026-08-14T23:16:16.912284,11807214027.0,11801413804.0,11813014250.0,11600446.0,0.09824879919575291,2.52298485,2.35054051,24.33132455743758,23.26295045896522,55.28117217540536,70.70510937632326,56.882866655007035
2026-08-14T23:16:18.522810,11807214027.0,11801413804.0,11813014250.0,11600446.0,0.09824879919575291,2.52684733,2.35499191,29.02446860235481,26.98583025007759,54.76637233010603,70.53298037576975,56.855263303457384
2026-08-14T23:16:20.144328,11807214027.0,11801413804.0,11813014250.0,11600446.0,0.09824879919575291,2.52684733,2.35499191,29.02446860235481,26.98583025007759,54.76637233010603,70.53298037576975,56.855263303457384
2026-08-14T23:16:21.782780,11807214027.0,11801413804.0,11813014250.0,11600446.0,0.09824879919575291,2.52684733,2.35499191,29.02446860235481,26.98583025007759,54.76637233010603,70.53298037576975,56.855263303457384
2026-08-14T23:16:23.448026,11807214027.0,11801413804.0,11813014250.0,11600446.0,0.09824879919575291,2.52684733,2.35499191,29.02446860235481,26.98583025007759,54.76637233010603,70.53298037576975,56.855263303457384
2026-08-14T23:16:25.027815,11807214027.5,11801413805.0,11813014250.0,11600445.0,0.09824879072219393,2.52953902,2.35499191,33.923795114780056,31.318415989144903,56.41034276230524,70.62771690428123,56.90199704763429
2026-08-14T23:16:26.618394,11807214027.5,11801413805.0,11813014250.0,11600445.0,0.09824879072219393,2.51668412,2.35054051,11.077431316543947,11.54929583181644,51.64617135211761,70.5305229246911,56.78908928101861
2026-08-14T23:16:28.244127,11807214028.0,11801413806.0,11813014250.0,11600444.0,0.09824878224863497,2.52593121,2.35054051,30.001460740055563,28.471933748885643,57.06510207306453,70.80073535541226,56.93167266953021
2026-08-14T23:16:29.913733,11807214028.0,11801413806.0,11813014250.0,11600444.0,0.09824878224863497,2.52593121,2.35054051,30.001460740055563,28.471933748885643,57.06510207306453,70.80073535541226,56.93167266953021
2026-08-14T23:16:31.552417,11807022355.0,11801030460.0,11813014250.0,11983790.0,0.10149713991966097,2.51355974,2.35054051,2.5857469743965638,4.202054154445161,51.20691273745434,70.68607110976846,56.81123907642933
2026-08-14T23:16:33.344821,11807022355.5,11801030461.0,11813014250.0,11983789.0,0.10149713144582688,2.52623137,2.35499188,28.95493779131319,26.907526650909315,55.92603172856291,70.77113825489725,56.920377723481664
2026-08-14T23:16:34.912390,11807022355.5,11801030461.0,11813014250.0,11983789.0,0.10149713144582688,2.52623137,2.35499188,28.95493779131319,26.907526650909315,55.92603172856291,70.77113825489725,56.920377723481664
2026-08-14T23:16:36.544901,11807022355.5,11801030461.0,11813014250.0,11983789.0,0.10149713144582688,2.52947388,2.35499188,33.715544272489375,31.025691553612468,57.40015196141499,70.85925869655925,56.96829186350727
2026-08-14T23:16:38.262749,11807022355.5,11801030461.0,11813014250.0,11983789.0,0.10149713144582688,2.5262634,2.35499188,29.005305488836846,26.950609913793716,55.94109204857662,70.7720113280115,56.92085154833468
2026-08-14T23:16:42.901288,11807022355.5,11801030461.0,11813014250.0,11983789.0,0.10149713144582688,2.51963801,2.35054054,16.193133312997972,17.160001066766565,54.78307941767998,70.8548749276708,56.90234043025145
2026-08-14T23:16:44.525391,11807022356.5,11801030463.0,11813014250.0,11983787.0,0.1014971144981587,2.52834531,2.35054054,32.46640560689896,31.49573361641556,59.31809411129952,71.1060253268955,57.03630701675161
2026-08-14T23:16:46.163878,11807022355.0,11801030460.0,11813014250.0,11983790.0,0.10149713991966097,2.51449758,2.35499188,4.625522761093199,5.878034513875574,49.29309642269073,70.43178011537566,56.74034044788429
2026-08-14T23:16:47.775660,11807022355.0,11801030460.0,11813014250.0,11983790.0,0.10149713991966097,2.52384685,2.35499188,21.981324141189475,22.352119109750713,54.44911237240532,70.6898868330488,56.87958646632178
2026-08-14T23:16:49.446589,11807022355.0,11801030460.0,11813014250.0,11983790.0,0.10149713991966097,2.52384685,2.35499188,21.981324141189475,22.352119109750713,54.44911237240532,70.6898868330488,56.87958646632178
2026-08-14T23:16:51.040128,11807022355.0,11801030460.0,11813014250.0,11983790.0,0.10149713991966097,2.52384685,2.35499188,21.981324141189475,22.352119109750713,54.44911237240532,70.6898868330488,56.87958646632178
2026-08-14T23:16:52.743769,11807022355.0,11801030460.0,11813014250.0,11983790.0,0.10149713991966097,2.52384685,2.35499188,21.981324141189475,22.352119109750713,54.44911237240532,70.6898868330488,56.87958646632178
2026-08-14T23:16:54.361899,11809999496.5,11801030460.0,11818968533.0,17938073.0,0.15188885490906337,2.52384556,2.3187374,54.650112298337675,64.87835384743718,79.35029156643778,69.41419499614807,56.514161212558115
2026-08-14T23:16:55.987121,11809999496.5,11801030460.0,11818968533.0,17938073.0,0.15188885490906337,2.52384556,2.3187374,54.650112298337675,64.87835384743718,79.35029156643778,69.41419499614807,56.514161212558115
2026-08-14T23:16:57.693487,11809999496.5,11801030460.0,11818968533.0,17938073.0,0.15188885490906337,2.52384556,2.3187374,54.650112298337675,64.87835384743718,79.35029156643778,69.41419499614807,56.514161212558115
2026-08-14T23:16:59.456347,11809999496.5,11801030460.0,11818968533.0,17938073.0,0.15188885490906337,2.52384556,2.3187374,54.650112298337675,64.87835384743718,79.35029156643778,69.41419499614807,56.514161212558115
2026-08-14T23:17:01.165305,11811217929.5,11803467326.0,11818968533.0,15501207.0,0.13124139350001993,2.52384537,2.32318874,33.170121064608225,51.177780875441535,64.17902340312497,67.58316237334851,55.98546597635418
2026-08-14T23:17:02.844004,11811217929.5,11803467326.0,11818968533.0,15501207.0,0.13124139350001993,2.52384537,2.32318874,33.170121064608225,51.177780875441535,64.17902340312497,67.58316237334851,55.98546597635418
2026-08-14T23:17:04.494711,11811217929.5,11803467326.0,11818968533.0,15501207.0,0.13124139350001993,2.52384537,2.32318874,33.170121064608225,51.177780875441535,64.17902340312497,67.58316237334851,55.98546597635418
2026-08-14T23:17:06.151013,11811217929.5,11803467326.0,11818968533.0,15501207.0,0.13124139350001993,2.52384537,2.32318874,33.170121064608225,51.177780875441535,64.17902340312497,67.58316237334851,55.98546597635418
2026-08-14T23:17:07.810982,11811205587.5,11803442642.0,11818968533.0,15525891.0,0.1314505186196345,2.5144961,2.3187374,25.605751015219543,25.851828955512147,61.06837926156508,67.59421891123579,55.93357399927048
2026-08-14T23:17:09.430860,11811205587.5,11803442642.0,11818968533.0,15525891.0,0.1314505186196345,2.52610776,2.3187374,25.605751015219543,59.1740191124569,76.2551352884569,67.94308613032997,56.10799682958132
2026-08-14T23:17:11.177703,11811205587.5,11803442642.0,11818968533.0,15525891.0,0.1314505186196345,2.52375912,2.3187374,25.605751015219543,57.94854429812809,74.37629666638486,67.86853830770787,56.07065406202626
2026-08-14T23:17:12.861239,11811205587.5,11803442642.0,11818968533.0,15525891.0,0.1314505186196345,2.52375912,2.3187374,25.605751015219543,57.94854429812809,74.37629666638486,67.86853830770787,56.07065406202626
2026-08-14T23:17:14.551032,11811216521.5,11803464510.0,11818968533.0,15504023.0,0.1312652508890847,2.52375912,2.32318926,22.852665370105154,45.46959501239671,62.99090771841658,67.57021819293398,55.98186772095097
2026-08-14T23:17:16.264188,11811216521.0,11803464510.0,11818968532.0,15504022.0,0.13126524242811313,2.52375912,2.32768852,13.062506214847982,35.6019414007142,53.561016769252014,67.25780289788712,55.889797683968744
2026-08-14T23:17:17.942916,11811216521.0,11803464510.0,11818968532.0,15504022.0,0.13126524242811313,2.52375912,2.32768852,13.062506214847982,35.6019414007142,53.561016769252014,67.25780289788712,55.889797683968744
2026-08-14T23:17:19.540022,11811216521.0,11803464510.0,11818968532.0,15504022.0,0.13126524242811313,2.52375912,2.32768852,13.062506214847982,35.6019414007142,53.561016769252014,67.25780289788712,55.889797683968744
2026-08-14T23:17:21.274284,11811216521.0,11803464510.0,11818968532.0,15504022.0,0.13126524242811313,2.52406463,2.32458081,18.36015502485051,42.6033180565001,59.83946169485959,67.4729986475054,55.956470008762174
2026-08-14T23:17:22.968398,11810942205.0,11802915878.0,11818968532.0,16052654.0,0.1359134074265839,2.52375912,2.32323614,13.888364132184499,43.52452534598201,63.0468948685334,67.89016181839489,56.07435666181543
2026-08-14T23:17:24.601373,11810942205.0,11802915878.0,11818968532.0,16052654.0,0.1359134074265839,2.52375912,2.32323614,13.888364132184499,43.52452534598201,63.0468948685334,67.89016181839489,56.07435666181543
2026-08-14T23:17:26.367914,11810942205.0,11802915878.0,11818968532.0,16052654.0,0.1359134074265839,2.57101483,2.32323614,13.888364132184499,43.52452534598201,57.37093312210747,67.70502586202312,56.39917082819209
2026-08-14T23:17:27.952985,11810428707.5,11801888883.0,11818968532.0,17079649.0,0.14461497904097145,2.57090001,2.32726837,13.375729834977268,38.32604084928728,51.72428128959135,68.1126249843835,56.50876549336521
2026-08-14T23:17:29.624863,11810428707.5,11801888883.0,11818968532.0,17079649.0,0.14461497904097145,2.56357364,2.3555534,13.375729834977268,38.32604084928728,47.10732500932667,63.06447510338824,55.36704800197334
2026-08-14T23:17:31.334977,11810428707.5,11801888883.0,11818968532.0,17079649.0,0.14461497904097145,2.56635252,2.3555534,13.375729834977268,38.88356424337984,50.76385398401517,63.1567018990405,55.40973789762814
2026-08-14T23:17:32.954478,11810428707.5,11801888883.0,11818968532.0,17079649.0,0.14461497904097145,2.56400384,2.3555534,13.375729834977268,37.45382402047144,47.34935569027439,63.074370302785645,55.372504258964796
2026-08-14T23:17:34.582070,11810623247.5,11802277963.0,11818968532.0,16690569.0,0.14131827466033986,2.56398001,2.35319199,14.583251542889986,41.557433207472656,51.90127601293567,62.96704104215631,55.34769498834976
2026-08-14T23:17:36.143191,11810623247.5,11802277963.0,11818968532.0,16690569.0,0.14131827466033986,2.56411866,2.35194133,13.939336838476793,42.726875301964505,53.82256884120197,63.03080268257728,55.36966505056677
2026-08-14T23:17:37.731607,11810623247.5,11802277963.0,11818968532.0,16690569.0,0.14131827466033986,2.56411866,2.35194133,13.939336838476793,42.726875301964505,53.82256884120197,63.03080268257728,55.36966505056677
2026-08-14T23:17:39.433182,11810623247.5,11802277963.0,11818968532.0,16690569.0,0.14131827466033986,2.56411866,2.35194133,13.939336838476793,42.726875301964505,53.82256884120197,63.03080268257728,55.36966505056677
2026-08-14T23:17:41.244942,11810623247.5,11802277963.0,11818968532.0,16690569.0,0.14131827466033986,2.56411866,2.35194133,13.939336838476793,42.726875301964505,53.82256884120197,63.03080268257728,55.36966505056677
2026-08-14T23:17:42.818751,11810680668.5,11802392805.0,11818968532.0,16575727.0,0.14034523043374417,2.56411866,2.35555339,13.400757023566499,36.68344088345266,47.13534291761395,62.75242729822884,55.28233224603307
2026-08-14T23:17:44.461348,11810680668.5,11802392805.0,11818968532.0,16575727.0,0.14034523043374417,2.56411866,2.35555339,13.400757023566499,36.68344088345266,47.13534291761395,62.75242729822884,55.28233224603307
2026-08-14T23:17:46.161336,11810680668.5,11802392805.0,11818968532.0,16575727.0,0.14034523043374417,2.56411866,2.35555339,13.400757023566499,36.68344088345266,47.13534291761395,62.75242729822884,55.28233224603307
2026-08-14T23:17:47.743876,11810680668.5,11802392805.0,11818968532.0,16575727.0,0.14034523043374417,2.56411866,2.35555339,13.400757023566499,36.68344088345266,47.13534291761395,62.75242729822884,55.28233224603307
2026-08-14T23:17:49.475402,11807676287.5,11802338325.0,11813014250.0,10675925.0,0.0904151226715276,2.56411866,2.34742432,75.04669613757257,65.10416826928093,80.57367775590201,67.05349063695003,56.52525932618831
2026-08-14T23:17:51.146057,11807676287.5,11802338325.0,11813014250.0,10675925.0,0.0904151226715276,2.56411866,2.34742432,75.04669613757257,65.10416826928093,80.57367775590201,67.05349063695003,56.52525932618831
2026-08-14T23:17:52.793559,11807676287.5,11802338325.0,11813014250.0,10675925.0,0.0904151226715276,2.55442544,2.34742432,75.04669613757257,33.798437798293705,73.18777897035147,66.76894193271599,56.38463438136658
2026-08-14T23:17:54.441903,11807676287.5,11802338325.0,11813014250.0,10675925.0,0.0904151226715276,2.56402172,2.34742432,75.04669613757257,64.93981853487115,80.52048555855049,67.05069385917676,56.52386666943438
2026-08-14T23:17:56.010150,11807022355.0,11801030460.0,11813014250.0,11983790.0,0.10149713991966097,2.56374413,2.34721184,81.43600116989947,65.58321689056955,83.79893452910783,67.90080352169994,56.760665751200214
2026-08-14T23:17:57.653603,11807022355.0,11801030460.0,11813014250.0,11983790.0,0.10149713991966097,2.56374413,2.34721184,81.43600116989947,65.58321689056955,83.79893452910783,67.90080352169994,56.760665751200214
2026-08-14T23:17:59.444239,11807022355.0,11801030460.0,11813014250.0,11983790.0,0.10149713991966097,2.56374413,2.34721184,81.43600116989947,65.58321689056955,83.79893452910783,67.90080352169994,56.760665751200214
2026-08-14T23:18:00.979901,11807022355.0,11801030460.0,11813014250.0,11983790.0,0.10149713991966097,2.56374413,2.34721184,81.43600116989947,65.58321689056955,83.79893452910783,67.90080352169994,56.760665751200214
2026-08-14T23:18:02.643994,11807022355.0,11801030460.0,11813014250.0,11983790.0,0.10149713991966097,2.56402191,2.34763791,85.79785663871972,64.28554307636034,82.91407910750954,67.88199182117941,56.75651220224386
2026-08-14T23:18:04.517369,11807022355.0,11801030460.0,11813014250.0,11983790.0,0.10149713991966097,2.56402191,2.34763791,85.79785663871972,64.28554307636034,82.91407910750954,67.88199182117941,56.75651220224386
2026-08-14T23:18:06.382016,11807022355.0,11801030460.0,11813014250.0,11983790.0,0.10149713991966097,2.55442563,2.34757888,88.72683628200159,32.70680220068424,77.87271029106837,67.61075054553409,56.61880007499892
2026-08-14T23:18:08.037577,11807022355.0,11801030460.0,11813014250.0,11983790.0,0.10149713991966097,2.56627013,2.34757888,91.22193253539155,67.70043209810159,84.01174006270966,67.95998583310633,56.793788862062435
2026-08-14T23:18:09.743959,11807022355.0,11801030460.0,11813014250.0,11983790.0,0.10149713991966097,2.56392144,2.34757888,91.22193253539155,65.834588386748,83.13661590801483,67.88676039780337,56.75713991047022
2026-08-14T23:18:11.428969,11807022355.0,11801030460.0,11813014250.0,11983790.0,0.10149713991966097,2.56241597,2.34757888,91.22193253539155,65.834588386748,83.13661590801483,67.87184444264759,56.741811769800464
2026-08-14T23:18:13.046269,11807022355.0,11801030460.0,11813014250.0,11983790.0,0.10149713991966097,2.56336514,2.3500137,94.38024268398199,62.19516764046266,79.07496658741691,67.76728777046117,56.713884443817705
2026-08-14T23:18:14.745278,11807022355.0,11801030460.0,11813014250.0,11983790.0,0.10149713991966097,2.56392201,2.34747304,91.04226859981394,66.1331946711243,83.34033137395424,67.88899484520319,56.75817130514863
2026-08-14T23:18:16.378740,11807022355.0,11801030460.0,11813014250.0,11983790.0,0.10149713991966097,2.56392201,2.34747304,91.04226859981394,66.1331946711243,83.34033137395424,67.88899484520319,56.75817130514863
2026-08-14T23:18:17.959625,11807022355.0,11801030460.0,11813014250.0,11983790.0,0.10149713991966097,2.56392201,2.34747304,91.04226859981394,66.1331946711243,83.34033137395424,67.88899484520319,56.75817130514863
2026-08-14T23:18:19.681309,11807022355.0,11801030460.0,11813014250.0,11983790.0,0.10149713991966097,2.56392201,2.34747304,91.04226859981394,66.1331946711243,83.34033137395424,67.88899484520319,56.75817130514863
2026-08-14T23:18:21.374708,11807022355.0,11801030460.0,11813014250.0,11983790.0,0.10149713991966097,2.56392201,2.34747304,91.04226859981394,66.1331946711243,83.34033137395424,67.88899484520319,56.75817130514863
2026-08-14T23:18:23.049425,11807022355.0,11801030460.0,11813014250.0,11983790.0,0.10149713991966097,2.56392201,2.37547304,7.070924559429318,22.917516798188302,46.866287075513966,66.15514396256702,56.220041249859435
2026-08-14T23:18:24.862763,11807022355.0,11801030460.0,11813014250.0,11983790.0,0.10149713991966097,2.56392201,2.37547304,7.070924559429318,22.917516798188302,46.866287075513966,66.15514396256702,56.220041249859435
2026-08-14T23:18:26.413735,11807022355.0,11801030460.0,11813014250.0,11983790.0,0.10149713991966097,2.56392201,2.37547304,7.070924559429318,22.917516798188302,46.866287075513966,66.15514396256702,56.220041249859435
2026-08-14T23:18:28.050563,11807022355.0,11801030460.0,11813014250.0,11983790.0,0.10149713991966097,2.56392201,2.37547304,7.070924559429318,22.917516798188302,46.866287075513966,66.15514396256702,56.220041249859435
2026-08-14T23:18:29.750454,11807022355.0,11801030460.0,11813014250.0,11983790.0,0.10149713991966097,2.5544262,2.37547304,5.548737772609578,7.039120558913023,38.64170216046296,65.87168372114456,56.08130765236042
2026-08-14T23:18:32.522692,11807055059.0,11801095868.0,11813014250.0,11918382.0,0.10094288491451678,2.56337102,2.3788696,6.895930382859559,20.83197233259826,44.05788055009524,65.90224822751,56.13714846781161
2026-08-14T23:18:34.262067,11807055059.5,11801095869.0,11813014250.0,11918381.0,0.10094287644072963,2.5664732,2.3788696,16.65905058973563,26.70409634568746,46.9518039291258,66.01410639322917,56.18813446619381
2026-08-14T23:18:35.894317,11807055059.5,11801095869.0,11813014250.0,11918381.0,0.10094287644072963,2.5664732,2.3788696,16.65905058973563,26.70409634568746,46.9518039291258,66.01410639322917,56.18813446619381
2026-08-14T23:18:37.576198,11807055059.5,11801095869.0,11813014250.0,11918381.0,0.10094287644072963,2.5701265,2.3788696,24.640319973177636,31.81225740860677,49.58579578968899,66.12633908780221,56.24214855340428
2026-08-14T23:18:39.148384,11807055059.5,11801095869.0,11813014250.0,11918381.0,0.10094287644072963,2.5701265,2.3788696,24.640319973177636,31.81225740860677,49.58579578968899,66.12633908780221,56.24214855340428
2026-08-14T23:18:40.693709,11807055059.5,11801095869.0,11813014250.0,11918381.0,0.10094287644072963,2.5701265,2.3788696,24.640319973177636,31.81225740860677,49.58579578968899,66.12633908780221,56.24214855340428
2026-08-14T23:18:42.390761,11807055059.5,11801095869.0,11813014250.0,11918381.0,0.10094287644072963,2.56845829,2.37547304,19.99105302685305,31.001405178912066,50.540619244283555,66.2693378091969,56.28047481399846
2026-08-14T23:18:44.074535,11807055059.5,11801095869.0,11813014250.0,11918381.0,0.10094287644072963,2.56845829,2.37547304,19.99105302685305,31.001405178912066,50.540619244283555,66.2693378091969,56.28047481399846
2026-08-14T23:18:45.705249,11807022355.0,11801030460.0,11813014250.0,11983790.0,0.10149713991966097,2.56535611,2.37547304,11.103429084741775,25.425470891732065,48.04979689882942,66.20023239778179,56.241415138158104
2026-08-14T23:18:47.386808,11807022355.0,11801030460.0,11813014250.0,11983790.0,0.10149713991966097,2.56535611,2.37547304,11.103429084741775,25.425470891732065,48.04979689882942,66.20023239778179,56.241415138158104
2026-08-14T23:18:49.050319,11807022355.0,11801030460.0,11813014250.0,11983790.0,0.10149713991966097,2.56535611,2.37547304,11.103429084741775,25.425470891732065,48.04979689882942,66.20023239778179,56.241415138158104
2026-08-14T23:18:50.719170,11807022355.0,11801030460.0,11813014250.0,11983790.0,0.10149713991966097,2.55641129,2.37547304,9.785810531002735,11.628764915995573,40.7199318369301,65.93390255608418,56.11082835131093
2026-08-14T23:18:52.395928,11807022355.0,11801030460.0,11813014250.0,11983790.0,0.10149713991966097,2.56613375,2.37547304,16.088348707659705,27.15474191762514,48.753765208331906,66.22591206227868,56.25334044187574
2026-08-14T23:18:54.071907,11807022355.0,11801030460.0,11813014250.0,11983790.0,0.10149713991966097,2.56414866,2.3788696,12.177114698487019,22.743316554920483,45.126458350632944,65.97306933349276,56.1613596554427
2026-08-14T23:18:55.801876,11807022355.0,11801030460.0,11813014250.0,11983790.0,0.10149713991966097,2.56414866,2.3788696,12.177114698487019,22.743316554920483,45.126458350632944,65.97306933349276,56.1613596554427
2026-08-14T23:18:57.569976,11807022355.0,11801030460.0,11813014250.0,11983790.0,0.10149713991966097,2.56414866,2.3788696,12.177114698487019,22.743316554920483,45.126458350632944,65.97306933349276,56.1613596554427
2026-08-14T23:18:59.348318,11807022355.5,11801030461.0,11813014250.0,11983789.0,0.10149713144582688,2.56736034,2.3788696,21.288787364009494,28.540414614075743,48.001813820675224,66.08792374205095,56.213914473632165
2026-08-14T23:19:00.967131,11807022355.5,11801030461.0,11813014250.0,11983789.0,0.10149713144582688,2.56736034,2.3788696,21.288787364009494,28.540414614075743,48.001813820675224,66.08792374205095,56.213914473632165
2026-08-14T23:19:02.710792,11807022355.5,11801030461.0,11813014250.0,11983789.0,0.10149713144582688,2.56736034,2.3788696,21.288787364009494,28.540414614075743,48.001813820675224,66.08792374205095,56.213914473632165
2026-08-14T23:19:04.541958,11807022355.5,11801030461.0,11813014250.0,11983789.0,0.10149713144582688,2.56934553,2.37547304,23.490368893549217,32.618832835540765,51.4884265252649,66.34103467184998,56.305901040157465
2026-08-14T23:19:06.105495,11807022355.5,11801030461.0,11813014250.0,11983789.0,0.10149713144582688,2.56934553,2.37547304,23.490368893549217,32.618832835540765,51.4884265252649,66.34103467184998,56.305901040157465
2026-08-14T23:19:07.776110,11807022355.5,11801030461.0,11813014250.0,11983789.0,0.10149713144582688,2.56934553,2.37547304,23.490368893549217,32.618832835540765,51.4884265252649,66.34103467184998,56.305901040157465
2026-08-14T23:19:09.399607,11807022355.5,11801030461.0,11813014250.0,11983789.0,0.10149713144582688,2.5600893,2.37547304,18.373202342824158,19.551382906604946,44.36802384565445,66.05215320370182,56.16659637459893
2026-08-14T23:19:10.994764,11807131865.5,11801249481.0,11813014250.0,11764769.0,0.0996412095165653,2.56400851,2.3788696,22.918554477829392,24.267880261372373,44.506878651564804,65.83218439775432,56.120967948868206
2026-08-14T23:19:12.682628,11807131865.5,11801249481.0,11813014250.0,11764769.0,0.0996412095165653,2.56400851,2.3788696,22.918554477829392,24.267880261372373,44.506878651564804,65.83218439775432,56.120967948868206
2026-08-14T23:19:14.348445,11807131865.5,11801249481.0,11813014250.0,11764769.0,0.0996412095165653,2.56400851,2.3788696,22.918554477829392,24.267880261372373,44.506878651564804,65.83218439775432,56.120967948868206
2026-08-14T23:19:15.900559,11807131865.5,11801249481.0,11813014250.0,11764769.0,0.0996412095165653,2.56400851,2.3788696,22.918554477829392,24.267880261372373,44.506878651564804,65.83218439775432,56.120967948868206
2026-08-14T23:19:17.596146,11807131865.5,11801249481.0,11813014250.0,11764769.0,0.0996412095165653,2.56400851,2.3788696,22.918554477829392,24.267880261372373,44.506878651564804,65.83218439775432,56.120967948868206
2026-08-14T23:19:19.350179,11807022355.0,11801030460.0,11813014250.0,11983790.0,0.10149713991966097,2.56400702,2.37547304,23.690808794419944,25.894645601744415,47.54930080773302,66.16929347599499,56.22390956650285
2026-08-14T23:19:20.946188,11807022355.0,11801030460.0,11813014250.0,11983790.0,0.10149713991966097,2.56400702,2.37547304,23.690808794419944,25.894645601744415,47.54930080773302,66.16929347599499,56.22390956650285
2026-08-14T23:19:22.650114,11807022355.5,11801030461.0,11813014250.0,11983789.0,0.10149713144582688,2.56729353,2.37547304,30.809654058649816,31.721079695551214,50.45545373050347,66.28609714383475,56.277554493511374
2026-08-14T23:19:24.278296,11807047383.0,11801080516.0,11813014250.0,11933734.0,0.10107297457942284,2.56729353,2.3788696,30.547594091324466,30.04970070389777,48.11262609260432,66.05898632029773,56.20533368643197
2026-08-14T23:19:25.906978,11807047383.5,11801080517.0,11813014250.0,11933733.0,0.10107296610562468,2.56729351,2.3788696,30.602214098716544,30.06073369809045,48.11521067248113,66.05903725504032,56.20534543857454
2026-08-14T23:19:27.546838,11807047383.5,11801080517.0,11813014250.0,11933733.0,0.10107296610562468,2.55814172,2.37885847,16.12294459290674,15.026261930344159,40.27667662014393,65.7639626047518,56.06568220340179
2026-08-14T23:19:29.224000,11807047383.5,11801080517.0,11813014250.0,11933733.0,0.10107296610562468,2.56727108,2.37885847,27.914178815522522,29.514288603869716,47.984182874010465,66.05656948540054,56.204652288264334
2026-08-14T23:19:30.962174,11807047383.5,11801080517.0,11813014250.0,11933733.0,0.10107296610562468,2.56727108,2.37885847,27.914178815522522,29.514288603869716,47.984182874010465,66.05656948540054,56.204652288264334
2026-08-14T23:19:32.623089,11807047383.5,11801080517.0,11813014250.0,11933733.0,0.10107296610562468,2.56727108,2.37885847,27.914178815522522,29.514288603869716,47.984182874010465,66.05656948540054,56.204652288264334
2026-08-14T23:19:34.236414,11807047383.5,11801080517.0,11813014250.0,11933733.0,0.10107296610562468,2.56925619,2.37546191,30.574654873597034,33.691631557736265,51.518956573092225,66.31152335659874,56.296958671567445
2026-08-14T23:19:35.850863,11807047383.5,11801080517.0,11813014250.0,11933733.0,0.10107296610562468,2.57284871,2.37546191,36.52643104835454,38.43029078644346,54.03428669302915,66.42838790172236,56.35181344866842
2026-08-14T23:19:38.210702,11807047383.5,11801080517.0,11813014250.0,11933733.0,0.10107296610562468,2.57284871,2.37546191,36.52643104835454,38.43029078644346,54.03428669302915,66.42838790172236,56.35181344866842
2026-08-14T23:19:39.849181,11807022355.5,11801030461.0,11813014250.0,11983789.0,0.10149713144582688,2.56925621,2.37546191,30.737564207682222,33.73462738703632,51.689150061100875,66.34351666307131,56.30600198578548
2026-08-14T23:19:41.448162,11807022355.0,11801030460.0,11813014250.0,11983790.0,0.10149713991966097,2.56593174,2.37546191,23.521307193023723,28.200119848202792,48.90002228596228,66.22594154679292,56.25186463775839
2026-08-14T23:19:43.141114,11807022355.5,11801030461.0,11813014250.0,11983789.0,0.10149713144582688,2.5692946,2.37546191,30.80284787536331,33.785660488082165,51.71550127075905,66.3446881372505,56.30656874999676
2026-08-14T23:19:44.850064,11807022355.5,11801030461.0,11813014250.0,11983789.0,0.10149713144582688,2.56731083,2.37885847,28.16682398553984,29.707339183844812,48.25923515506295,66.09299611877627,56.21475036350334
2026-08-14T23:19:46.433147,11807022355.5,11801030461.0,11813014250.0,11983789.0,0.10149713144582688,2.56731083,2.37885847,28.16682398553984,29.707339183844812,48.25923515506295,66.09299611877627,56.21475036350334
2026-08-14T23:19:48.250801,11807022355.5,11801030461.0,11813014250.0,11983789.0,0.10149713144582688,2.57122743,2.37885847,34.68300764027104,34.77341370232991,50.948963596934064,66.21284106138076,56.27259069023799
2026-08-14T23:19:49.950128,11807022355.5,11801030461.0,11813014250.0,11983789.0,0.10149713144582688,2.56213603,2.37885847,24.892055414424938,22.47133504783848,44.15123866767442,65.9237721906211,56.1345698814798
2026-08-14T23:19:51.536091,11807022355.5,11801030461.0,11813014250.0,11983789.0,0.10149713144582688,2.57114697,2.37885847,36.59758169745689,35.086019830272015,50.99533648959261,66.21257764892263,56.271919854001226
2026-08-14T23:19:53.347988,11807022355.5,11801030461.0,11813014250.0,11983789.0,0.10149713144582688,2.57114697,2.37885847,36.59758169745689,35.086019830272015,50.99533648959261,66.21257764892263,56.271919854001226
2026-08-14T23:19:55.050165,11807022355.5,11801030461.0,11813014250.0,11983789.0,0.10149713144582688,2.57312949,2.37737595,38.645246095411295,37.858500146920136,53.070832755793894,66.3540110386363,56.328060224683
2026-08-14T23:19:56.647310,11807022355.5,11801030461.0,11813014250.0,11983789.0,0.10149713144582688,2.57312949,2.37546191,38.65985221082669,38.89969505323752,54.30120831429461,66.46336951680705,56.36360944700984
2026-08-14T23:19:58.364097,11807022355.5,11801030461.0,11813014250.0,11983789.0,0.10149713144582688,2.57312949,2.37546191,38.65985221082669,38.89969505323752,54.30120831429461,66.46336951680705,56.36360944700984
2026-08-14T23:20:00.051819,11807022355.5,11801030461.0,11813014250.0,11983789.0,0.10149713144582688,2.57312949,2.37546191,38.65985221082669,38.89969505323752,54.30120831429461,66.46336951680705,56.36360944700984
2026-08-14T23:20:01.670126,11807022355.5,11801030461.0,11813014250.0,11983789.0,0.10149713144582688,2.56921289,2.37546191,32.94593560015569,34.12494813100851,51.76086448484435,66.34427888770938,56.305862733826714
2026-08-14T23:20:03.243973,11807022355.0,11801030460.0,11813014250.0,11983790.0,0.10149713991966097,2.55641006,2.37546191,9.739857365685534,11.61889120207884,40.72312126145853,65.93444253642797,56.11100552200994
2026-08-14T23:20:04.846626,11807022355.5,11801030461.0,11813014250.0,11983789.0,0.10149713144582688,2.55807708,2.37858508,15.444362518629735,15.032489086675685,40.73581787089111,65.81664507763298,56.079851457870944
2026-08-14T23:20:06.410780,11807022355.5,11801030461.0,11813014250.0,11983789.0,0.10149713144582688,2.56704587,2.37858508,29.249970659153433,29.938359402544624,48.39287158718899,66.10560145832166,56.21680774117891
2026-08-14T23:20:08.052923,11807022355.5,11801030461.0,11813014250.0,11983789.0,0.10149713144582688,2.55807708,2.37858508,15.444362518629735,15.032489086675685,40.73581787089111,65.81664507763298,56.079851457870944
2026-08-14T23:20:10.744700,11807022355.0,11801030460.0,11813014250.0,11983790.0,0.10149713991966097,2.56398926,2.37870321,25.355100751978526,25.081930621795063,45.70954681596566,65.9909288004778,56.16487653325882
2026-08-14T23:20:12.419651,11807022355.5,11801030461.0,11813014250.0,11983789.0,0.10149713144582688,2.56746948,2.37870321,32.470811543947,30.97599506483745,48.73957968922263,66.11397374839635,56.22140153327513
2026-08-14T23:20:14.068030,11807022355.5,11801030461.0,11813014250.0,11983789.0,0.10149713144582688,2.56746948,2.37870321,32.470811543947,30.97599506483745,48.73957968922263,66.11397374839635,56.22140153327513
2026-08-14T23:20:15.694913,11807022355.5,11801030461.0,11813014250.0,11983789.0,0.10149713144582688,2.5698924,2.37585344,35.569000489507516,35.13455019008794,52.040882683275925,66.34415093014546,56.30900101945202
2026-08-14T23:20:17.346591,11807022355.5,11801030461.0,11813014250.0,11983789.0,0.10149713144582688,2.5698924,2.37585344,35.569000489507516,35.13455019008794,52.040882683275925,66.34415093014546,56.30900101945202
2026-08-14T23:20:19.050053,11807022355.5,11801030461.0,11813014250.0,11983789.0,0.10149713144582688,2.5698924,2.37585344,35.569000489507516,35.13455019008794,52.040882683275925,66.34415093014546,56.30900101945202
2026-08-14T23:20:20.679169,11807022355.5,11801030461.0,11813014250.0,11983789.0,0.10149713144582688,2.57360181,2.37585344,40.583789806955195,39.50165319070394,54.40266568878971,66.45684986677402,56.36367266748249
2026-08-14T23:20:22.392917,11807022355.5,11801030461.0,11813014250.0,11983789.0,0.10149713144582688,2.56993231,2.37585344,35.627455979738585,35.184889016502424,52.0675946983819,66.345367501858,56.3095899674971
2026-08-14T23:20:23.975026,11807022355.5,11801030461.0,11813014250.0,11983789.0,0.10149713144582688,2.56993231,2.37585344,35.627455979738585,35.184889016502424,52.0675946983819,66.345367501858,56.3095899674971
2026-08-14T23:20:25.671115,11807049834.0,11801085418.0,11813014250.0,11928832.0,0.10103143602942465,2.57129897,2.3787032,38.317697968045536,35.77966397899463,51.17537932103846,66.19683304523653,56.268907483217625
2026-08-14T23:20:27.350010,11807049834.0,11801085418.0,11813014250.0,11928832.0,0.10103143602942465,2.56751079,2.3787032,32.547036460470416,30.7563544131612,48.4287390961965,66.07333874753903,56.21108791016888
2026-08-14T23:20:28.968255,11807049834.0,11801085418.0,11813014250.0,11928832.0,0.10103143602942465,2.56751079,2.3787032,32.547036460470416,30.7563544131612,48.4287390961965,66.07333874753903,56.21108791016888
2026-08-14T23:20:30.639733,11807049834.0,11801085418.0,11813014250.0,11928832.0,0.10103143602942465,2.56223335,2.3787032,25.07697059459631,22.618905869556116,44.03653082222048,65.89686914668965,56.128455198682516
2026-08-14T23:20:32.349724,11807049834.0,11801085418.0,11813014250.0,11928832.0,0.10103143602942465,2.57089721,2.3787032,30.627139770222765,33.660497327546715,50.42370935460715,66.16981577478803,56.25940403145805
2026-08-14T23:20:34.149997,11807049834.0,11801085418.0,11813014250.0,11928832.0,0.10103143602942465,2.56686208,2.3787032,23.164018871573607,28.272763515915866,47.58630131347544,66.0460633579421,56.199775433063635
2026-08-14T23:20:35.858568,11807049834.0,11801085418.0,11813014250.0,11928832.0,0.10103143602942465,2.56928198,2.37585344,26.66756086555987,32.807216026176924,51.099264702931094,66.28335256210705,56.28837821695718
2026-08-14T23:20:37.652068,11807022355.0,11801030460.0,11813014250.0,11983790.0,0.10149713991966097,2.56572153,2.37585344,18.22902558686095,26.843632842586445,48.297713445131706,66.1935876326227,56.2406721923636
2026-08-14T23:20:39.448086,11807022355.0,11801030460.0,11813014250.0,11983790.0,0.10149713991966097,2.56572153,2.37585344,18.22902558686095,26.843632842586445,48.297713445131706,66.1935876326227,56.2406721923636
2026-08-14T23:20:41.085651,11807022355.0,11801030460.0,11813014250.0,11983790.0,0.10149713991966097,2.56572153,2.37585344,18.22902558686095,26.843632842586445,48.297713445131706,66.1935876326227,56.2406721923636
2026-08-14T23:20:42.754694,11807022355.0,11801030460.0,11813014250.0,11983790.0,0.10149713991966097,2.56572153,2.37585344,18.22902558686095,26.843632842586445,48.297713445131706,66.1935876326227,56.2406721923636
2026-08-14T23:20:44.481392,11807022355.0,11801030460.0,11813014250.0,11983790.0,0.10149713991966097,2.36452727,2.37701882,20.944212965949337,28.637957965003586,48.68434674909605,66.16949754457224,54.71731193027707
2026-08-14T23:20:46.245849,11807022355.5,11801030461.0,11813014250.0,11983789.0,0.10149713144582688,2.56690439,2.3787032,23.378936086562014,28.46799843980396,47.88176659499492,66.08557797431814,56.21077808241287
2026-08-14T23:20:47.893520,11807022355.5,11801030461.0,11813014250.0,11983789.0,0.10149713144582688,2.56690439,2.3787032,23.378936086562014,28.46799843980396,47.88176659499492,66.08557797431814,56.21077808241287
2026-08-14T23:20:49.547867,11807022355.5,11801030461.0,11813014250.0,11983789.0,0.10149713144582688,2.56239779,2.3787032,25.439962192994976,22.972924326683692,44.45615154421116,65.94026754996125,56.14126628548092
2026-08-14T23:20:51.345929,11807022355.5,11801030461.0,11813014250.0,11983789.0,0.10149713144582688,2.57098727,2.3787032,31.580167040338292,34.02974697484055,50.75319537381604,66.21114423158214,56.271218276673906
2026-08-14T23:20:53.020489,11807022355.5,11801030461.0,11813014250.0,11983789.0,0.10149713144582688,2.57098727,2.3787032,31.580167040338292,34.02974697484055,50.75319537381604,66.21114423158214,56.271218276673906
2026-08-14T23:20:54.745345,11807022355.0,11801030460.0,11813014250.0,11983790.0,0.10149713991966097,2.56564562,2.37585344,18.93865124815668,26.861229899365174,48.264655158077765,66.19160672421225,56.2396519217207
2026-08-14T23:20:56.475606,11807022355.0,11801030460.0,11813014250.0,11983790.0,0.10149713991966097,2.56564562,2.37585344,18.93865124815668,26.861229899365174,48.264655158077765,66.19160672421225,56.2396519217207
2026-08-14T23:20:58.118675,11807022355.0,11801030460.0,11813014250.0,11983790.0,0.10149713991966097,2.56564562,2.37585344,18.93865124815668,26.861229899365174,48.264655158077765,66.19160672421225,56.2396519217207
2026-08-14T23:20:59.804387,11807022355.0,11801030460.0,11813014250.0,11983790.0,0.10149713991966097,2.56564562,2.37585344,18.93865124815668,26.861229899365174,48.264655158077765,66.19160672421225,56.2396519217207
2026-08-14T23:21:01.389652,11807022355.0,11801030460.0,11813014250.0,11983790.0,0.10149713991966097,2.56564562,2.37585344,18.93865124815668,26.861229899365174,48.264655158077765,66.19160672421225,56.2396519217207
2026-08-14T23:21:03.022965,11807022355.0,11801030460.0,11813014250.0,11983790.0,0.10149713991966097,2.56564562,2.37585344,18.93865124815668,26.861229899365174,48.264655158077765,66.19160672421225,56.2396519217207
2026-08-14T23:21:04.747545,11807022355.0,11801030460.0,11813014250.0,11983790.0,0.10149713991966097,2.56323039,2.3787032,14.470654568789787,22.000780104059707,44.635307506969596,65.95716395366618,56.15152125565673
2026-08-14T23:21:06.449585,11807022355.5,11801030461.0,11813014250.0,11983789.0,0.10149713144582688,2.56691415,2.3787032,24.101320064209197,28.614199322280243,47.9226077456735,66.08668845373606,56.211090262242806
2026-08-14T23:21:08.180978,11807022355.5,11801030461.0,11813014250.0,11983789.0,0.10149713144582688,2.56691415,2.3787032,24.101320064209197,28.614199322280243,47.9226077456735,66.08668845373606,56.211090262242806
2026-08-14T23:21:09.849350,11807022355.5,11801030461.0,11813014250.0,11983789.0,0.10149713144582688,2.55832467,2.3787032,16.463420210132373,15.477229828476474,40.82660562347779,65.81380117607914,56.080779892025845
2026-08-14T23:21:11.548045,11807022356.0,11801030462.0,11813014250.0,11983788.0,0.10149712297199279,2.56712206,2.3787032,34.474281161966935,30.869607476374068,48.52838043394049,66.10215060803269,56.21629328799717
2026-08-14T23:21:13.175860,11807022356.0,11801030462.0,11813014250.0,11983788.0,0.10149712297199279,2.56712206,2.37858507,34.568826601166386,30.94108436657527,48.60863617496308,66.10922402770201,56.218536354642104
2026-08-14T23:21:14.849353,11807022356.5,11801030463.0,11813014250.0,11983787.0,0.1014971144981587,2.57352953,2.37573531,42.64238148018063,40.166111132443774,54.688962028936125,66.4714964206396,56.367266812899345
2026-08-14T23:21:16.547591,11807022357.0,11801030464.0,11813014250.0,11983786.0,0.1014971060243246,2.56929898,2.37573531,36.895278776238605,34.916503610594575,51.83398565507237,66.33544118134701,56.303028322552876
2026-08-14T23:21:18.193672,11807022357.0,11801030464.0,11813014250.0,11983786.0,0.1014971060243246,2.56557327,2.37573531,30.27882264818477,29.018162728605905,48.77720414347374,66.20555964662437,56.24295580737564
2026-08-14T23:21:19.854263,11807022357.0,11801030464.0,11813014250.0,11983786.0,0.1014971060243246,2.56557327,2.37573531,30.27882264818477,29.018162728605905,48.77720414347374,66.20555964662437,56.24295580737564
2026-08-14T23:21:21.485979,11807022357.5,11801030465.0,11813014250.0,11983785.0,0.10149709755049052,2.56692915,2.37858507,34.27352283372343,30.6686227447659,48.46289766487107,66.10299887677698,56.21563854688443
2026-08-14T23:21:23.167959,11807022355.0,11801030460.0,11813014250.0,11983790.0,0.10149713991966097,2.55548457,2.37858507,7.96545597238163,9.019167583954967,37.95144312372837,65.72862620442764,56.039631297804625
2026-08-14T23:21:24.873171,11807022358.0,11801030466.0,11813014250.0,11983784.0,0.10149708907665643,2.56501312,2.37858507,29.93818086074434,27.104130476529885,46.62317968455188,66.02781390481357,56.182192090911386
2026-08-14T23:21:27.756814,11807022355.0,11801030460.0,11813014250.0,11983790.0,0.10149713991966097,2.55578319,2.37858507,8.851661713509678,10.748597632118464,38.8133932865607,65.75586653741703,56.04985696459535
2026-08-14T23:21:29.557066,11807022355.0,11801030460.0,11813014250.0,11983790.0,0.10149713991966097,2.5663209,2.37573531,28.8892787405082,29.57270865778509,49.21835376676635,66.22613024085192,56.25345295918384
2026-08-14T23:21:31.248195,11807022355.5,11801030461.0,11813014250.0,11983789.0,0.10149713144582688,2.57013177,2.37573531,35.88521364591119,35.49057714289244,52.28112953802378,66.35844852712111,56.31475305090363
2026-08-14T23:21:32.946177,11807022355.5,11801030461.0,11813014250.0,11983789.0,0.10149713144582688,2.56086397,2.37573531,21.068230732981846,21.07140737141739,44.89367779234936,66.06018246101132,56.17313630749907
2026-08-14T23:21:34.565640,11807060521.5,11801106793.0,11813014250.0,11907457.0,0.10085030883272923,2.36891752,2.38000978,26.188148889825047,32.47999014144559,49.45940033591508,66.0754507646396,54.71484356741255
2026-08-14T23:21:36.209938,11807060521.5,11801106793.0,11813014250.0,11907457.0,0.10085030883272923,2.56753788,2.37858507,20.61338944101492,28.620517748738,47.93302752357538,66.05711758173408,56.20743166712978
2026-08-14T23:21:37.923399,11807060521.5,11801106793.0,11813014250.0,11907457.0,0.10085030883272923,2.56753788,2.37858507,20.61338944101492,28.620517748738,47.93302752357538,66.05711758173408,56.20743166712978
2026-08-14T23:21:39.713912,11807060521.5,11801106793.0,11813014250.0,11907457.0,0.10085030883272923,2.56741975,2.37858507,20.35339181531815,28.45071498846965,47.8459522850259,66.0534831392896,56.20568408947083
2026-08-14T23:21:41.396845,11807060521.5,11801106793.0,11813014250.0,11907457.0,0.10085030883272923,2.56741975,2.37858507,20.35339181531815,28.45071498846965,47.8459522850259,66.0534831392896,56.20568408947083
2026-08-14T23:21:42.987481,11807060521.5,11801106793.0,11813014250.0,11907457.0,0.10085030883272923,2.56360888,2.37858507,9.659966325203326,21.64722271331459,44.44879105231067,65.91994390998799,56.14423844537303
2026-08-14T23:21:44.548819,11805622796.5,11801106793.0,11810138800.0,9032007.0,0.07650597647993386,2.36262779,2.38037505,19.926391030409153,23.88901201875089,54.38955950906779,67.6742154933968,55.12414323911271
2026-08-14T23:21:46.328623,11805584630.0,11801030460.0,11810138800.0,9108340.0,0.07715280763693953,2.56393562,2.37574712,15.130164699175205,23.014883833493954,56.63908502909736,67.95278984293655,56.73213986387968
2026-08-14T23:21:49.622131,11805584630.0,11801030460.0,11810138800.0,9108340.0,0.07715280763693953,2.56393562,2.37574712,15.130164699175205,23.014883833493954,56.63908502909736,67.95278984293655,56.73213986387968
2026-08-14T23:21:51.250272,11805584630.0,11801030460.0,11810138800.0,9108340.0,0.07715280763693953,2.56393562,2.37574712,15.130164699175205,23.014883833493954,56.63908502909736,67.95278984293655,56.73213986387968
2026-08-14T23:21:52.949226,11805584630.0,11801030460.0,11810138800.0,9108340.0,0.07715280763693953,2.56393562,2.37574712,15.130164699175205,23.014883833493954,56.63908502909736,67.95278984293655,56.73213986387968
2026-08-14T23:21:54.529088,11805586187.5,11801030460.0,11810141915.0,9111455.0,0.07717918327213093,2.55442353,2.37858507,0.9290824664906389,3.7689151608439935,48.92601199069221,67.5038805065209,56.5383517981782
2026-08-14T23:21:56.249610,11805586187.5,11801030460.0,11810141915.0,9111455.0,0.07717918327213093,2.57790878,2.37858507,9.00784743759134,29.819869570949493,59.80028678914409,68.13661538135325,56.871925049385894
2026-08-14T23:21:57.890886,11805586187.5,11801030460.0,11810141915.0,9111455.0,0.07717918327213093,2.56410417,2.37858507,9.00784743759134,21.027715260082672,54.60137980159415,67.77854893713581,56.67882138143797
2026-08-14T23:21:59.438764,11805586187.5,11801030460.0,11810141915.0,9111455.0,0.07717918327213093,2.56410417,2.37858507,9.00784743759134,21.027715260082672,54.60137980159415,67.77854893713581,56.67882138143797
2026-08-14T23:22:01.082505,11805586187.5,11801030460.0,11810141915.0,9111455.0,0.07717918327213093,2.56410417,2.37858507,9.00784743759134,21.027715260082672,54.60137980159415,67.77854893713581,56.67882138143797
2026-08-14T23:22:02.661867,11805586187.5,11801030460.0,11810141915.0,9111455.0,0.07717918327213093,2.56410417,2.37858507,9.00784743759134,21.027715260082672,54.60137980159415,67.77854893713581,56.67882138143797
2026-08-14T23:22:04.339748,11805586187.5,11801030460.0,11810141915.0,9111455.0,0.07717918327213093,2.56410417,2.37858507,9.00784743759134,21.027715260082672,54.60137980159415,67.77854893713581,56.67882138143797
2026-08-14T23:22:06.029477,11806174981.0,11801030460.0,11811319502.0,10289042.0,0.08714966546369536,2.55385266,2.37625205,0.8370738231482764,3.0718373500648575,44.67301579311027,66.8758048959128,56.359281209150765
2026-08-14T23:22:07.659938,11805584630.0,11801030460.0,11810138800.0,9108340.0,0.07715280763693953,2.57760563,2.37574712,16.069243066243438,32.90793235570532,61.84532433534253,68.31038457220299,56.92433086681239
2026-08-14T23:22:09.252848,11805584630.5,11801030461.0,11810138800.0,9108339.0,0.07715279916310452,2.56772004,2.37574712,29.47254009200057,30.77572913746252,58.99276697574428,68.07899906341609,56.79294225169495
2026-08-14T23:22:10.853626,11805584630.5,11801030461.0,11810138800.0,9108339.0,0.07715279916310452,2.57217685,2.37574712,39.22976792172101,37.17203006455369,61.15246718599804,68.2080358798444,56.858323751636334
2026-08-14T23:22:12.521906,11805584630.0,11801030460.0,11810138800.0,9108340.0,0.07715280763693953,2.56825906,2.37574712,29.533469705118133,30.813659990880222,59.005042945458264,68.07969736181286,56.79592629257464
2026-08-14T23:22:14.173846,11805584630.0,11801030460.0,11810138800.0,9108340.0,0.07715280763693953,2.56825906,2.37574712,29.533469705118133,30.813659990880222,59.005042945458264,68.07969736181286,56.79592629257464
2026-08-14T23:22:15.752414,11807022355.0,11801030460.0,11813014250.0,11983790.0,0.10149713991966097,2.56235091,2.37328902,7.486863463408235,21.318100316083445,47.21318166658519,66.2516752334917,56.242738718188775
2026-08-14T23:22:17.346521,11805158425.0,11801030460.0,11809286390.0,8255930.0,0.06993493609129604,2.56380232,2.37679915,18.456400336769104,23.031415772966138,58.54239743324712,68.41920103492926,56.864027664817705
2026-08-14T23:22:19.260934,11805158425.0,11801030460.0,11809286390.0,8255930.0,0.06993493609129604,2.56380232,2.37679915,18.456400336769104,23.031415772966138,58.54239743324712,68.41920103492926,56.864027664817705
2026-08-14T23:22:20.835928,11805158425.0,11801030460.0,11809286390.0,8255930.0,0.06993493609129604,2.56380232,2.37679915,18.456400336769104,23.031415772966138,58.54239743324712,68.41920103492926,56.864027664817705
2026-08-14T23:22:22.427939,11805158425.5,11801030461.0,11809286390.0,8255929.0,0.0699349276174608,2.5721333,2.37679915,41.11362746758477,37.2341472067108,62.70951995694619,68.67846198770725,56.992690960347794
2026-08-14T23:22:24.045817,11805158425.5,11801030461.0,11809286390.0,8255929.0,0.0699349276174608,2.5721333,2.37679915,41.11362746758477,37.2341472067108,62.70951995694619,68.67846198770725,56.992690960347794
2026-08-14T23:22:25.629011,11805158425.5,11801030461.0,11809286390.0,8255929.0,0.0699349276174608,2.5721333,2.37679915,41.11362746758477,37.2341472067108,62.70951995694619,68.67846198770725,56.992690960347794
2026-08-14T23:22:27.303333,11805497193.5,11801030461.0,11809963926.0,8933465.0,0.07567207762260691,2.5698151,2.37753304,28.871834439184752,30.90101717678949,58.98801950514784,68.13082534759107,56.81876562077919
2026-08-14T23:22:28.919576,11805497193.5,11801030461.0,11809963926.0,8933465.0,0.07567207762260691,2.56086541,2.37754413,18.73785621278124,16.91397869442488,54.268101284798064,67.86505529420543,56.684641373159685
2026-08-14T23:22:30.581555,11805497193.5,11801030461.0,11809963926.0,8933465.0,0.07567207762260691,2.56968114,2.37754413,28.936214783895686,30.764833488558903,58.92602770519477,68.12658574434369,56.81666475962718
2026-08-14T23:22:32.233552,11805497193.5,11801030461.0,11809963926.0,8933465.0,0.07567207762260691,2.56968114,2.37754413,28.936214783895686,30.764833488558903,58.92602770519477,68.12658574434369,56.81666475962718
2026-08-14T23:22:33.786510,11805497193.5,11801030461.0,11809963926.0,8933465.0,0.07567207762260691,2.56968114,2.37754413,28.936214783895686,30.764833488558903,58.92602770519477,68.12658574434369,56.81666475962718
2026-08-14T23:22:35.338545,11805497193.5,11801030461.0,11809963926.0,8933465.0,0.07567207762260691,2.57427285,2.37754413,38.647481121757885,37.05227259679789,61.05259567349929,68.25892287124951,56.88392674329834
2026-08-14T23:22:36.924210,11805444136.0,11801030461.0,11809857811.0,8827350.0,0.07477355276352138,2.5722951,2.37681024,39.86018096592805,37.10183726416825,61.27128707142207,68.32281864506648,56.89063366164092
2026-08-14T23:22:38.456808,11805444136.0,11801030461.0,11809857811.0,8827350.0,0.07477355276352138,2.56774881,2.37681024,30.14218460138994,30.70926825549837,59.140257734108324,68.19176330687303,56.823976343238556
2026-08-14T23:22:40.009889,11805444136.0,11801030461.0,11809857811.0,8827350.0,0.07477355276352138,2.56774881,2.37681024,30.14218460138994,30.70926825549837,59.140257734108324,68.19176330687303,56.823976343238556
2026-08-14T23:22:41.584144,11805444135.5,11801030460.0,11809857811.0,8827351.0,0.07477356123735647,2.56367212,2.37681024,16.51746932214523,22.7830225228192,56.735890011392854,68.05829395007991,56.75908479083508
2026-08-14T23:22:43.243788,11805444135.5,11801030460.0,11809857811.0,8827351.0,0.07477356123735647,2.56367212,2.37681024,16.51746932214523,22.7830225228192,56.735890011392854,68.05829395007991,56.75908479083508
2026-08-14T23:22:44.788474,11805444135.5,11801030460.0,11809857811.0,8827351.0,0.07477356123735647,2.56367212,2.37681024,16.51746932214523,22.7830225228192,56.735890011392854,68.05829395007991,56.75908479083508
2026-08-14T23:22:46.404783,11805586447.0,11801030461.0,11810142433.0,9111972.0,0.07718356085830456,2.56779083,2.37754413,28.455606919225673,29.781619391167386,57.75688903709276,67.968745983651,56.75885409724772
2026-08-14T23:22:48.003889,11805586447.0,11801030461.0,11810142433.0,9111972.0,0.07718356085830456,2.56779083,2.37754413,28.455606919225673,29.781619391167386,57.75688903709276,67.968745983651,56.75885409724772
2026-08-14T23:22:49.564803,11805586447.0,11801030461.0,11810142433.0,9111972.0,0.07718356085830456,2.5589751,2.37754413,18.631178364674724,15.62074808808444,52.83103937499681,67.7055939366633,56.626622842818165
2026-08-14T23:22:51.161777,11805586446.5,11801030460.0,11810142433.0,9111973.0,0.07718356933213957,2.55442353,2.37754413,0.9687528138815423,3.881400334481777,49.65186911056259,67.56772943191079,56.55827336139802
2026-08-14T23:22:52.703621,11805586446.5,11801030460.0,11810142433.0,9111973.0,0.07718356933213957,2.57807478,2.37754413,15.053648134268943,31.66354819474797,60.70281262279751,68.20860962345711,56.895241613792734
2026-08-14T23:22:54.347246,11805586446.5,11801030460.0,11810142433.0,9111973.0,0.07718356933213957,2.56427066,2.37754413,15.053648134268943,22.6286997850181,55.522907278387365,67.84962316712604,56.701826138523934
2026-08-14T23:22:55.971535,11805586446.5,11801030460.0,11810142433.0,9111973.0,0.07718356933213957,2.55385266,2.37830861,0.921010781061078,3.2222607780574988,48.67982569235707,67.49843888005573,56.5327626621426
2026-08-14T23:22:57.546483,11805588688.0,11801030460.0,11810146916.0,9116456.0,0.07722152821795819,2.5779326,2.37681024,15.259512991951501,31.995442222092723,61.13706620745501,68.24684566310287,56.90651633567231
2026-08-14T23:22:59.141926,11805588688.0,11801030460.0,11810146916.0,9116456.0,0.07722152821795819,2.56412852,2.37681024,15.259512991951501,22.793861557744325,55.952235083852045,67.88789656246429,56.71306806001796
2026-08-14T23:23:00.682571,11805588688.0,11801030460.0,11810146916.0,9116456.0,0.07722152821795819,2.56412852,2.37681024,15.259512991951501,22.793861557744325,55.952235083852045,67.88789656246429,56.71306806001796
2026-08-14T23:23:02.228254,11805588688.0,11801030460.0,11810146916.0,9116456.0,0.07722152821795819,2.56412852,2.37681024,15.259512991951501,22.793861557744325,55.952235083852045,67.88789656246429,56.71306806001796
2026-08-14T23:23:04.852887,11805588688.5,11801030461.0,11810146916.0,9116455.0,0.07722151974412318,2.56834418,2.37681024,29.103556130032764,30.85285948295947,58.5012766703228,68.02603207928033,56.78002533809517
2026-08-14T23:23:06.543239,11805584663.0,11801030461.0,11810138865.0,9108404.0,0.07715334953758571,2.57032571,2.37754413,28.504471331232285,31.004957886034703,58.64658273742938,68.03360512076011,56.79398152363711
2026-08-14T23:23:08.163538,11805584663.0,11801030461.0,11810138865.0,9108404.0,0.07715334953758571,2.57032571,2.37754413,28.504471331232285,31.004957886034703,58.64658273742938,68.03360512076011,56.79398152363711
2026-08-14T23:23:09.736616,11805584663.0,11801030461.0,11810138865.0,9108404.0,0.07715334953758571,2.57032571,2.37754413,28.504471331232285,31.004957886034703,58.64658273742938,68.03360512076011,56.79398152363711
2026-08-14T23:23:11.360834,11805584663.0,11801030461.0,11810138865.0,9108404.0,0.07715334953758571,2.57032571,2.37754413,28.504471331232285,31.004957886034703,58.64658273742938,68.03360512076011,56.79398152363711
2026-08-14T23:23:12.932731,11805584630.5,11801030461.0,11810138800.0,9108339.0,0.07715279916310452,2.57312647,2.37681024,39.18029468004155,37.462806662561235,60.817323979031755,68.1695432553973,56.85161968496146
2026-08-14T23:23:14.545633,11805584630.5,11801030461.0,11810138800.0,9108339.0,0.07715279916310452,2.57312647,2.37681024,39.18029468004155,37.462806662561235,60.817323979031755,68.1695432553973,56.85161968496146
2026-08-14T23:23:16.111609,11805584630.5,11801030461.0,11810138800.0,9108339.0,0.07715279916310452,2.57312647,2.37681024,39.18029468004155,37.462806662561235,60.817323979031755,68.1695432553973,56.85161968496146
2026-08-14T23:23:17.644798,11805584630.5,11801030461.0,11810138800.0,9108339.0,0.07715279916310452,2.55911983,2.37681024,19.55702155644795,16.241996650062624,53.4610656093245,67.75737160987771,56.64353070390364
2026-08-14T23:23:19.243023,11805584630.5,11801030461.0,11810138800.0,9108339.0,0.07715279916310452,2.36925191,2.38131619,27.129975879649244,29.47442244029383,56.48044225911748,67.82113365593922,55.216744775946225
2026-08-14T23:23:20.865557,11805600482.0,11801030461.0,11810170503.0,9140042.0,0.07742123760613298,2.57055755,2.37754413,30.108519421341274,31.477015276689528,58.692360478622206,68.02125415513486,56.79184919834805
2026-08-14T23:23:23.476581,11805600481.5,11801030460.0,11810170503.0,9140043.0,0.07742124607996798,2.5662946,2.37754413,17.073290469041847,23.68704011629213,56.198044705961436,67.88204742704026,56.724280777920754
2026-08-14T23:23:25.064090,11805600481.5,11801030460.0,11810170503.0,9140043.0,0.07742124607996798,2.5662946,2.37754413,17.073290469041847,23.68704011629213,56.198044705961436,67.88204742704026,56.724280777920754
2026-08-14T23:23:26.643667,11805497193.0,11801030461.0,11809963925.0,8933464.0,0.07567206915518175,2.56862805,2.37681024,31.72844297403247,31.836603301641553,59.245719945663375,68.15040107017371,56.817619425499664
2026-08-14T23:23:28.266383,11805497193.0,11801030461.0,11809963925.0,8933464.0,0.07567206915518175,2.56862805,2.37681024,31.72844297403247,31.836603301641553,59.245719945663375,68.15040107017371,56.817619425499664
2026-08-14T23:23:29.832954,11805497193.0,11801030461.0,11809963925.0,8933464.0,0.07567206915518175,2.56862805,2.37681024,31.72844297403247,31.836603301641553,59.245719945663375,68.15040107017371,56.817619425499664
2026-08-14T23:23:31.432210,11805497193.0,11801030461.0,11809963925.0,8933464.0,0.07567206915518175,2.56862805,2.37681024,31.72844297403247,31.836603301641553,59.245719945663375,68.15040107017371,56.817619425499664
2026-08-14T23:23:32.974122,11805497193.0,11801030461.0,11809963925.0,8933464.0,0.07567206915518175,2.57350194,2.37681024,41.47875641262237,38.411376271872186,61.5065388495949,68.29091586963601,56.88904596780701
2026-08-14T23:23:34.599591,11805702116.0,11801030461.0,11810373771.0,9343310.0,0.07914234924949719,2.57065757,2.37754413,29.519678513812252,31.052635596565377,58.07832889003445,67.89542774490876,56.756256818048925
2026-08-14T23:23:36.182483,11805702116.0,11801030461.0,11810373771.0,9343310.0,0.07914234924949719,2.57065757,2.37754413,29.519678513812252,31.052635596565377,58.07832889003445,67.89542774490876,56.756256818048925
2026-08-14T23:23:37.760008,11805702116.0,11801030461.0,11810373771.0,9343310.0,0.07914234924949719,2.57065757,2.37754413,29.519678513812252,31.052635596565377,58.07832889003445,67.89542774490876,56.756256818048925
2026-08-14T23:23:39.356920,11805702116.0,11801030461.0,11810373771.0,9343310.0,0.07914234924949719,2.56119274,2.37754413,18.843379189591573,16.24480599030817,52.84505676054708,67.61319668490336,56.614632328749934
2026-08-14T23:23:40.964710,11805608297.0,11801030461.0,11810186133.0,9155672.0,0.07755358105796724,2.56849025,2.37681024,30.731253760042925,31.263482101417495,58.491470021232715,68.00667269525029,56.77532935995649
2026-08-14T23:23:42.520253,11805608297.0,11801030461.0,11810186133.0,9155672.0,0.07755358105796724,2.56849025,2.37681024,30.731253760042925,31.263482101417495,58.491470021232715,68.00667269525029,56.77532935995649
2026-08-14T23:23:44.054257,11805608296.5,11801030460.0,11810186133.0,9155673.0,0.07755358953180223,2.56413138,2.37681024,17.193714974240873,23.049402429091455,55.86092979130088,67.86427968325943,56.70626341979752
2026-08-14T23:23:45.638182,11805608296.5,11801030460.0,11810186133.0,9155673.0,0.07755358953180223,2.56413138,2.37681024,17.193714974240873,23.049402429091455,55.86092979130088,67.86427968325943,56.70626341979752
2026-08-14T23:23:47.264648,11805585560.0,11801030461.0,11810140659.0,9110198.0,0.07716853987207052,2.56853384,2.37754413,30.375962078415814,30.940031533197953,58.146446320466374,67.99161459730401,56.770123133765956
2026-08-14T23:23:48.847324,11805585560.0,11801030461.0,11810140659.0,9110198.0,0.07716853987207052,2.56853384,2.37754413,30.375962078415814,30.940031533197953,58.146446320466374,67.99161459730401,56.770123133765956
2026-08-14T23:23:50.471191,11805585560.0,11801030461.0,11810140659.0,9110198.0,0.07716853987207052,2.56853384,2.37754413,30.375962078415814,30.940031533197953,58.146446320466374,67.99161459730401,56.770123133765956
2026-08-14T23:23:52.136734,11805585560.0,11801030461.0,11810140659.0,9110198.0,0.07716853987207052,2.56853384,2.37754413,30.375962078415814,30.940031533197953,58.146446320466374,67.99161459730401,56.770123133765956
2026-08-14T23:23:54.098486,11805585559.5,11801030460.0,11810140659.0,9110199.0,0.07716854834590554,2.56412624,2.37753304,16.917799613802963,22.747457103632264,55.50734239344334,67.84848858489902,56.70055453818163
2026-08-14T23:23:55.688802,11805674956.5,11801030460.0,11810319453.0,9288993.0,0.07868243903230321,2.56610776,2.37679915,16.7402523582499,23.33061309585975,56.08621154589578,67.82771351511236,56.70870351689582
2026-08-14T23:23:57.296922,11805674956.5,11801030460.0,11810319453.0,9288993.0,0.07868243903230321,2.56610776,2.37679915,16.7402523582499,23.33061309585975,56.08621154589578,67.82771351511236,56.70870351689582
2026-08-14T23:23:58.889090,11805674957.0,11801030461.0,11810319453.0,9288992.0,0.07868243055846823,2.5705645,2.37679915,30.416354286676178,31.598850270032457,58.735093431693606,67.97289007906336,56.77914263055056
2026-08-14T23:24:00.462922,11805674957.0,11801030461.0,11810319453.0,9288992.0,0.07868243055846823,2.5705645,2.37679915,30.416354286676178,31.598850270032457,58.735093431693606,67.97289007906336,56.77914263055056
2026-08-14T23:24:02.049737,11805452620.5,11801030461.0,11809874780.0,8844319.0,0.07491723768931964,2.5593141,2.37753304,20.293074095092607,16.877934358044968,54.06707255231209,67.88596557021553,56.680457072240046
2026-08-14T23:24:03.645707,11805452620.0,11801030460.0,11809874780.0,8844320.0,0.07491724616315473,2.56349365,2.37753304,14.9564575481646,21.948331263813362,56.0561799802863,67.99754434859815,56.739397581089854
2026-08-14T23:24:05.611133,11805452620.5,11801030461.0,11809874780.0,8844319.0,0.07491723768931964,2.56800005,2.37753304,29.711883958508,30.533482937357377,58.69925367391855,68.14365202085432,56.8106154594321
2026-08-14T23:24:07.298313,11805452620.5,11801030461.0,11809874780.0,8844319.0,0.07491723768931964,2.56800005,2.37753304,29.711883958508,30.533482937357377,58.69925367391855,68.14365202085432,56.8106154594321
2026-08-14T23:24:08.944276,11806090555.0,11801030461.0,11811150649.0,10120188.0,0.0857200607843381,2.56898464,2.37669635,25.308271174267645,29.084650840491065,55.27810648923123,67.41082197491984,56.607942288666514
2026-08-14T23:24:10.570040,11806090555.0,11801030461.0,11811150649.0,10120188.0,0.0857200607843381,2.56898464,2.37669635,25.308271174267645,29.084650840491065,55.27810648923123,67.41082197491984,56.607942288666514
2026-08-14T23:24:12.298696,11806090555.0,11801030461.0,11811150649.0,10120188.0,0.0857200607843381,2.56898464,2.37669635,25.308271174267645,29.084650840491065,55.27810648923123,67.41082197491984,56.607942288666514
2026-08-14T23:24:13.863848,11806090555.0,11801030461.0,11811150649.0,10120188.0,0.0857200607843381,2.56903481,2.37669635,25.425878152310048,29.162319058369135,55.30726591362319,67.41230685791903,56.608680503601875
2026-08-14T23:24:15.499867,11805584630.5,11801030461.0,11810138800.0,9108339.0,0.07715279916310452,2.56904163,2.37763586,28.695577191844734,30.373781703454085,58.148846202842485,67.99649145623512,56.774810171825465
2026-08-14T23:24:17.034785,11805584630.5,11801030461.0,11810138800.0,9108339.0,0.07715279916310452,2.56904163,2.37763586,28.695577191844734,30.373781703454085,58.148846202842485,67.99649145623512,56.774810171825465
2026-08-14T23:24:18.652098,11805584630.5,11801030461.0,11810138800.0,9108339.0,0.07715279916310452,2.56904163,2.37763586,28.695577191844734,30.373781703454085,58.148846202842485,67.99649145623512,56.774810171825465
2026-08-14T23:24:20.389131,11805584630.5,11801030461.0,11810138800.0,9108339.0,0.07715279916310452,2.56904163,2.37763586,28.695577191844734,30.373781703454085,58.148846202842485,67.99649145623512,56.774810171825465
2026-08-14T23:24:21.945733,11805584630.5,11801030461.0,11810138800.0,9108339.0,0.07715279916310452,2.56904163,2.37763586,28.695577191844734,30.373781703454085,58.148846202842485,67.99649145623512,56.774810171825465
2026-08-14T23:24:23.568520,11805584635.5,11801030461.0,11810138810.0,9108349.0,0.07715288383610183,2.56551888,2.37669634,33.75955313658191,27.249146641529258,57.10411032292292,67.94745197244923,56.73886149511043
2026-08-14T23:24:25.266314,11805584635.5,11801030461.0,11810138810.0,9108349.0,0.07715288383610183,2.56921395,2.37669634,37.07184247652975,32.6745308500138,59.10964614719173,68.0652518390395,56.79691889589395
2026-08-14T23:24:26.930126,11805584635.5,11801030461.0,11810138810.0,9108349.0,0.07715288383610183,2.56921395,2.37669634,37.07184247652975,32.6745308500138,59.10964614719173,68.0652518390395,56.79691889589395
2026-08-14T23:24:28.650741,11805584635.5,11801030461.0,11810138810.0,9108349.0,0.07715288383610183,2.56921395,2.37669634,37.07184247652975,32.6745308500138,59.10964614719173,68.0652518390395,56.79691889589395
2026-08-14T23:24:30.341708,11805584715.5,11801030461.0,11810138970.0,9108509.0,0.07715423860404892,2.56922266,2.37763586,36.15464853298354,32.05097068729763,58.458667212031365,68.00776555678577,56.778953227586825
2026-08-14T23:24:31.984075,11805584715.5,11801030461.0,11810138970.0,9108509.0,0.07715423860404892,2.56922266,2.37763586,36.15464853298354,32.05097068729763,58.458667212031365,68.00776555678577,56.778953227586825
2026-08-14T23:24:33.662286,11805584715.5,11801030461.0,11810138970.0,9108509.0,0.07715423860404892,2.5743961,2.37763586,44.750337516018114,38.752997372724856,60.8793680534126,68.15732448636987,56.854766206301186
2026-08-14T23:24:35.371137,11805584715.5,11801030461.0,11810138970.0,9108509.0,0.07715423860404892,2.56927384,2.37763586,36.25276305539176,32.12444838671616,58.48408108059434,68.00925199908909,56.779704537865136
2026-08-14T23:24:37.069162,11805493374.0,11801030461.0,11809956287.0,8925826.0,0.0756073949408834,2.56926514,2.37669634,37.88107658832399,33.16379338509152,59.70443139912671,68.18194166038822,56.830870815394704
2026-08-14T23:24:38.709256,11805493374.0,11801030461.0,11809956287.0,8925826.0,0.0756073949408834,2.56926514,2.37669634,37.88107658832399,33.16379338509152,59.70443139912671,68.18194166038822,56.830870815394704
2026-08-14T23:24:40.441603,11805493374.0,11801030461.0,11809956287.0,8925826.0,0.0756073949408834,2.56926514,2.37669634,37.88107658832399,33.16379338509152,59.70443139912671,68.18194166038822,56.830870815394704
2026-08-14T23:24:42.177200,11805493374.0,11801030461.0,11809956287.0,8925826.0,0.0756073949408834,2.56926514,2.37669634,37.88107658832399,33.16379338509152,59.70443139912671,68.18194166038822,56.830870815394704
2026-08-14T23:24:43.906947,11806154016.0,11801030461.0,11811277571.0,10247110.0,0.08679464952018122,2.57320118,2.37570457,42.304092658477465,38.83038903462724,58.58331269229422,67.5355372497308,56.67050238670065
2026-08-14T23:24:45.626135,11805563665.0,11801030461.0,11810096869.0,9066408.0,0.07679775618744249,2.56573195,2.37763586,33.44889229814117,27.128718220137234,56.700309539107394,67.92248634591581,56.73155855652412
2026-08-14T23:24:48.484286,11805563665.0,11801030461.0,11810096869.0,9066408.0,0.07679775618744249,2.57517359,2.37763586,45.783647425819986,39.6793218307013,61.32741004667105,68.20581075146215,56.87370921111795
2026-08-14T23:24:50.685350,11805437696.0,11801030461.0,11809844931.0,8814470.0,0.07466449128765958,2.56999209,2.37669634,39.403401502500465,34.378021435112615,60.376816815336895,68.27281566597163,56.86171143322512
2026-08-14T23:24:52.321235,11805437696.0,11801030461.0,11809844931.0,8814470.0,0.07466449128765958,2.56999209,2.37669634,39.403401502500465,34.378021435112615,60.376816815336895,68.27281566597163,56.86171143322512
2026-08-14T23:24:54.083985,11805437696.0,11801030461.0,11809844931.0,8814470.0,0.07466449128765958,2.57004429,2.37669634,39.50143942381538,34.45075470039573,60.401163371033604,68.27431977853752,56.862476745413616
2026-08-14T23:24:55.778134,11805437696.0,11801030461.0,11809844931.0,8814470.0,0.07466449128765958,2.57004429,2.37669634,39.50143942381538,34.45075470039573,60.401163371033604,68.27431977853752,56.862476745413616
2026-08-14T23:24:57.518851,11805598609.5,11801030461.0,11810166758.0,9136297.0,0.07738952764875467,2.57197814,2.37837864,36.63446780473871,33.07387073952885,58.78132484597442,68.0073777145983,56.7952323434625
2026-08-14T23:24:59.238295,11805598609.5,11801030461.0,11810166758.0,9136297.0,0.07738952764875467,2.57197814,2.37763586,37.30711481170365,33.61880277701755,59.35659855023216,68.0599662014783,56.81179894092929
2026-08-14T23:25:00.915508,11805598609.5,11801030461.0,11810166758.0,9136297.0,0.07738952764875467,2.57197814,2.37763586,37.30711481170365,33.61880277701755,59.35659855023216,68.0599662014783,56.81179894092929
2026-08-14T23:25:02.938717,11805598609.5,11801030461.0,11810166758.0,9136297.0,0.07738952764875467,2.5625365,2.37763586,20.463497147125658,18.146862020609845,54.22129272242091,67.77444090899681,56.66930075651566
2026-08-14T23:25:04.754787,11805584630.5,11801030461.0,11810138800.0,9108339.0,0.07715279916310452,2.55873395,2.37669634,21.341606289382096,17.087465426481575,53.51456898483572,67.75781412181708,56.641202364840304
2026-08-14T23:25:06.459131,11805584631.0,11801030462.0,11810138800.0,9108338.0,0.07715279068926952,2.56772755,2.37669634,42.43787333298307,33.804025625048126,58.889497332429876,68.03663416917314,56.778698214065756
2026-08-14T23:25:08.019126,11805584631.0,11801030462.0,11810138800.0,9108338.0,0.07715279068926952,2.56772755,2.37669634,42.43787333298307,33.804025625048126,58.889497332429876,68.03663416917314,56.778698214065756
2026-08-14T23:25:09.640607,11805584631.5,11801030463.0,11810138800.0,9108337.0,0.07715278221543449,2.57281062,2.37669634,49.96075267368162,40.525582143902284,61.391844820338925,68.1908269660188,56.85509715887862
2026-08-14T23:25:11.316950,11805577514.0,11801030463.0,11810124565.0,9094102.0,0.07703225013105446,2.56434242,2.37763586,33.90324494871342,26.78766211163806,56.125743990686274,67.87019431974835,56.70719360558167
2026-08-14T23:25:12.941260,11805577514.0,11801030463.0,11810124565.0,9094102.0,0.07703225013105446,2.56739571,2.37763586,33.90324494871342,28.149522980161105,57.39647038614255,67.95883779056368,56.75352997225003
2026-08-14T23:25:14.593314,11805577514.5,11801030464.0,11810124565.0,9094101.0,0.07703224165721943,2.57623761,2.37763586,48.50496191373869,40.29328257748224,61.67075482753931,68.22153623898703,56.88495269947613
2026-08-14T23:25:16.175330,11805577514.5,11801030464.0,11810124565.0,9094101.0,0.07703224165721943,2.57623761,2.37763586,48.50496191373869,40.29328257748224,61.67075482753931,68.22153623898703,56.88495269947613
2026-08-14T23:25:17.746349,11805577514.5,11801030464.0,11810124565.0,9094101.0,0.07703224165721943,2.57115454,2.37763586,40.84076153606696,33.72429538709775,59.27466352984142,68.06800494973328,56.80870887203236
2026-08-14T23:25:19.355113,11805586051.0,11801030464.0,11810141638.0,9111174.0,0.07717680393535595,2.56250114,2.37669634,31.286194718000477,24.61253977531345,55.792266778981535,67.86702259097356,56.69630221953644
2026-08-14T23:25:21.034571,11805586051.5,11801030465.0,11810141638.0,9111173.0,0.07717679546152093,2.56736946,2.37669634,41.82624659335546,33.284340807030226,58.69943781209097,68.0243936608808,56.77291220211187
2026-08-14T23:25:22.647055,11805586049.0,11801030460.0,11810141638.0,9111178.0,0.077176837830696,2.55349826,2.37669634,1.0035794006904522,3.417260325639192,49.829925647374324,67.59778446221219,56.56217760146577
2026-08-14T23:25:24.201933,11805586052.0,11801030466.0,11810141638.0,9111172.0,0.07717678698768592,2.57657076,2.37669634,31.90084880197608,35.51856339124107,61.400497801634316,68.24208004330073,56.895766729772376
2026-08-14T23:25:25.806586,11805586731.0,11801030466.0,11810142996.0,9112530.0,0.07718828557729902,2.56369459,2.37939287,29.5694439833314,23.94800534096455,54.41123417424105,67.73095615648069,56.66067184264848
2026-08-14T23:25:27.433584,11805586731.0,11801030466.0,11810142996.0,9112530.0,0.07718828557729902,2.56369459,2.37939287,29.5694439833314,23.94800534096455,54.41123417424105,67.73095615648069,56.66067184264848
2026-08-14T23:25:29.096204,11805586731.5,11801030467.0,11810142996.0,9112529.0,0.07718827710346401,2.56861672,2.37939287,39.705150802519015,32.23294834921735,57.3131587921767,67.89002890285772,56.738036080165074
2026-08-14T23:25:30.724777,11805586728.5,11801030461.0,11810142996.0,9112535.0,0.07718832794647408,2.55977469,2.37939287,19.856628777530826,16.596823550904926,52.061734673114834,67.61529450367543,56.60281693303331
2026-08-14T23:25:32.340333,11805603891.5,11801030468.0,11810177315.0,9146847.0,0.07747885736354158,2.56637705,2.37882437,29.56051772190679,24.838331687043418,55.58720254003584,67.80798514845566,56.701217873949915
2026-08-14T23:25:33.892128,11805603887.5,11801030460.0,11810177315.0,9146855.0,0.0774789251542216,2.57150588,2.37882437,0.9158117367664208,19.644332112005593,56.37870340161687,67.90644477539406,56.76393116042189
2026-08-14T23:25:35.520003,11805603887.5,11801030460.0,11810177315.0,9146855.0,0.0774789251542216,2.56715305,2.37882437,30.768922451254603,26.02631667611352,55.99344828689243,67.83028893038005,56.71253403336114
2026-08-14T23:25:37.062865,11805603887.5,11801030460.0,11810177315.0,9146855.0,0.0774789251542216,2.56715305,2.37882437,30.768922451254603,26.02631667611352,55.99344828689243,67.83028893038005,56.71253403336114
2026-08-14T23:25:38.743555,11805603888.0,11801030461.0,11810177315.0,9146854.0,0.07747891668038659,2.57212949,2.37882437,40.81862467737509,34.06573574862157,58.76730433032581,67.99009911143197,56.790527506720046
2026-08-14T23:25:40.341530,11805598609.5,11801030461.0,11810166758.0,9136297.0,0.07738952764875467,2.56841534,2.37550783,44.250862521645,35.40265048751278,59.966128130292496,68.11127955722729,56.80640272795525
2026-08-14T23:25:41.914618,11805598609.5,11801030461.0,11810166758.0,9136297.0,0.07738952764875467,2.56841534,2.37550783,44.250862521645,35.40265048751278,59.966128130292496,68.11127955722729,56.80640272795525
2026-08-14T23:25:43.622584,11805598609.5,11801030461.0,11810166758.0,9136297.0,0.07738952764875467,2.56943977,2.37550783,45.41216596102835,36.91577577628875,60.54707690940678,68.14714914947182,56.82305362633501
2026-08-14T23:25:45.270169,11805598609.5,11801030461.0,11810166758.0,9136297.0,0.07738952764875467,2.56949469,2.37550783,45.496158025252726,36.98828649267459,60.57323790002271,68.14873895544356,56.82385939655872
2026-08-14T23:25:46.855310,11805619699.0,11801030461.0,11810208937.0,9178476.0,0.07774666840045226,2.57320062,2.37882437,41.93106840317685,35.469990114800765,59.25347898524333,68.00729998287446,56.80206969844909
2026-08-14T23:25:48.437136,11805619699.0,11801030461.0,11810208937.0,9178476.0,0.07774666840045226,2.57320062,2.37882437,41.93106840317685,35.469990114800765,59.25347898524333,68.00729998287446,56.80206969844909
2026-08-14T23:25:50.039703,11805619699.0,11801030461.0,11810208937.0,9178476.0,0.07774666840045226,2.57320062,2.37882437,41.93106840317685,35.469990114800765,59.25347898524333,68.00729998287446,56.80206969844909
2026-08-14T23:25:51.619790,11805619699.0,11801030461.0,11810208937.0,9178476.0,0.07774666840045226,2.57320062,2.37882437,41.93106840317685,35.469990114800765,59.25347898524333,68.00729998287446,56.80206969844909
2026-08-14T23:25:54.322344,11805599236.0,11801030461.0,11810168011.0,9137550.0,0.07740013714963279,2.57043461,2.37734246,43.533742441119344,35.90515835317165,59.56198728518621,68.0578480545373,56.80096281145638
2026-08-14T23:25:55.946921,11805599236.0,11801030461.0,11810168011.0,9137550.0,0.07740013714963279,2.57539799,2.37734246,50.18144019131946,41.72570198312864,61.78845468898464,68.20097210813631,56.87363873099351
2026-08-14T23:25:57.548662,11805599236.0,11801030461.0,11810168011.0,9137550.0,0.07740013714963279,2.57539799,2.37734246,50.18144019131946,41.72570198312864,61.78845468898464,68.20097210813631,56.87363873099351
2026-08-14T23:25:59.207442,11805599236.0,11801030461.0,11810168011.0,9137550.0,0.07740013714963279,2.56985161,2.37734246,42.659334474437905,35.15032003107421,59.284332467889534,68.04098132680588,56.79241745741764
2026-08-14T23:26:00.821574,11805613348.0,11801030461.0,11810196235.0,9165774.0,0.07763911734033524,2.57269646,2.37939287,40.579376558902254,34.42538775673011,58.67217647438229,67.96572149222719,56.786005605695046
2026-08-14T23:26:02.403361,11805613348.0,11801030461.0,11810196235.0,9165774.0,0.07763911734033524,2.57269646,2.37939287,40.579376558902254,34.42538775673011,58.67217647438229,67.96572149222719,56.786005605695046
2026-08-14T23:26:04.004927,11805613348.0,11801030461.0,11810196235.0,9165774.0,0.07763911734033524,2.57269646,2.37939287,40.579376558902254,34.42538775673011,58.67217647438229,67.96572149222719,56.786005605695046
2026-08-14T23:26:05.604441,11805613348.0,11801030461.0,11810196235.0,9165774.0,0.07763911734033524,2.57835427,2.37939287,48.17339752580171,40.89642338812837,61.16082411243761,68.12864768271267,56.868733084362354
2026-08-14T23:26:07.226921,11805586033.0,11801030461.0,11810141605.0,9111144.0,0.07717654993603654,2.57835427,2.37939287,48.360095125023,41.03485195096957,61.31302377317402,68.16301145726939,56.878692853492886
2026-08-14T23:26:08.831336,11805586033.0,11801030461.0,11810141605.0,9111144.0,0.07717654993603654,2.57275248,2.37939287,40.8471395407646,34.6528135751375,58.86823212524715,68.00187422178134,56.79679608973518
2026-08-14T23:26:10.451092,11805586033.0,11801030461.0,11810141605.0,9111144.0,0.07717654993603654,2.57275248,2.37939287,40.8471395407646,34.6528135751375,58.86823212524715,68.00187422178134,56.79679608973518
2026-08-14T23:26:12.114075,11805586033.0,11801030461.0,11810141605.0,9111144.0,0.07717654993603654,2.57275248,2.37939287,40.8471395407646,34.6528135751375,58.86823212524715,68.00187422178134,56.79679608973518
2026-08-14T23:26:13.721661,11805460027.5,11801030461.0,11809889594.0,8859133.0,0.07504267499414054,2.57210643,2.38227169,38.828390742288285,32.97958966414989,57.48257437886268,67.96017315512103,56.77599676494851
2026-08-14T23:26:15.278296,11805460027.0,11801030460.0,11809889594.0,8859134.0,0.07504268346797563,2.56734164,2.37939287,31.40982821790584,27.454736703398098,56.926987739811416,67.99736706099362,56.76157112131005
2026-08-14T23:26:16.918131,11805460027.5,11801030461.0,11809889594.0,8859133.0,0.07504267499414054,2.56634655,2.37939287,23.26088012548546,23.549897268583784,56.15276876845383,67.96524169107423,56.74623682869581
2026-08-14T23:26:18.755193,11805460027.5,11801030461.0,11809889594.0,8859133.0,0.07504267499414054,2.57285106,2.37939287,35.4297585154731,34.089176907992055,59.4511465706095,68.15680843452846,56.84247716982207
2026-08-14T23:26:20.382174,11805460027.5,11801030461.0,11809889594.0,8859133.0,0.07504267499414054,2.57285106,2.37939287,35.4297585154731,34.089176907992055,59.4511465706095,68.15680843452846,56.84247716982207
2026-08-14T23:26:22.029292,11805587359.0,11801030461.0,11810144257.0,9113796.0,0.07719900520707332,2.56899491,2.37493932,38.85557958430974,35.326914409688555,60.581476348923545,68.17668481003253,56.829877844076535
2026-08-14T23:26:23.707221,11805587359.0,11801030461.0,11810144257.0,9113796.0,0.07719900520707332,2.56899491,2.37493932,38.85557958430974,35.326914409688555,60.581476348923545,68.17668481003253,56.829877844076535
2026-08-14T23:26:25.313969,11805587359.0,11801030461.0,11810144257.0,9113796.0,0.07719900520707332,2.57476635,2.37493932,48.4814633367505,42.58368017995227,63.191582535173055,68.34292688075139,56.914413295114265
2026-08-14T23:26:26.908140,11805587359.0,11801030461.0,11810144257.0,9113796.0,0.07719900520707332,2.56905202,2.37493932,38.96841870450726,35.40769676270219,60.609116138405625,68.17833837403381,56.830715970791644
2026-08-14T23:26:29.490667,11805585127.0,11801030461.0,11810139793.0,9109332.0,0.07716120719138668,2.57290053,2.37939287,34.62621271394003,33.42781484510575,58.70709220805308,68.0002777300775,56.797551561564596
2026-08-14T23:26:31.272205,11805585127.0,11801030461.0,11810139793.0,9109332.0,0.07716120719138668,2.57290053,2.37939287,34.62621271394003,33.42781484510575,58.70709220805308,68.0002777300775,56.797551561564596
2026-08-14T23:26:32.914167,11805585127.0,11801030461.0,11810139793.0,9109332.0,0.07716120719138668,2.57290053,2.37922352,34.79538886063582,33.539623175883,58.8199080680772,68.01068500982599,56.800812818686055
2026-08-14T23:26:34.564197,11805585127.0,11801030461.0,11810139793.0,9109332.0,0.07716120719138668,2.57290053,2.37922352,34.79538886063582,33.539623175883,58.8199080680772,68.01068500982599,56.800812818686055
2026-08-14T23:26:36.255271,11805585127.0,11801030461.0,11810139793.0,9109332.0,0.07716120719138668,2.57295824,2.37922352,34.90377053185934,33.615289061175005,58.84685742873449,68.01235331196227,56.80165807490935
2026-08-14T23:26:38.009306,11805585127.0,11801030461.0,11810139793.0,9109332.0,0.07716120719138668,2.56383706,2.37922352,23.074727686671345,20.808062458188818,54.26655350241552,67.7468038474523,56.66764642212004
2026-08-14T23:26:39.629967,11807022355.5,11801030461.0,11813014250.0,11983789.0,0.10149713144582688,2.56896737,2.37526109,25.205494924392465,32.61810637842045,51.429250784877055,66.34282709805865,56.30536297885581
2026-08-14T23:26:41.456849,11807022355.5,11801030461.0,11813014250.0,11983789.0,0.10149713144582688,2.56896737,2.37526109,25.205494924392465,32.61810637842045,51.429250784877055,66.34282709805865,56.30536297885581
2026-08-14T23:26:43.246533,11807022355.5,11801030461.0,11813014250.0,11983789.0,0.10149713144582688,2.56896737,2.37526109,25.205494924392465,32.61810637842045,51.429250784877055,66.34282709805865,56.30536297885581
2026-08-14T23:26:44.902894,11807022355.0,11801030460.0,11813014250.0,11983790.0,0.10149713991966097,2.56338519,2.37526109,12.506713351915288,23.64422226992278,47.025056749108124,66.16395719877046,56.22089651353026
2026-08-14T23:26:46.529965,11807022355.0,11801030460.0,11813014250.0,11983790.0,0.10149713991966097,2.56338519,2.37526109,12.506713351915288,23.64422226992278,47.025056749108124,66.16395719877046,56.22089651353026
2026-08-14T23:26:48.159624,11807022355.0,11801030460.0,11813014250.0,11983790.0,0.10149713991966097,2.56371302,2.37844588,11.936686127562373,22.829727883290975,45.18102928916349,65.98085447861027,56.16379089614863
2026-08-14T23:26:49.787569,11807022355.0,11801030460.0,11813014250.0,11983790.0,0.10149713991966097,2.56429818,2.37905417,11.934335549446788,23.040063185062877,45.13989323780309,65.96579743554057,56.16247473467736
2026-08-14T23:26:51.472470,11807022355.0,11801030460.0,11813014250.0,11983790.0,0.10149713991966097,2.57306773,2.37905417,13.840423516848805,32.81483751999,50.92977617186557,66.22921595725035,56.2908741533661
2026-08-14T23:26:53.130498,11807022355.0,11801030460.0,11813014250.0,11983790.0,0.10149713991966097,2.56411427,2.37905417,5.6460846781820635,21.81315031094225,44.78938826363475,65.95641368182719,56.15888526859942
2026-08-14T23:26:54.758959,11807022355.0,11801030460.0,11813014250.0,11983790.0,0.10149713991966097,2.56411427,2.37896527,5.660510074318773,21.85422053694062,44.84770240553419,65.96173898776281,56.160573155115365
2026-08-14T23:26:56.518179,11807022354.5,11801030460.0,11813014249.0,11983789.0,0.10149713145442321,2.56411427,2.37884768,5.659069097516357,21.85011209407501,44.84187468468885,65.9612076601973,56.16045799925507
2026-08-14T23:26:58.259302,11807022354.5,11801030460.0,11813014249.0,11983789.0,0.10149713145442321,2.14934399,2.38033404,6.321589638874972,23.424024277607877,45.13764565493826,65.92118671614743,52.883496501348894
2026-08-14T23:26:59.894864,11807022354.5,11801030460.0,11813014249.0,11983789.0,0.10149713145442321,2.56411427,2.37492075,6.1939638599458755,23.703974502402314,47.5008658351176,66.19431655955299,56.23465955460563
2026-08-14T23:27:01.576257,11807022354.5,11801030460.0,11813014249.0,11983789.0,0.10149713145442321,2.56411427,2.37492075,6.1939638599458755,23.703974502402314,47.5008658351176,66.19431655955299,56.23465955460563
2026-08-14T23:27:03.257197,11807022354.5,11801030460.0,11813014249.0,11983789.0,0.10149713145442321,2.56411427,2.37492075,6.1939638599458755,23.703974502402314,47.5008658351176,66.19431655955299,56.23465955460563
2026-08-14T23:27:04.881428,11807022354.5,11801030460.0,11813014249.0,11983789.0,0.10149713145442321,2.56411427,2.37492075,6.1939638599458755,23.703974502402314,47.5008658351176,66.19431655955299,56.23465955460563
2026-08-14T23:27:06.519087,11807022354.5,11801030460.0,11813014249.0,11983789.0,0.10149713145442321,2.56411427,2.37492972,6.192218987206079,23.69909148180051,47.494257568300625,66.19377540180459,56.23448879280761
